lectura,ciudadanas,ingles,comunicacion,razonamiento
207.0,196.0,193.0,191.0,199.0
87.0,107.0,131.0,146.0,114.0
163.0,181.0,165.0,165.0,182.0
173.0,141.0,176.0,153.0,176.0
127.0,115.0,132.0,122.0,104.0
150.0,120.0,140.0,126.0,97.0
177.0,147.0,110.0,66.0,118.0
157.0,111.0,129.0,167.0,130.0
133.0,156.0,177.0,129.0,119.0
142.0,123.0,143.0,123.0,105.0
163.0,182.0,154.0,164.0,190.0
146.0,142.0,144.0,129.0,172.0
164.0,126.0,181.0,139.0,150.0
150.0,163.0,147.0,138.0,149.0
166.0,168.0,149.0,121.0,147.0
119.0,112.0,149.0,0.0,118.0
107.0,93.0,112.0,126.0,109.0
166.0,169.0,154.0,167.0,162.0
138.0,129.0,159.0,154.0,142.0
200.0,216.0,202.0,172.0,180.0
188.0,182.0,176.0,160.0,204.0
146.0,95.0,154.0,146.0,118.0
156.0,156.0,178.0,163.0,145.0
147.0,127.0,170.0,178.0,118.0
136.0,172.0,122.0,123.0,118.0
99.0,73.0,133.0,0.0,133.0
151.0,161.0,300.0,0.0,172.0
154.0,154.0,157.0,179.0,163.0
105.0,105.0,114.0,108.0,137.0
103.0,101.0,158.0,117.0,107.0
166.0,135.0,108.0,95.0,177.0
168.0,144.0,126.0,149.0,161.0
174.0,157.0,196.0,163.0,151.0
143.0,144.0,160.0,128.0,128.0
164.0,163.0,141.0,122.0,172.0
188.0,154.0,158.0,145.0,140.0
190.0,181.0,201.0,101.0,199.0
175.0,150.0,135.0,155.0,119.0
114.0,135.0,126.0,0.0,132.0
157.0,167.0,163.0,157.0,201.0
151.0,147.0,157.0,144.0,109.0
187.0,204.0,173.0,151.0,208.0
181.0,135.0,205.0,120.0,101.0
171.0,97.0,158.0,113.0,186.0
169.0,158.0,216.0,172.0,168.0
150.0,169.0,207.0,90.0,179.0
124.0,92.0,172.0,125.0,113.0
186.0,143.0,208.0,0.0,182.0
168.0,162.0,119.0,0.0,176.0
173.0,162.0,124.0,0.0,141.0
122.0,119.0,131.0,147.0,112.0
127.0,149.0,156.0,154.0,148.0
167.0,126.0,183.0,147.0,140.0
121.0,110.0,118.0,0.0,141.0
158.0,196.0,164.0,149.0,125.0
147.0,105.0,151.0,121.0,183.0
188.0,204.0,151.0,113.0,195.0
195.0,188.0,162.0,155.0,177.0
149.0,135.0,146.0,144.0,136.0
151.0,188.0,182.0,162.0,163.0
205.0,190.0,204.0,195.0,132.0
189.0,198.0,148.0,148.0,128.0
160.0,168.0,147.0,155.0,147.0
179.0,159.0,165.0,83.0,130.0
146.0,147.0,155.0,127.0,130.0
120.0,81.0,113.0,91.0,128.0
98.0,104.0,169.0,106.0,119.0
184.0,183.0,146.0,169.0,184.0
188.0,114.0,156.0,116.0,196.0
163.0,156.0,128.0,115.0,150.0
132.0,144.0,149.0,123.0,150.0
130.0,113.0,120.0,141.0,80.0
174.0,135.0,176.0,121.0,176.0
151.0,133.0,171.0,151.0,153.0
172.0,112.0,153.0,108.0,134.0
164.0,170.0,157.0,115.0,167.0
161.0,97.0,172.0,146.0,110.0
167.0,154.0,151.0,132.0,127.0
138.0,132.0,148.0,123.0,165.0
202.0,186.0,184.0,126.0,144.0
142.0,144.0,167.0,179.0,155.0
158.0,158.0,157.0,171.0,158.0
165.0,154.0,150.0,122.0,188.0
190.0,179.0,171.0,153.0,164.0
143.0,95.0,141.0,126.0,154.0
160.0,162.0,205.0,160.0,171.0
97.0,120.0,117.0,126.0,98.0
157.0,118.0,178.0,124.0,116.0
204.0,179.0,215.0,170.0,137.0
151.0,153.0,159.0,114.0,184.0
174.0,173.0,142.0,146.0,170.0
134.0,118.0,156.0,121.0,130.0
103.0,115.0,116.0,148.0,124.0
196.0,150.0,185.0,153.0,181.0
148.0,151.0,184.0,134.0,137.0
131.0,129.0,145.0,122.0,122.0
137.0,107.0,131.0,0.0,159.0
173.0,150.0,145.0,148.0,126.0
132.0,155.0,147.0,125.0,115.0
138.0,120.0,148.0,133.0,130.0
140.0,126.0,188.0,119.0,165.0
216.0,188.0,220.0,117.0,225.0
143.0,164.0,137.0,119.0,136.0
158.0,176.0,137.0,132.0,141.0
123.0,118.0,114.0,130.0,107.0
157.0,182.0,125.0,152.0,159.0
130.0,106.0,161.0,165.0,121.0
139.0,115.0,138.0,150.0,114.0
131.0,112.0,162.0,0.0,121.0
115.0,107.0,136.0,163.0,92.0
147.0,131.0,115.0,128.0,133.0
171.0,188.0,169.0,128.0,198.0
169.0,144.0,107.0,169.0,170.0
126.0,120.0,130.0,110.0,147.0
185.0,145.0,123.0,169.0,135.0
157.0,142.0,158.0,172.0,184.0
110.0,131.0,97.0,127.0,99.0
116.0,79.0,93.0,126.0,64.0
132.0,88.0,118.0,142.0,125.0
187.0,198.0,195.0,155.0,146.0
151.0,156.0,207.0,124.0,155.0
195.0,215.0,135.0,175.0,182.0
116.0,148.0,139.0,166.0,136.0
156.0,150.0,188.0,157.0,131.0
170.0,149.0,160.0,117.0,173.0
202.0,175.0,184.0,152.0,171.0
89.0,108.0,124.0,119.0,104.0
177.0,137.0,162.0,162.0,151.0
208.0,192.0,221.0,151.0,208.0
143.0,127.0,159.0,128.0,93.0
183.0,141.0,188.0,158.0,127.0
157.0,174.0,156.0,121.0,124.0
145.0,167.0,142.0,182.0,164.0
167.0,153.0,199.0,121.0,170.0
80.0,139.0,190.0,170.0,205.0
127.0,142.0,111.0,173.0,60.0
202.0,203.0,180.0,154.0,155.0
184.0,153.0,156.0,125.0,170.0
199.0,180.0,210.0,155.0,203.0
168.0,119.0,113.0,115.0,163.0
183.0,217.0,189.0,165.0,198.0
92.0,101.0,128.0,113.0,112.0
171.0,136.0,135.0,124.0,164.0
146.0,93.0,140.0,163.0,128.0
121.0,104.0,170.0,144.0,114.0
128.0,90.0,166.0,153.0,175.0
209.0,210.0,148.0,160.0,77.0
146.0,138.0,191.0,133.0,105.0
111.0,95.0,118.0,118.0,151.0
145.0,136.0,158.0,178.0,126.0
175.0,177.0,138.0,173.0,150.0
187.0,169.0,204.0,153.0,154.0
111.0,115.0,98.0,0.0,92.0
166.0,161.0,194.0,162.0,169.0
171.0,171.0,183.0,177.0,185.0
186.0,185.0,167.0,167.0,200.0
180.0,175.0,162.0,149.0,149.0
174.0,141.0,132.0,174.0,129.0
137.0,144.0,133.0,120.0,113.0
172.0,202.0,148.0,300.0,157.0
165.0,100.0,141.0,128.0,122.0
158.0,110.0,110.0,112.0,133.0
100.0,122.0,131.0,70.0,113.0
113.0,103.0,164.0,149.0,147.0
170.0,186.0,164.0,121.0,164.0
151.0,154.0,180.0,169.0,138.0
142.0,140.0,168.0,0.0,113.0
182.0,183.0,178.0,154.0,179.0
125.0,175.0,124.0,164.0,156.0
175.0,177.0,211.0,0.0,158.0
180.0,193.0,141.0,168.0,160.0
144.0,85.0,140.0,0.0,92.0
111.0,93.0,105.0,78.0,116.0
83.0,98.0,141.0,145.0,94.0
180.0,165.0,142.0,97.0,164.0
128.0,125.0,162.0,151.0,159.0
164.0,188.0,161.0,121.0,169.0
151.0,132.0,187.0,165.0,159.0
0.0,0.0,0.0,0.0,0.0
118.0,82.0,127.0,109.0,90.0
151.0,122.0,163.0,165.0,121.0
118.0,153.0,153.0,163.0,144.0
109.0,114.0,154.0,166.0,149.0
131.0,143.0,130.0,155.0,124.0
121.0,114.0,101.0,0.0,106.0
120.0,81.0,157.0,129.0,126.0
162.0,137.0,168.0,126.0,148.0
198.0,210.0,193.0,169.0,100.0
219.0,190.0,205.0,131.0,174.0
177.0,192.0,187.0,175.0,200.0
163.0,191.0,135.0,124.0,169.0
136.0,138.0,166.0,167.0,126.0
158.0,152.0,135.0,154.0,112.0
135.0,120.0,125.0,169.0,125.0
150.0,117.0,120.0,116.0,158.0
199.0,171.0,203.0,167.0,142.0
214.0,300.0,228.0,168.0,201.0
170.0,169.0,189.0,0.0,163.0
115.0,104.0,134.0,77.0,84.0
169.0,148.0,180.0,116.0,178.0
160.0,156.0,116.0,143.0,143.0
135.0,142.0,151.0,92.0,113.0
151.0,175.0,172.0,0.0,156.0
107.0,121.0,115.0,86.0,80.0
122.0,132.0,129.0,0.0,108.0
209.0,215.0,215.0,183.0,300.0
175.0,169.0,185.0,118.0,150.0
144.0,123.0,116.0,130.0,96.0
116.0,107.0,133.0,123.0,134.0
109.0,95.0,141.0,0.0,122.0
188.0,195.0,224.0,153.0,192.0
116.0,79.0,103.0,123.0,128.0
202.0,188.0,196.0,121.0,152.0
163.0,146.0,160.0,154.0,169.0
191.0,129.0,199.0,125.0,181.0
147.0,105.0,138.0,154.0,154.0
116.0,135.0,105.0,122.0,104.0
151.0,145.0,121.0,162.0,134.0
168.0,158.0,170.0,160.0,167.0
181.0,175.0,163.0,117.0,158.0
131.0,122.0,147.0,133.0,114.0
171.0,173.0,157.0,151.0,145.0
116.0,132.0,149.0,153.0,118.0
140.0,174.0,128.0,152.0,137.0
192.0,181.0,147.0,122.0,153.0
189.0,195.0,132.0,212.0,72.0
130.0,120.0,149.0,136.0,154.0
122.0,133.0,75.0,114.0,118.0
111.0,135.0,135.0,116.0,93.0
154.0,133.0,170.0,0.0,161.0
144.0,136.0,178.0,170.0,136.0
181.0,151.0,176.0,169.0,141.0
122.0,110.0,136.0,145.0,116.0
134.0,142.0,136.0,120.0,154.0
184.0,177.0,153.0,170.0,188.0
161.0,187.0,163.0,110.0,153.0
148.0,176.0,147.0,156.0,153.0
120.0,123.0,143.0,0.0,101.0
94.0,105.0,100.0,114.0,90.0
134.0,159.0,160.0,147.0,182.0
125.0,149.0,129.0,101.0,115.0
120.0,121.0,135.0,124.0,89.0
153.0,162.0,142.0,158.0,150.0
88.0,113.0,116.0,179.0,91.0
179.0,109.0,161.0,115.0,126.0
178.0,161.0,120.0,161.0,172.0
116.0,0.0,0.0,148.0,130.0
101.0,172.0,162.0,174.0,128.0
156.0,102.0,108.0,124.0,153.0
141.0,102.0,128.0,114.0,126.0
148.0,139.0,94.0,120.0,115.0
94.0,98.0,128.0,72.0,118.0
144.0,179.0,167.0,130.0,130.0
131.0,145.0,145.0,165.0,118.0
156.0,111.0,185.0,164.0,152.0
215.0,214.0,195.0,175.0,190.0
173.0,162.0,162.0,111.0,146.0
137.0,132.0,126.0,118.0,133.0
164.0,150.0,179.0,128.0,131.0
149.0,126.0,192.0,123.0,141.0
150.0,146.0,156.0,166.0,146.0
184.0,184.0,300.0,167.0,223.0
158.0,138.0,152.0,146.0,165.0
135.0,133.0,116.0,156.0,126.0
217.0,198.0,213.0,173.0,224.0
152.0,154.0,154.0,126.0,109.0
153.0,170.0,167.0,121.0,168.0
195.0,220.0,187.0,154.0,134.0
152.0,155.0,127.0,124.0,112.0
130.0,118.0,163.0,125.0,103.0
111.0,126.0,121.0,124.0,108.0
163.0,88.0,144.0,125.0,140.0
214.0,181.0,181.0,173.0,166.0
121.0,121.0,118.0,125.0,132.0
138.0,92.0,164.0,83.0,163.0
209.0,213.0,227.0,179.0,196.0
159.0,176.0,158.0,169.0,148.0
136.0,146.0,123.0,128.0,114.0
173.0,206.0,178.0,181.0,179.0
138.0,149.0,169.0,114.0,120.0
158.0,149.0,154.0,124.0,165.0
144.0,141.0,111.0,128.0,110.0
169.0,137.0,199.0,158.0,176.0
123.0,127.0,110.0,117.0,86.0
145.0,178.0,134.0,115.0,164.0
120.0,138.0,123.0,153.0,107.0
167.0,170.0,152.0,97.0,141.0
196.0,219.0,193.0,166.0,163.0
192.0,140.0,146.0,174.0,167.0
134.0,100.0,128.0,127.0,108.0
116.0,91.0,108.0,0.0,123.0
172.0,168.0,184.0,173.0,115.0
156.0,84.0,133.0,0.0,142.0
118.0,129.0,129.0,121.0,114.0
188.0,199.0,191.0,131.0,185.0
133.0,113.0,115.0,155.0,114.0
206.0,211.0,205.0,181.0,199.0
188.0,178.0,182.0,129.0,185.0
122.0,112.0,126.0,125.0,144.0
207.0,189.0,189.0,147.0,215.0
173.0,144.0,153.0,147.0,157.0
107.0,100.0,127.0,149.0,119.0
168.0,166.0,193.0,191.0,150.0
105.0,91.0,99.0,137.0,83.0
111.0,126.0,143.0,135.0,83.0
141.0,119.0,208.0,165.0,194.0
189.0,166.0,169.0,153.0,181.0
142.0,136.0,169.0,124.0,117.0
161.0,153.0,211.0,186.0,142.0
210.0,225.0,173.0,145.0,198.0
132.0,76.0,127.0,115.0,166.0
161.0,156.0,145.0,160.0,140.0
177.0,180.0,192.0,142.0,208.0
127.0,141.0,160.0,133.0,132.0
178.0,162.0,117.0,133.0,171.0
141.0,141.0,170.0,152.0,134.0
163.0,165.0,163.0,164.0,134.0
111.0,134.0,143.0,126.0,110.0
147.0,148.0,146.0,158.0,135.0
154.0,135.0,160.0,120.0,150.0
174.0,185.0,183.0,149.0,133.0
189.0,185.0,172.0,161.0,164.0
159.0,135.0,157.0,124.0,171.0
131.0,122.0,126.0,77.0,131.0
211.0,200.0,199.0,172.0,213.0
162.0,121.0,154.0,155.0,158.0
162.0,128.0,155.0,153.0,161.0
142.0,122.0,182.0,178.0,122.0
158.0,141.0,190.0,148.0,143.0
164.0,150.0,190.0,155.0,123.0
117.0,143.0,111.0,0.0,117.0
156.0,127.0,149.0,83.0,166.0
193.0,221.0,210.0,176.0,201.0
146.0,156.0,119.0,189.0,109.0
172.0,168.0,166.0,141.0,164.0
117.0,132.0,82.0,93.0,128.0
204.0,196.0,179.0,137.0,226.0
123.0,89.0,109.0,94.0,125.0
166.0,131.0,131.0,178.0,119.0
148.0,140.0,152.0,116.0,121.0
165.0,164.0,181.0,124.0,95.0
171.0,179.0,150.0,130.0,161.0
125.0,114.0,130.0,90.0,125.0
195.0,190.0,182.0,174.0,201.0
142.0,99.0,122.0,126.0,102.0
196.0,166.0,205.0,169.0,177.0
165.0,150.0,180.0,184.0,127.0
113.0,90.0,134.0,140.0,85.0
170.0,156.0,127.0,125.0,177.0
108.0,82.0,109.0,114.0,133.0
134.0,134.0,153.0,111.0,134.0
157.0,124.0,151.0,146.0,151.0
199.0,182.0,182.0,167.0,205.0
208.0,197.0,181.0,122.0,218.0
202.0,216.0,228.0,178.0,181.0
193.0,179.0,198.0,169.0,158.0
114.0,78.0,107.0,117.0,124.0
115.0,98.0,105.0,107.0,133.0
185.0,178.0,145.0,146.0,111.0
108.0,139.0,132.0,110.0,115.0
135.0,133.0,118.0,155.0,135.0
188.0,144.0,141.0,131.0,181.0
150.0,159.0,140.0,115.0,104.0
109.0,100.0,99.0,86.0,100.0
146.0,187.0,148.0,127.0,149.0
127.0,90.0,122.0,177.0,102.0
137.0,130.0,134.0,126.0,200.0
128.0,108.0,132.0,86.0,101.0
172.0,185.0,157.0,120.0,175.0
136.0,139.0,155.0,177.0,106.0
176.0,176.0,210.0,149.0,160.0
115.0,122.0,141.0,165.0,91.0
131.0,112.0,155.0,177.0,126.0
117.0,80.0,126.0,161.0,98.0
186.0,146.0,155.0,167.0,157.0
196.0,154.0,197.0,139.0,182.0
106.0,85.0,155.0,122.0,112.0
149.0,147.0,158.0,153.0,147.0
128.0,102.0,122.0,122.0,99.0
172.0,161.0,191.0,133.0,118.0
160.0,162.0,153.0,177.0,131.0
123.0,144.0,149.0,125.0,155.0
175.0,166.0,111.0,201.0,168.0
146.0,137.0,118.0,90.0,119.0
156.0,173.0,156.0,123.0,124.0
143.0,167.0,143.0,116.0,155.0
201.0,193.0,193.0,150.0,176.0
125.0,116.0,150.0,0.0,153.0
171.0,156.0,152.0,170.0,180.0
186.0,145.0,126.0,122.0,142.0
175.0,205.0,300.0,166.0,165.0
208.0,232.0,195.0,163.0,203.0
211.0,234.0,300.0,170.0,184.0
133.0,103.0,142.0,146.0,116.0
117.0,111.0,147.0,172.0,108.0
149.0,192.0,201.0,131.0,193.0
140.0,141.0,149.0,119.0,136.0
165.0,171.0,155.0,121.0,195.0
150.0,146.0,136.0,147.0,159.0
137.0,138.0,136.0,122.0,112.0
112.0,100.0,105.0,127.0,105.0
120.0,84.0,164.0,0.0,151.0
145.0,114.0,176.0,132.0,92.0
114.0,95.0,148.0,166.0,133.0
148.0,170.0,151.0,160.0,165.0
154.0,157.0,126.0,122.0,93.0
123.0,94.0,150.0,148.0,139.0
142.0,123.0,155.0,181.0,115.0
112.0,93.0,124.0,116.0,98.0
155.0,142.0,141.0,89.0,121.0
142.0,168.0,148.0,128.0,186.0
124.0,89.0,130.0,89.0,121.0
182.0,204.0,213.0,182.0,183.0
194.0,204.0,198.0,154.0,163.0
213.0,208.0,164.0,110.0,187.0
112.0,93.0,125.0,120.0,90.0
154.0,117.0,129.0,159.0,122.0
182.0,173.0,167.0,114.0,169.0
120.0,127.0,140.0,148.0,125.0
142.0,162.0,143.0,128.0,112.0
159.0,156.0,146.0,113.0,151.0
124.0,143.0,114.0,158.0,124.0
196.0,200.0,188.0,173.0,172.0
148.0,185.0,174.0,165.0,167.0
192.0,213.0,149.0,179.0,171.0
133.0,148.0,181.0,115.0,142.0
165.0,165.0,153.0,133.0,164.0
129.0,108.0,142.0,149.0,80.0
172.0,158.0,159.0,140.0,116.0
89.0,99.0,105.0,0.0,74.0
150.0,142.0,161.0,163.0,140.0
143.0,177.0,196.0,124.0,145.0
129.0,111.0,139.0,89.0,134.0
167.0,175.0,171.0,104.0,157.0
153.0,130.0,164.0,200.0,174.0
117.0,103.0,114.0,164.0,81.0
139.0,93.0,145.0,127.0,134.0
182.0,184.0,207.0,157.0,141.0
127.0,172.0,157.0,149.0,132.0
134.0,135.0,119.0,131.0,130.0
141.0,169.0,159.0,124.0,174.0
139.0,103.0,149.0,153.0,155.0
182.0,161.0,166.0,105.0,153.0
133.0,90.0,110.0,0.0,107.0
142.0,122.0,142.0,121.0,124.0
119.0,110.0,149.0,118.0,123.0
97.0,83.0,117.0,124.0,115.0
112.0,161.0,163.0,118.0,172.0
117.0,126.0,134.0,161.0,111.0
164.0,176.0,181.0,115.0,204.0
194.0,160.0,155.0,153.0,167.0
170.0,163.0,182.0,155.0,152.0
140.0,135.0,130.0,150.0,152.0
153.0,167.0,179.0,132.0,161.0
186.0,205.0,213.0,147.0,151.0
120.0,150.0,127.0,157.0,114.0
202.0,168.0,211.0,116.0,194.0
142.0,187.0,163.0,139.0,118.0
103.0,118.0,107.0,109.0,122.0
134.0,165.0,129.0,118.0,91.0
152.0,146.0,139.0,149.0,77.0
110.0,91.0,123.0,128.0,108.0
205.0,213.0,300.0,169.0,189.0
206.0,203.0,196.0,181.0,221.0
184.0,155.0,171.0,142.0,131.0
212.0,200.0,300.0,154.0,217.0
150.0,149.0,124.0,146.0,147.0
163.0,143.0,131.0,174.0,113.0
103.0,106.0,136.0,157.0,117.0
152.0,151.0,140.0,183.0,111.0
136.0,160.0,160.0,163.0,161.0
178.0,197.0,187.0,189.0,131.0
151.0,166.0,152.0,152.0,176.0
110.0,140.0,97.0,129.0,143.0
153.0,140.0,179.0,118.0,173.0
143.0,97.0,150.0,155.0,169.0
98.0,122.0,134.0,129.0,117.0
179.0,191.0,179.0,117.0,177.0
207.0,192.0,174.0,157.0,199.0
132.0,138.0,125.0,118.0,103.0
164.0,124.0,134.0,136.0,137.0
164.0,163.0,176.0,167.0,172.0
150.0,128.0,153.0,96.0,101.0
113.0,100.0,93.0,136.0,116.0
110.0,117.0,119.0,146.0,92.0
129.0,106.0,159.0,117.0,133.0
199.0,162.0,178.0,0.0,204.0
127.0,146.0,162.0,138.0,141.0
109.0,99.0,133.0,0.0,98.0
230.0,207.0,300.0,150.0,175.0
96.0,100.0,133.0,0.0,104.0
150.0,167.0,192.0,120.0,174.0
133.0,192.0,110.0,137.0,135.0
170.0,210.0,208.0,158.0,182.0
116.0,130.0,116.0,0.0,147.0
162.0,181.0,163.0,170.0,190.0
160.0,126.0,125.0,0.0,130.0
151.0,160.0,192.0,117.0,134.0
208.0,199.0,196.0,150.0,201.0
164.0,161.0,154.0,145.0,121.0
124.0,142.0,170.0,162.0,109.0
172.0,136.0,189.0,136.0,194.0
187.0,160.0,161.0,110.0,111.0
167.0,136.0,141.0,124.0,160.0
165.0,166.0,102.0,117.0,134.0
216.0,193.0,224.0,156.0,177.0
108.0,94.0,104.0,113.0,116.0
150.0,151.0,146.0,161.0,184.0
178.0,159.0,144.0,170.0,152.0
148.0,153.0,140.0,134.0,118.0
127.0,135.0,151.0,0.0,177.0
162.0,138.0,149.0,90.0,125.0
171.0,171.0,156.0,164.0,132.0
166.0,180.0,170.0,200.0,169.0
230.0,213.0,300.0,162.0,185.0
133.0,145.0,150.0,114.0,122.0
129.0,123.0,165.0,171.0,102.0
190.0,198.0,212.0,191.0,186.0
185.0,207.0,163.0,118.0,157.0
128.0,112.0,145.0,161.0,116.0
152.0,148.0,174.0,155.0,183.0
157.0,161.0,165.0,158.0,206.0
98.0,114.0,134.0,154.0,102.0
114.0,102.0,153.0,169.0,74.0
187.0,205.0,108.0,145.0,189.0
84.0,84.0,176.0,141.0,140.0
153.0,168.0,149.0,147.0,158.0
154.0,105.0,161.0,165.0,120.0
174.0,140.0,168.0,151.0,177.0
176.0,163.0,187.0,124.0,213.0
147.0,125.0,145.0,145.0,118.0
141.0,155.0,129.0,152.0,129.0
134.0,126.0,135.0,147.0,163.0
120.0,156.0,170.0,147.0,127.0
130.0,86.0,130.0,127.0,109.0
183.0,235.0,187.0,178.0,189.0
134.0,172.0,165.0,119.0,159.0
77.0,102.0,113.0,123.0,84.0
123.0,114.0,137.0,129.0,93.0
106.0,90.0,103.0,116.0,101.0
135.0,86.0,125.0,139.0,125.0
147.0,139.0,162.0,118.0,116.0
181.0,173.0,183.0,164.0,218.0
152.0,126.0,111.0,162.0,123.0
130.0,138.0,174.0,158.0,130.0
131.0,150.0,113.0,143.0,150.0
159.0,143.0,135.0,124.0,122.0
97.0,86.0,124.0,69.0,116.0
181.0,174.0,183.0,137.0,161.0
224.0,167.0,197.0,177.0,213.0
147.0,102.0,113.0,0.0,89.0
152.0,171.0,196.0,144.0,176.0
131.0,110.0,122.0,122.0,137.0
104.0,117.0,118.0,124.0,95.0
108.0,98.0,106.0,117.0,133.0
155.0,160.0,158.0,136.0,171.0
109.0,97.0,150.0,141.0,128.0
140.0,153.0,178.0,149.0,177.0
113.0,117.0,114.0,0.0,132.0
130.0,117.0,183.0,78.0,137.0
156.0,110.0,143.0,118.0,147.0
105.0,117.0,134.0,83.0,76.0
108.0,141.0,135.0,112.0,136.0
179.0,155.0,170.0,173.0,167.0
174.0,124.0,150.0,143.0,170.0
119.0,125.0,194.0,122.0,137.0
134.0,167.0,168.0,121.0,157.0
136.0,134.0,165.0,155.0,147.0
158.0,117.0,220.0,112.0,91.0
96.0,126.0,144.0,151.0,88.0
166.0,161.0,163.0,176.0,110.0
177.0,133.0,146.0,149.0,155.0
185.0,197.0,202.0,168.0,138.0
147.0,156.0,97.0,118.0,149.0
128.0,148.0,133.0,178.0,126.0
119.0,120.0,109.0,0.0,100.0
102.0,112.0,132.0,170.0,101.0
169.0,179.0,159.0,183.0,214.0
190.0,201.0,175.0,175.0,187.0
165.0,176.0,149.0,152.0,158.0
141.0,113.0,181.0,133.0,139.0
116.0,140.0,146.0,124.0,127.0
177.0,148.0,209.0,164.0,172.0
178.0,126.0,203.0,172.0,176.0
164.0,179.0,159.0,128.0,141.0
186.0,166.0,132.0,162.0,139.0
136.0,131.0,154.0,150.0,148.0
155.0,152.0,156.0,151.0,166.0
164.0,133.0,143.0,127.0,110.0
183.0,177.0,190.0,164.0,109.0
179.0,136.0,182.0,168.0,190.0
146.0,169.0,160.0,149.0,167.0
143.0,164.0,140.0,168.0,146.0
145.0,109.0,130.0,125.0,129.0
175.0,171.0,138.0,127.0,166.0
126.0,105.0,174.0,130.0,161.0
152.0,136.0,149.0,126.0,152.0
93.0,132.0,115.0,130.0,107.0
171.0,161.0,132.0,87.0,193.0
198.0,191.0,179.0,160.0,126.0
168.0,144.0,148.0,163.0,129.0
119.0,139.0,138.0,132.0,158.0
174.0,165.0,132.0,0.0,154.0
114.0,128.0,126.0,157.0,127.0
151.0,152.0,159.0,133.0,133.0
173.0,162.0,197.0,154.0,167.0
176.0,200.0,203.0,169.0,183.0
176.0,165.0,168.0,128.0,172.0
118.0,106.0,122.0,113.0,125.0
165.0,148.0,197.0,166.0,213.0
157.0,144.0,166.0,170.0,154.0
199.0,184.0,187.0,207.0,199.0
176.0,125.0,187.0,155.0,148.0
132.0,96.0,140.0,116.0,107.0
205.0,207.0,231.0,129.0,222.0
179.0,180.0,148.0,158.0,166.0
147.0,160.0,136.0,164.0,152.0
146.0,145.0,122.0,157.0,130.0
137.0,174.0,157.0,86.0,123.0
134.0,158.0,186.0,123.0,157.0
143.0,139.0,131.0,157.0,119.0
137.0,146.0,123.0,0.0,148.0
161.0,102.0,145.0,0.0,113.0
123.0,127.0,144.0,124.0,120.0
125.0,136.0,143.0,181.0,137.0
168.0,155.0,154.0,149.0,142.0
161.0,161.0,146.0,164.0,130.0
116.0,124.0,114.0,118.0,127.0
121.0,125.0,151.0,121.0,87.0
0.0,0.0,0.0,0.0,173.0
140.0,134.0,110.0,144.0,126.0
154.0,171.0,152.0,167.0,168.0
138.0,138.0,166.0,116.0,145.0
120.0,94.0,107.0,170.0,137.0
147.0,151.0,197.0,119.0,128.0
164.0,150.0,193.0,174.0,168.0
144.0,111.0,94.0,127.0,134.0
161.0,171.0,200.0,173.0,150.0
173.0,158.0,196.0,157.0,152.0
146.0,159.0,166.0,119.0,191.0
155.0,180.0,152.0,173.0,131.0
96.0,89.0,165.0,80.0,124.0
144.0,153.0,122.0,170.0,139.0
141.0,131.0,143.0,124.0,147.0
195.0,197.0,216.0,158.0,229.0
140.0,177.0,138.0,117.0,152.0
183.0,182.0,151.0,160.0,153.0
136.0,159.0,137.0,130.0,151.0
125.0,168.0,130.0,82.0,127.0
119.0,152.0,105.0,175.0,109.0
128.0,120.0,137.0,155.0,99.0
132.0,175.0,153.0,113.0,116.0
133.0,87.0,151.0,117.0,111.0
160.0,132.0,163.0,121.0,135.0
130.0,143.0,123.0,153.0,140.0
140.0,144.0,119.0,115.0,132.0
128.0,127.0,140.0,149.0,199.0
110.0,104.0,136.0,124.0,106.0
165.0,163.0,152.0,125.0,162.0
181.0,140.0,180.0,164.0,158.0
170.0,149.0,107.0,117.0,89.0
162.0,145.0,143.0,0.0,128.0
199.0,164.0,147.0,100.0,148.0
147.0,112.0,145.0,154.0,138.0
159.0,180.0,158.0,117.0,186.0
201.0,185.0,177.0,149.0,161.0
115.0,125.0,148.0,120.0,130.0
197.0,202.0,176.0,120.0,207.0
146.0,153.0,163.0,118.0,113.0
138.0,134.0,199.0,153.0,122.0
133.0,111.0,115.0,0.0,94.0
173.0,196.0,193.0,163.0,174.0
199.0,181.0,223.0,187.0,201.0
129.0,125.0,116.0,177.0,118.0
146.0,163.0,115.0,0.0,138.0
122.0,118.0,137.0,82.0,133.0
138.0,185.0,166.0,123.0,187.0
163.0,146.0,173.0,174.0,100.0
143.0,85.0,118.0,148.0,146.0
99.0,109.0,145.0,120.0,88.0
146.0,138.0,111.0,151.0,128.0
189.0,169.0,149.0,123.0,136.0
169.0,157.0,160.0,170.0,192.0
111.0,83.0,120.0,0.0,99.0
112.0,101.0,128.0,146.0,145.0
93.0,104.0,121.0,142.0,100.0
136.0,139.0,160.0,162.0,146.0
174.0,149.0,157.0,158.0,156.0
148.0,123.0,136.0,158.0,145.0
177.0,88.0,192.0,0.0,190.0
144.0,123.0,149.0,149.0,133.0
147.0,119.0,118.0,151.0,104.0
187.0,170.0,205.0,183.0,155.0
155.0,83.0,113.0,136.0,157.0
183.0,138.0,199.0,148.0,165.0
190.0,216.0,198.0,114.0,183.0
185.0,93.0,164.0,130.0,146.0
174.0,148.0,113.0,152.0,142.0
156.0,132.0,123.0,128.0,170.0
141.0,148.0,164.0,134.0,145.0
212.0,228.0,201.0,165.0,193.0
115.0,145.0,170.0,138.0,163.0
127.0,128.0,126.0,122.0,101.0
171.0,113.0,149.0,174.0,120.0
166.0,138.0,122.0,166.0,139.0
156.0,101.0,138.0,179.0,133.0
179.0,200.0,175.0,128.0,166.0
178.0,200.0,202.0,182.0,201.0
146.0,152.0,141.0,152.0,150.0
180.0,191.0,216.0,128.0,179.0
155.0,164.0,140.0,111.0,131.0
113.0,89.0,86.0,148.0,161.0
172.0,167.0,164.0,130.0,177.0
134.0,112.0,123.0,124.0,117.0
194.0,167.0,208.0,142.0,107.0
195.0,191.0,147.0,155.0,170.0
136.0,114.0,141.0,79.0,112.0
178.0,127.0,157.0,121.0,159.0
157.0,141.0,198.0,156.0,200.0
115.0,94.0,132.0,134.0,89.0
182.0,145.0,134.0,169.0,135.0
149.0,135.0,154.0,160.0,187.0
212.0,217.0,207.0,158.0,194.0
145.0,125.0,132.0,175.0,122.0
158.0,156.0,150.0,150.0,151.0
168.0,155.0,129.0,0.0,170.0
116.0,106.0,124.0,152.0,90.0
161.0,134.0,158.0,165.0,158.0
177.0,120.0,202.0,153.0,176.0
185.0,153.0,199.0,170.0,202.0
137.0,144.0,144.0,171.0,126.0
144.0,121.0,110.0,117.0,136.0
204.0,190.0,147.0,127.0,145.0
213.0,132.0,175.0,0.0,187.0
118.0,81.0,139.0,92.0,99.0
166.0,192.0,120.0,120.0,153.0
89.0,99.0,117.0,157.0,99.0
106.0,153.0,156.0,184.0,113.0
186.0,197.0,121.0,146.0,149.0
155.0,132.0,161.0,171.0,185.0
174.0,152.0,124.0,144.0,143.0
150.0,168.0,153.0,0.0,161.0
152.0,132.0,158.0,174.0,129.0
161.0,149.0,134.0,141.0,141.0
181.0,164.0,217.0,143.0,174.0
132.0,132.0,110.0,0.0,120.0
119.0,113.0,151.0,142.0,155.0
148.0,140.0,154.0,123.0,137.0
98.0,169.0,129.0,115.0,129.0
192.0,190.0,163.0,91.0,164.0
108.0,97.0,170.0,128.0,94.0
116.0,122.0,114.0,70.0,86.0
160.0,159.0,167.0,113.0,158.0
86.0,76.0,102.0,163.0,160.0
157.0,168.0,160.0,115.0,164.0
141.0,100.0,131.0,181.0,106.0
201.0,201.0,187.0,117.0,196.0
208.0,198.0,202.0,161.0,208.0
121.0,69.0,133.0,123.0,68.0
103.0,106.0,120.0,113.0,115.0
142.0,170.0,138.0,84.0,139.0
132.0,154.0,123.0,146.0,157.0
141.0,133.0,108.0,167.0,136.0
138.0,144.0,142.0,81.0,159.0
159.0,134.0,174.0,112.0,114.0
144.0,130.0,151.0,146.0,132.0
150.0,179.0,160.0,153.0,144.0
178.0,218.0,205.0,127.0,183.0
148.0,126.0,155.0,105.0,143.0
158.0,112.0,146.0,159.0,104.0
147.0,152.0,126.0,146.0,153.0
134.0,106.0,149.0,159.0,153.0
150.0,115.0,154.0,149.0,88.0
175.0,159.0,154.0,148.0,179.0
120.0,105.0,154.0,101.0,104.0
123.0,124.0,104.0,117.0,144.0
165.0,159.0,150.0,0.0,118.0
143.0,147.0,160.0,107.0,115.0
117.0,87.0,129.0,114.0,119.0
184.0,152.0,180.0,166.0,176.0
152.0,134.0,130.0,69.0,119.0
183.0,163.0,143.0,151.0,150.0
207.0,209.0,300.0,300.0,196.0
184.0,150.0,161.0,133.0,173.0
151.0,166.0,147.0,126.0,162.0
134.0,118.0,148.0,149.0,120.0
115.0,92.0,103.0,119.0,117.0
158.0,157.0,207.0,116.0,153.0
152.0,143.0,115.0,159.0,117.0
159.0,174.0,138.0,162.0,137.0
175.0,174.0,180.0,167.0,203.0
119.0,131.0,128.0,162.0,160.0
100.0,100.0,123.0,86.0,94.0
200.0,186.0,224.0,145.0,197.0
83.0,129.0,184.0,129.0,99.0
192.0,300.0,300.0,162.0,177.0
151.0,205.0,163.0,164.0,174.0
124.0,104.0,139.0,112.0,150.0
187.0,163.0,136.0,145.0,171.0
128.0,113.0,140.0,109.0,104.0
164.0,163.0,160.0,144.0,191.0
179.0,176.0,150.0,180.0,144.0
168.0,173.0,197.0,148.0,170.0
120.0,150.0,153.0,144.0,107.0
172.0,198.0,187.0,149.0,155.0
163.0,143.0,125.0,117.0,155.0
162.0,155.0,137.0,124.0,164.0
226.0,215.0,228.0,167.0,197.0
149.0,137.0,127.0,127.0,108.0
152.0,140.0,134.0,160.0,144.0
172.0,174.0,142.0,122.0,156.0
111.0,118.0,146.0,125.0,93.0
185.0,218.0,172.0,173.0,172.0
192.0,121.0,140.0,131.0,156.0
131.0,129.0,129.0,119.0,120.0
167.0,162.0,177.0,97.0,108.0
144.0,124.0,205.0,164.0,120.0
215.0,202.0,162.0,170.0,207.0
175.0,179.0,166.0,160.0,161.0
199.0,185.0,184.0,166.0,199.0
104.0,119.0,113.0,117.0,84.0
149.0,167.0,181.0,172.0,164.0
138.0,125.0,126.0,157.0,148.0
184.0,168.0,160.0,127.0,180.0
156.0,125.0,150.0,168.0,119.0
195.0,166.0,161.0,93.0,138.0
130.0,166.0,160.0,129.0,148.0
193.0,170.0,164.0,89.0,163.0
130.0,112.0,110.0,0.0,143.0
129.0,131.0,144.0,0.0,106.0
197.0,208.0,184.0,116.0,226.0
134.0,154.0,148.0,121.0,110.0
122.0,129.0,142.0,181.0,122.0
158.0,135.0,159.0,168.0,137.0
184.0,182.0,163.0,114.0,163.0
135.0,117.0,119.0,115.0,145.0
178.0,187.0,209.0,101.0,172.0
176.0,141.0,172.0,0.0,147.0
194.0,223.0,204.0,170.0,156.0
131.0,130.0,142.0,130.0,138.0
125.0,103.0,139.0,165.0,146.0
210.0,195.0,227.0,165.0,203.0
101.0,104.0,93.0,120.0,137.0
161.0,124.0,177.0,158.0,182.0
142.0,91.0,139.0,145.0,180.0
119.0,147.0,140.0,0.0,136.0
148.0,112.0,122.0,127.0,142.0
167.0,208.0,225.0,189.0,206.0
134.0,110.0,120.0,92.0,126.0
163.0,140.0,187.0,121.0,158.0
179.0,187.0,153.0,161.0,177.0
153.0,105.0,126.0,168.0,154.0
150.0,104.0,138.0,160.0,133.0
129.0,99.0,164.0,142.0,178.0
143.0,134.0,147.0,149.0,122.0
97.0,75.0,171.0,134.0,140.0
154.0,153.0,143.0,160.0,191.0
172.0,190.0,158.0,121.0,145.0
212.0,208.0,300.0,155.0,196.0
130.0,145.0,151.0,125.0,177.0
135.0,144.0,139.0,125.0,140.0
136.0,139.0,139.0,123.0,138.0
176.0,157.0,181.0,164.0,140.0
115.0,118.0,85.0,140.0,155.0
147.0,157.0,189.0,122.0,137.0
165.0,157.0,144.0,110.0,153.0
184.0,157.0,188.0,149.0,183.0
187.0,114.0,159.0,125.0,170.0
171.0,165.0,158.0,146.0,147.0
141.0,153.0,178.0,152.0,157.0
129.0,97.0,157.0,134.0,118.0
138.0,184.0,193.0,181.0,156.0
137.0,108.0,183.0,124.0,102.0
182.0,123.0,173.0,137.0,151.0
165.0,153.0,111.0,157.0,118.0
161.0,176.0,202.0,139.0,166.0
169.0,185.0,166.0,150.0,181.0
129.0,138.0,139.0,144.0,160.0
121.0,161.0,144.0,172.0,101.0
162.0,179.0,201.0,148.0,174.0
185.0,197.0,184.0,124.0,179.0
173.0,183.0,220.0,175.0,151.0
184.0,191.0,182.0,174.0,173.0
115.0,106.0,113.0,151.0,102.0
168.0,115.0,141.0,150.0,146.0
143.0,138.0,164.0,116.0,178.0
161.0,166.0,211.0,168.0,132.0
183.0,133.0,184.0,148.0,200.0
102.0,104.0,143.0,0.0,119.0
174.0,183.0,168.0,143.0,165.0
119.0,104.0,137.0,117.0,118.0
164.0,107.0,140.0,135.0,128.0
194.0,185.0,210.0,123.0,199.0
130.0,142.0,139.0,94.0,135.0
99.0,113.0,118.0,138.0,117.0
125.0,151.0,117.0,160.0,128.0
234.0,194.0,206.0,194.0,208.0
199.0,125.0,153.0,150.0,124.0
191.0,153.0,170.0,124.0,187.0
121.0,121.0,148.0,184.0,110.0
107.0,155.0,153.0,153.0,133.0
180.0,164.0,206.0,167.0,170.0
167.0,167.0,162.0,197.0,192.0
125.0,125.0,132.0,98.0,131.0
142.0,115.0,130.0,175.0,108.0
135.0,87.0,97.0,116.0,109.0
158.0,122.0,150.0,160.0,150.0
178.0,185.0,300.0,176.0,177.0
143.0,172.0,171.0,191.0,172.0
133.0,157.0,151.0,191.0,110.0
184.0,174.0,167.0,166.0,155.0
89.0,151.0,190.0,0.0,178.0
173.0,196.0,189.0,164.0,166.0
161.0,132.0,104.0,126.0,167.0
160.0,170.0,100.0,121.0,168.0
130.0,141.0,126.0,128.0,119.0
184.0,188.0,197.0,153.0,147.0
148.0,158.0,172.0,147.0,122.0
174.0,152.0,203.0,130.0,124.0
135.0,117.0,168.0,0.0,122.0
202.0,180.0,198.0,169.0,211.0
137.0,136.0,111.0,122.0,121.0
145.0,141.0,116.0,123.0,149.0
157.0,140.0,189.0,149.0,174.0
145.0,125.0,152.0,117.0,126.0
158.0,160.0,168.0,155.0,152.0
127.0,97.0,129.0,147.0,94.0
160.0,140.0,122.0,117.0,153.0
159.0,190.0,197.0,171.0,200.0
122.0,146.0,120.0,130.0,130.0
130.0,130.0,119.0,125.0,144.0
105.0,115.0,123.0,118.0,130.0
177.0,157.0,169.0,119.0,152.0
143.0,121.0,156.0,132.0,163.0
188.0,164.0,152.0,153.0,178.0
193.0,201.0,130.0,133.0,153.0
116.0,144.0,97.0,151.0,163.0
89.0,90.0,124.0,121.0,143.0
149.0,133.0,120.0,86.0,131.0
146.0,122.0,170.0,120.0,144.0
209.0,195.0,228.0,147.0,168.0
137.0,124.0,130.0,122.0,111.0
117.0,118.0,133.0,119.0,103.0
117.0,100.0,113.0,143.0,115.0
151.0,164.0,155.0,168.0,134.0
91.0,87.0,108.0,97.0,80.0
105.0,99.0,110.0,125.0,140.0
143.0,137.0,132.0,147.0,149.0
194.0,111.0,223.0,0.0,172.0
116.0,107.0,130.0,122.0,112.0
155.0,110.0,111.0,121.0,143.0
148.0,156.0,154.0,152.0,140.0
179.0,179.0,216.0,164.0,165.0
171.0,176.0,170.0,140.0,97.0
128.0,94.0,143.0,113.0,115.0
195.0,147.0,175.0,0.0,152.0
150.0,171.0,157.0,144.0,199.0
228.0,216.0,225.0,177.0,190.0
135.0,165.0,149.0,106.0,165.0
159.0,183.0,122.0,300.0,136.0
174.0,153.0,127.0,125.0,151.0
138.0,128.0,134.0,157.0,162.0
135.0,133.0,126.0,169.0,176.0
122.0,119.0,133.0,86.0,186.0
132.0,129.0,141.0,113.0,105.0
180.0,183.0,150.0,149.0,132.0
152.0,194.0,142.0,145.0,172.0
136.0,107.0,162.0,146.0,156.0
164.0,159.0,131.0,109.0,144.0
162.0,157.0,134.0,158.0,107.0
152.0,172.0,173.0,174.0,157.0
195.0,186.0,163.0,120.0,150.0
154.0,167.0,179.0,138.0,117.0
170.0,150.0,151.0,178.0,146.0
154.0,181.0,208.0,163.0,182.0
145.0,161.0,141.0,170.0,132.0
182.0,170.0,166.0,143.0,155.0
157.0,174.0,189.0,152.0,192.0
117.0,102.0,128.0,154.0,103.0
103.0,81.0,142.0,163.0,157.0
173.0,195.0,171.0,153.0,161.0
106.0,90.0,92.0,115.0,115.0
173.0,157.0,127.0,172.0,155.0
193.0,160.0,201.0,167.0,170.0
127.0,147.0,140.0,110.0,165.0
201.0,182.0,182.0,150.0,180.0
135.0,152.0,142.0,90.0,140.0
173.0,163.0,168.0,108.0,121.0
109.0,92.0,165.0,0.0,112.0
111.0,82.0,130.0,163.0,123.0
203.0,171.0,210.0,167.0,188.0
176.0,167.0,202.0,167.0,108.0
176.0,145.0,143.0,171.0,159.0
175.0,177.0,177.0,175.0,192.0
145.0,101.0,136.0,151.0,99.0
206.0,189.0,207.0,199.0,180.0
172.0,121.0,158.0,146.0,157.0
110.0,115.0,120.0,129.0,124.0
175.0,148.0,103.0,0.0,143.0
131.0,175.0,148.0,152.0,136.0
110.0,80.0,106.0,0.0,98.0
170.0,177.0,160.0,155.0,117.0
165.0,157.0,139.0,0.0,194.0
95.0,79.0,123.0,74.0,103.0
179.0,126.0,155.0,194.0,212.0
143.0,122.0,139.0,126.0,145.0
151.0,133.0,145.0,176.0,130.0
185.0,157.0,167.0,120.0,143.0
140.0,141.0,147.0,177.0,119.0
202.0,167.0,199.0,113.0,147.0
162.0,148.0,148.0,163.0,140.0
119.0,116.0,143.0,128.0,132.0
165.0,193.0,178.0,164.0,116.0
184.0,168.0,220.0,85.0,187.0
153.0,149.0,151.0,170.0,114.0
175.0,187.0,190.0,173.0,164.0
117.0,122.0,114.0,114.0,93.0
148.0,119.0,159.0,173.0,134.0
170.0,142.0,143.0,0.0,152.0
162.0,72.0,193.0,175.0,142.0
151.0,100.0,133.0,167.0,136.0
140.0,147.0,144.0,109.0,162.0
159.0,173.0,157.0,167.0,150.0
160.0,151.0,127.0,184.0,139.0
177.0,142.0,183.0,174.0,103.0
158.0,168.0,120.0,103.0,134.0
187.0,172.0,208.0,164.0,193.0
161.0,168.0,165.0,176.0,169.0
143.0,120.0,179.0,110.0,109.0
137.0,105.0,139.0,126.0,108.0
184.0,165.0,94.0,167.0,195.0
124.0,100.0,113.0,149.0,104.0
112.0,98.0,94.0,151.0,108.0
129.0,112.0,167.0,0.0,132.0
129.0,143.0,139.0,155.0,150.0
148.0,143.0,154.0,155.0,109.0
178.0,163.0,157.0,123.0,166.0
194.0,168.0,194.0,153.0,133.0
146.0,149.0,136.0,144.0,156.0
166.0,173.0,189.0,0.0,111.0
198.0,178.0,164.0,175.0,174.0
142.0,128.0,165.0,121.0,120.0
120.0,134.0,126.0,116.0,163.0
160.0,154.0,202.0,159.0,99.0
138.0,180.0,138.0,153.0,179.0
126.0,142.0,139.0,115.0,145.0
130.0,132.0,118.0,153.0,134.0
153.0,114.0,120.0,123.0,103.0
155.0,154.0,159.0,111.0,137.0
121.0,87.0,104.0,117.0,96.0
166.0,187.0,147.0,116.0,212.0
179.0,159.0,116.0,125.0,135.0
160.0,159.0,175.0,155.0,128.0
140.0,143.0,129.0,139.0,127.0
176.0,153.0,172.0,131.0,71.0
141.0,123.0,142.0,134.0,115.0
178.0,157.0,188.0,172.0,109.0
171.0,150.0,198.0,129.0,135.0
171.0,185.0,172.0,149.0,143.0
152.0,200.0,134.0,116.0,120.0
142.0,127.0,136.0,122.0,127.0
201.0,213.0,205.0,93.0,141.0
136.0,119.0,143.0,88.0,129.0
148.0,150.0,119.0,123.0,146.0
182.0,147.0,148.0,120.0,152.0
138.0,148.0,146.0,178.0,124.0
122.0,91.0,155.0,124.0,166.0
143.0,150.0,97.0,145.0,127.0
170.0,183.0,139.0,182.0,178.0
163.0,175.0,144.0,165.0,182.0
141.0,147.0,159.0,183.0,142.0
144.0,127.0,143.0,115.0,136.0
136.0,170.0,151.0,110.0,151.0
151.0,130.0,150.0,149.0,145.0
196.0,183.0,195.0,167.0,182.0
200.0,157.0,209.0,153.0,195.0
151.0,153.0,156.0,126.0,163.0
148.0,137.0,140.0,145.0,99.0
164.0,165.0,129.0,168.0,119.0
218.0,180.0,155.0,83.0,202.0
139.0,147.0,174.0,152.0,153.0
115.0,126.0,130.0,152.0,114.0
106.0,83.0,110.0,117.0,85.0
201.0,210.0,200.0,191.0,300.0
151.0,160.0,207.0,152.0,132.0
155.0,143.0,114.0,134.0,153.0
178.0,175.0,182.0,171.0,217.0
121.0,110.0,114.0,131.0,98.0
185.0,152.0,206.0,127.0,196.0
150.0,166.0,170.0,173.0,137.0
188.0,184.0,195.0,212.0,194.0
93.0,139.0,158.0,101.0,124.0
173.0,180.0,155.0,131.0,127.0
115.0,139.0,157.0,143.0,132.0
127.0,113.0,125.0,123.0,127.0
150.0,133.0,175.0,156.0,175.0
145.0,125.0,185.0,162.0,136.0
105.0,91.0,115.0,118.0,140.0
147.0,178.0,180.0,155.0,173.0
136.0,181.0,167.0,155.0,142.0
166.0,144.0,132.0,124.0,174.0
196.0,167.0,175.0,116.0,184.0
196.0,176.0,166.0,154.0,166.0
163.0,98.0,147.0,151.0,166.0
129.0,139.0,145.0,96.0,128.0
117.0,131.0,152.0,0.0,128.0
142.0,116.0,131.0,126.0,139.0
131.0,77.0,97.0,0.0,128.0
109.0,136.0,125.0,148.0,145.0
117.0,103.0,146.0,155.0,95.0
188.0,177.0,189.0,167.0,127.0
169.0,161.0,140.0,85.0,147.0
126.0,121.0,135.0,0.0,100.0
220.0,201.0,205.0,164.0,160.0
172.0,154.0,140.0,157.0,148.0
104.0,105.0,143.0,0.0,113.0
177.0,70.0,162.0,145.0,119.0
115.0,128.0,116.0,114.0,95.0
143.0,160.0,123.0,112.0,138.0
158.0,149.0,189.0,155.0,140.0
161.0,75.0,137.0,173.0,155.0
150.0,166.0,162.0,0.0,149.0
174.0,151.0,175.0,153.0,156.0
207.0,189.0,176.0,157.0,158.0
152.0,187.0,179.0,162.0,161.0
123.0,86.0,148.0,157.0,160.0
142.0,123.0,119.0,122.0,156.0
111.0,143.0,138.0,135.0,144.0
174.0,190.0,204.0,173.0,173.0
140.0,121.0,174.0,150.0,134.0
149.0,124.0,127.0,129.0,163.0
101.0,64.0,109.0,107.0,109.0
199.0,213.0,228.0,197.0,187.0
155.0,131.0,133.0,119.0,96.0
109.0,127.0,137.0,127.0,135.0
89.0,116.0,118.0,128.0,130.0
179.0,195.0,219.0,170.0,300.0
187.0,127.0,153.0,125.0,133.0
114.0,130.0,188.0,168.0,138.0
145.0,116.0,168.0,173.0,167.0
168.0,156.0,116.0,156.0,151.0
108.0,113.0,146.0,126.0,129.0
124.0,124.0,144.0,167.0,133.0
171.0,181.0,223.0,151.0,162.0
196.0,175.0,191.0,187.0,201.0
142.0,160.0,150.0,163.0,152.0
125.0,130.0,187.0,162.0,150.0
148.0,129.0,144.0,168.0,145.0
107.0,103.0,82.0,123.0,118.0
103.0,111.0,116.0,161.0,118.0
150.0,103.0,193.0,146.0,148.0
129.0,93.0,153.0,91.0,147.0
200.0,186.0,186.0,120.0,169.0
169.0,172.0,151.0,175.0,204.0
219.0,194.0,196.0,160.0,213.0
122.0,135.0,123.0,149.0,126.0
208.0,205.0,196.0,152.0,177.0
175.0,173.0,161.0,141.0,124.0
172.0,146.0,174.0,113.0,179.0
159.0,138.0,118.0,159.0,153.0
105.0,84.0,119.0,152.0,82.0
142.0,102.0,130.0,156.0,98.0
170.0,155.0,173.0,152.0,111.0
128.0,138.0,206.0,164.0,112.0
202.0,190.0,115.0,172.0,150.0
105.0,102.0,110.0,128.0,109.0
105.0,79.0,149.0,129.0,80.0
123.0,139.0,120.0,145.0,128.0
156.0,117.0,163.0,142.0,138.0
179.0,156.0,182.0,179.0,194.0
161.0,159.0,142.0,0.0,140.0
157.0,136.0,161.0,149.0,139.0
112.0,160.0,171.0,152.0,158.0
144.0,161.0,124.0,138.0,158.0
121.0,95.0,115.0,118.0,130.0
159.0,170.0,188.0,177.0,139.0
185.0,157.0,197.0,176.0,156.0
171.0,191.0,170.0,144.0,130.0
113.0,95.0,161.0,116.0,114.0
134.0,102.0,165.0,143.0,112.0
167.0,175.0,157.0,167.0,174.0
100.0,124.0,96.0,131.0,97.0
158.0,154.0,186.0,150.0,225.0
172.0,172.0,214.0,158.0,86.0
177.0,85.0,170.0,162.0,169.0
159.0,122.0,168.0,128.0,112.0
133.0,134.0,142.0,116.0,125.0
140.0,90.0,94.0,141.0,93.0
126.0,137.0,153.0,120.0,153.0
104.0,156.0,129.0,126.0,109.0
162.0,163.0,157.0,121.0,149.0
169.0,201.0,199.0,139.0,167.0
153.0,142.0,170.0,146.0,151.0
154.0,189.0,188.0,122.0,165.0
171.0,207.0,300.0,171.0,186.0
124.0,96.0,130.0,121.0,115.0
128.0,162.0,118.0,112.0,118.0
167.0,134.0,159.0,163.0,179.0
114.0,135.0,107.0,150.0,110.0
152.0,166.0,141.0,101.0,153.0
161.0,152.0,133.0,104.0,139.0
138.0,120.0,171.0,172.0,173.0
115.0,121.0,133.0,132.0,107.0
156.0,123.0,185.0,116.0,82.0
153.0,154.0,164.0,171.0,162.0
140.0,127.0,141.0,0.0,131.0
181.0,164.0,196.0,120.0,138.0
133.0,141.0,139.0,154.0,159.0
141.0,182.0,153.0,118.0,140.0
167.0,172.0,198.0,158.0,184.0
164.0,135.0,167.0,160.0,89.0
150.0,136.0,139.0,183.0,105.0
173.0,203.0,169.0,118.0,178.0
183.0,192.0,160.0,169.0,120.0
121.0,138.0,139.0,159.0,78.0
107.0,136.0,143.0,0.0,146.0
163.0,147.0,118.0,0.0,107.0
157.0,149.0,182.0,142.0,185.0
145.0,109.0,139.0,0.0,143.0
157.0,167.0,158.0,121.0,162.0
143.0,145.0,146.0,176.0,88.0
132.0,107.0,131.0,144.0,116.0
123.0,114.0,125.0,162.0,114.0
192.0,196.0,194.0,170.0,191.0
155.0,160.0,216.0,179.0,179.0
160.0,192.0,164.0,117.0,173.0
184.0,183.0,172.0,151.0,165.0
153.0,159.0,113.0,165.0,151.0
136.0,137.0,142.0,126.0,141.0
185.0,152.0,164.0,158.0,161.0
196.0,194.0,148.0,130.0,129.0
146.0,166.0,143.0,150.0,148.0
161.0,168.0,192.0,166.0,167.0
145.0,114.0,97.0,174.0,186.0
89.0,88.0,99.0,168.0,130.0
202.0,183.0,184.0,176.0,147.0
127.0,127.0,142.0,136.0,104.0
148.0,142.0,179.0,153.0,147.0
173.0,154.0,181.0,98.0,183.0
147.0,130.0,160.0,95.0,151.0
129.0,112.0,115.0,119.0,105.0
136.0,113.0,130.0,166.0,145.0
171.0,181.0,165.0,116.0,178.0
174.0,174.0,157.0,166.0,155.0
182.0,179.0,175.0,159.0,170.0
151.0,142.0,155.0,119.0,131.0
152.0,106.0,161.0,164.0,164.0
190.0,181.0,173.0,122.0,163.0
143.0,152.0,148.0,0.0,118.0
162.0,156.0,158.0,118.0,130.0
178.0,156.0,162.0,172.0,158.0
181.0,173.0,170.0,151.0,199.0
183.0,174.0,151.0,159.0,149.0
163.0,162.0,186.0,128.0,181.0
137.0,138.0,144.0,122.0,141.0
187.0,203.0,157.0,158.0,201.0
169.0,132.0,194.0,123.0,133.0
147.0,168.0,214.0,158.0,137.0
198.0,206.0,182.0,178.0,168.0
172.0,205.0,180.0,161.0,165.0
143.0,158.0,135.0,150.0,153.0
127.0,164.0,119.0,172.0,135.0
104.0,107.0,121.0,93.0,87.0
170.0,174.0,196.0,139.0,210.0
175.0,131.0,151.0,163.0,150.0
140.0,153.0,161.0,160.0,121.0
154.0,133.0,137.0,166.0,125.0
110.0,135.0,134.0,185.0,115.0
131.0,158.0,101.0,131.0,129.0
147.0,124.0,140.0,125.0,150.0
173.0,185.0,164.0,126.0,158.0
97.0,91.0,103.0,0.0,76.0
178.0,164.0,210.0,155.0,126.0
150.0,146.0,110.0,180.0,156.0
129.0,148.0,162.0,136.0,117.0
152.0,146.0,151.0,167.0,150.0
149.0,150.0,145.0,159.0,121.0
170.0,122.0,102.0,0.0,149.0
100.0,112.0,121.0,153.0,98.0
179.0,175.0,181.0,181.0,181.0
196.0,195.0,154.0,146.0,164.0
115.0,104.0,109.0,0.0,131.0
123.0,138.0,137.0,154.0,147.0
166.0,190.0,208.0,68.0,162.0
175.0,88.0,164.0,154.0,190.0
138.0,158.0,139.0,120.0,184.0
132.0,113.0,105.0,123.0,90.0
171.0,154.0,196.0,174.0,166.0
158.0,204.0,200.0,167.0,184.0
141.0,89.0,120.0,171.0,105.0
145.0,123.0,103.0,0.0,118.0
152.0,171.0,158.0,129.0,170.0
139.0,132.0,149.0,145.0,152.0
164.0,176.0,167.0,160.0,195.0
159.0,164.0,201.0,185.0,165.0
166.0,181.0,115.0,188.0,144.0
93.0,119.0,147.0,121.0,103.0
126.0,129.0,173.0,120.0,115.0
175.0,167.0,182.0,149.0,149.0
114.0,125.0,117.0,122.0,137.0
138.0,144.0,128.0,128.0,105.0
177.0,156.0,129.0,197.0,159.0
195.0,200.0,187.0,164.0,176.0
137.0,127.0,159.0,126.0,180.0
98.0,107.0,117.0,115.0,132.0
118.0,147.0,120.0,176.0,137.0
203.0,90.0,200.0,201.0,164.0
168.0,126.0,162.0,0.0,142.0
149.0,131.0,105.0,121.0,141.0
141.0,154.0,156.0,78.0,155.0
124.0,99.0,161.0,169.0,142.0
218.0,208.0,300.0,170.0,207.0
99.0,110.0,122.0,108.0,143.0
150.0,103.0,127.0,170.0,118.0
184.0,179.0,205.0,164.0,205.0
151.0,121.0,149.0,109.0,159.0
157.0,138.0,151.0,140.0,98.0
157.0,149.0,154.0,135.0,133.0
120.0,136.0,135.0,124.0,123.0
101.0,78.0,122.0,145.0,93.0
163.0,141.0,179.0,123.0,117.0
196.0,191.0,207.0,157.0,181.0
155.0,133.0,192.0,136.0,101.0
177.0,140.0,161.0,140.0,148.0
142.0,127.0,114.0,118.0,126.0
133.0,100.0,128.0,187.0,104.0
133.0,153.0,150.0,156.0,175.0
184.0,169.0,220.0,146.0,176.0
167.0,162.0,162.0,85.0,174.0
175.0,151.0,172.0,96.0,163.0
205.0,180.0,215.0,173.0,151.0
162.0,145.0,150.0,150.0,118.0
204.0,209.0,158.0,159.0,172.0
135.0,116.0,156.0,150.0,149.0
103.0,93.0,176.0,0.0,162.0
152.0,167.0,127.0,0.0,146.0
191.0,150.0,207.0,127.0,157.0
138.0,107.0,146.0,149.0,194.0
185.0,178.0,150.0,168.0,178.0
154.0,154.0,166.0,122.0,151.0
163.0,143.0,183.0,113.0,171.0
182.0,187.0,212.0,146.0,190.0
193.0,205.0,198.0,148.0,177.0
200.0,163.0,192.0,129.0,139.0
163.0,144.0,129.0,180.0,138.0
174.0,172.0,199.0,132.0,164.0
156.0,97.0,155.0,148.0,129.0
106.0,103.0,148.0,101.0,133.0
109.0,94.0,111.0,131.0,100.0
152.0,124.0,114.0,109.0,115.0
171.0,143.0,167.0,169.0,179.0
157.0,130.0,132.0,162.0,151.0
135.0,159.0,166.0,79.0,163.0
135.0,143.0,124.0,127.0,134.0
154.0,118.0,139.0,126.0,114.0
140.0,159.0,146.0,150.0,156.0
151.0,176.0,190.0,185.0,140.0
154.0,157.0,169.0,147.0,161.0
146.0,164.0,132.0,125.0,143.0
177.0,174.0,178.0,124.0,122.0
154.0,153.0,129.0,116.0,106.0
143.0,129.0,108.0,106.0,150.0
154.0,131.0,153.0,147.0,150.0
143.0,109.0,107.0,113.0,82.0
111.0,147.0,139.0,118.0,112.0
148.0,202.0,119.0,0.0,143.0
157.0,159.0,146.0,171.0,156.0
127.0,119.0,151.0,127.0,97.0
183.0,187.0,194.0,141.0,175.0
100.0,104.0,123.0,114.0,110.0
107.0,107.0,117.0,139.0,110.0
171.0,168.0,164.0,131.0,158.0
144.0,154.0,121.0,195.0,133.0
174.0,165.0,184.0,150.0,187.0
151.0,211.0,130.0,157.0,147.0
152.0,148.0,82.0,112.0,133.0
161.0,152.0,182.0,300.0,156.0
143.0,142.0,173.0,169.0,125.0
153.0,111.0,155.0,179.0,145.0
172.0,172.0,173.0,149.0,166.0
103.0,102.0,159.0,137.0,116.0
180.0,181.0,181.0,167.0,118.0
135.0,167.0,139.0,147.0,165.0
163.0,129.0,123.0,0.0,83.0
131.0,148.0,126.0,126.0,102.0
145.0,153.0,117.0,147.0,132.0
176.0,171.0,158.0,162.0,185.0
135.0,154.0,158.0,122.0,139.0
165.0,122.0,176.0,123.0,127.0
141.0,161.0,159.0,150.0,158.0
183.0,190.0,164.0,133.0,152.0
147.0,105.0,98.0,123.0,164.0
133.0,136.0,171.0,159.0,156.0
182.0,176.0,177.0,168.0,192.0
197.0,221.0,226.0,203.0,191.0
105.0,105.0,120.0,112.0,101.0
119.0,124.0,161.0,89.0,132.0
187.0,177.0,228.0,169.0,146.0
165.0,168.0,150.0,169.0,127.0
173.0,186.0,147.0,163.0,167.0
166.0,134.0,129.0,0.0,136.0
191.0,180.0,213.0,195.0,176.0
185.0,195.0,207.0,138.0,160.0
185.0,157.0,167.0,153.0,187.0
158.0,108.0,101.0,175.0,138.0
172.0,163.0,150.0,121.0,177.0
134.0,167.0,160.0,159.0,148.0
98.0,92.0,107.0,0.0,94.0
169.0,174.0,162.0,148.0,143.0
148.0,153.0,145.0,165.0,120.0
147.0,119.0,147.0,97.0,139.0
166.0,120.0,158.0,114.0,131.0
103.0,128.0,209.0,157.0,208.0
152.0,156.0,149.0,141.0,127.0
198.0,175.0,190.0,300.0,205.0
163.0,166.0,126.0,167.0,137.0
165.0,149.0,175.0,118.0,139.0
141.0,140.0,163.0,142.0,151.0
175.0,152.0,138.0,169.0,195.0
156.0,133.0,176.0,169.0,186.0
170.0,133.0,179.0,151.0,118.0
124.0,107.0,133.0,164.0,142.0
164.0,168.0,153.0,113.0,159.0
156.0,134.0,137.0,152.0,176.0
158.0,118.0,117.0,120.0,117.0
200.0,192.0,211.0,167.0,144.0
176.0,186.0,181.0,157.0,136.0
151.0,114.0,126.0,170.0,88.0
194.0,185.0,190.0,174.0,214.0
154.0,155.0,160.0,123.0,95.0
135.0,145.0,135.0,93.0,141.0
139.0,102.0,132.0,125.0,114.0
168.0,112.0,97.0,112.0,160.0
207.0,197.0,189.0,162.0,190.0
103.0,126.0,109.0,145.0,141.0
131.0,137.0,122.0,128.0,137.0
172.0,152.0,83.0,157.0,148.0
149.0,169.0,164.0,151.0,146.0
179.0,141.0,162.0,175.0,173.0
171.0,158.0,164.0,159.0,169.0
190.0,219.0,162.0,173.0,185.0
175.0,143.0,142.0,169.0,133.0
181.0,188.0,167.0,131.0,154.0
130.0,139.0,170.0,122.0,120.0
201.0,172.0,156.0,149.0,167.0
153.0,184.0,114.0,164.0,130.0
171.0,160.0,176.0,83.0,173.0
210.0,208.0,173.0,146.0,174.0
207.0,216.0,217.0,115.0,203.0
153.0,132.0,123.0,147.0,126.0
132.0,145.0,128.0,90.0,84.0
147.0,105.0,132.0,132.0,151.0
135.0,98.0,161.0,135.0,156.0
140.0,108.0,148.0,146.0,141.0
131.0,143.0,120.0,0.0,72.0
204.0,199.0,205.0,190.0,147.0
163.0,156.0,184.0,171.0,171.0
120.0,143.0,113.0,127.0,127.0
141.0,146.0,165.0,156.0,149.0
163.0,155.0,139.0,114.0,135.0
180.0,146.0,163.0,180.0,158.0
106.0,82.0,119.0,123.0,124.0
149.0,192.0,169.0,120.0,214.0
164.0,143.0,300.0,181.0,155.0
161.0,167.0,172.0,112.0,117.0
136.0,147.0,142.0,141.0,191.0
178.0,164.0,223.0,160.0,182.0
94.0,67.0,122.0,125.0,81.0
150.0,175.0,161.0,149.0,167.0
154.0,209.0,134.0,156.0,138.0
113.0,108.0,123.0,106.0,89.0
166.0,150.0,148.0,158.0,160.0
138.0,95.0,145.0,169.0,97.0
165.0,189.0,172.0,181.0,139.0
193.0,178.0,172.0,167.0,165.0
99.0,79.0,140.0,130.0,88.0
181.0,188.0,170.0,93.0,139.0
174.0,157.0,164.0,129.0,164.0
123.0,87.0,136.0,156.0,93.0
153.0,129.0,138.0,127.0,140.0
128.0,119.0,147.0,124.0,119.0
134.0,126.0,130.0,172.0,144.0
167.0,203.0,165.0,146.0,162.0
161.0,186.0,167.0,129.0,181.0
212.0,205.0,226.0,148.0,206.0
168.0,146.0,141.0,119.0,111.0
154.0,131.0,155.0,158.0,154.0
123.0,121.0,134.0,78.0,123.0
157.0,204.0,114.0,175.0,158.0
175.0,133.0,185.0,156.0,127.0
107.0,125.0,151.0,168.0,118.0
107.0,145.0,110.0,142.0,125.0
140.0,125.0,156.0,135.0,132.0
142.0,169.0,139.0,128.0,129.0
126.0,114.0,129.0,118.0,156.0
124.0,86.0,103.0,142.0,79.0
200.0,191.0,177.0,167.0,142.0
164.0,132.0,158.0,172.0,159.0
145.0,104.0,131.0,71.0,122.0
111.0,136.0,135.0,140.0,95.0
106.0,107.0,135.0,120.0,118.0
189.0,165.0,152.0,150.0,179.0
169.0,161.0,202.0,115.0,182.0
141.0,121.0,154.0,127.0,156.0
145.0,108.0,131.0,150.0,133.0
208.0,196.0,188.0,126.0,157.0
113.0,127.0,148.0,0.0,123.0
122.0,91.0,116.0,125.0,101.0
163.0,143.0,195.0,87.0,161.0
96.0,93.0,104.0,130.0,127.0
112.0,127.0,122.0,0.0,113.0
117.0,119.0,192.0,122.0,94.0
149.0,151.0,171.0,124.0,152.0
110.0,127.0,128.0,113.0,130.0
105.0,143.0,102.0,143.0,86.0
166.0,82.0,120.0,0.0,117.0
162.0,173.0,143.0,148.0,172.0
188.0,213.0,211.0,165.0,184.0
157.0,123.0,143.0,151.0,160.0
143.0,142.0,114.0,103.0,117.0
163.0,175.0,184.0,197.0,183.0
137.0,130.0,129.0,133.0,182.0
200.0,107.0,183.0,144.0,170.0
188.0,182.0,191.0,130.0,156.0
135.0,151.0,131.0,158.0,150.0
145.0,172.0,156.0,115.0,175.0
171.0,181.0,199.0,156.0,182.0
143.0,145.0,147.0,166.0,111.0
110.0,126.0,148.0,124.0,110.0
136.0,137.0,115.0,0.0,124.0
163.0,163.0,182.0,183.0,145.0
187.0,163.0,197.0,163.0,169.0
226.0,131.0,208.0,160.0,212.0
143.0,159.0,154.0,119.0,84.0
182.0,173.0,92.0,157.0,93.0
113.0,93.0,108.0,0.0,95.0
127.0,137.0,130.0,154.0,138.0
213.0,189.0,225.0,134.0,300.0
163.0,161.0,150.0,144.0,131.0
152.0,131.0,172.0,168.0,180.0
124.0,142.0,142.0,139.0,167.0
123.0,92.0,176.0,177.0,184.0
178.0,176.0,155.0,193.0,149.0
174.0,166.0,175.0,120.0,193.0
175.0,194.0,193.0,160.0,160.0
183.0,188.0,184.0,153.0,111.0
156.0,134.0,155.0,152.0,123.0
116.0,130.0,125.0,121.0,143.0
144.0,184.0,156.0,168.0,152.0
123.0,123.0,152.0,171.0,113.0
127.0,161.0,130.0,126.0,141.0
96.0,87.0,184.0,187.0,133.0
84.0,113.0,190.0,176.0,97.0
169.0,129.0,169.0,181.0,173.0
120.0,141.0,109.0,169.0,104.0
174.0,163.0,120.0,127.0,162.0
181.0,192.0,145.0,116.0,163.0
171.0,160.0,141.0,128.0,109.0
92.0,93.0,165.0,0.0,109.0
108.0,104.0,103.0,0.0,91.0
160.0,162.0,129.0,196.0,161.0
170.0,175.0,116.0,173.0,163.0
152.0,142.0,193.0,0.0,124.0
191.0,160.0,113.0,0.0,153.0
156.0,122.0,151.0,143.0,135.0
145.0,148.0,162.0,300.0,106.0
197.0,176.0,177.0,160.0,148.0
300.0,210.0,198.0,153.0,183.0
145.0,80.0,127.0,172.0,151.0
161.0,163.0,139.0,165.0,118.0
125.0,140.0,138.0,159.0,182.0
139.0,158.0,156.0,148.0,167.0
172.0,165.0,142.0,155.0,138.0
98.0,108.0,137.0,126.0,94.0
175.0,159.0,191.0,194.0,109.0
198.0,172.0,191.0,163.0,121.0
150.0,169.0,138.0,174.0,172.0
168.0,142.0,131.0,172.0,165.0
131.0,122.0,137.0,153.0,115.0
146.0,133.0,122.0,0.0,154.0
156.0,140.0,188.0,151.0,161.0
170.0,171.0,192.0,155.0,158.0
165.0,157.0,159.0,165.0,140.0
207.0,197.0,177.0,159.0,198.0
161.0,142.0,127.0,162.0,155.0
147.0,132.0,157.0,158.0,172.0
170.0,135.0,152.0,143.0,158.0
150.0,157.0,195.0,157.0,158.0
228.0,207.0,216.0,158.0,178.0
105.0,119.0,105.0,111.0,130.0
139.0,142.0,137.0,116.0,105.0
175.0,139.0,139.0,114.0,141.0
183.0,176.0,168.0,113.0,164.0
116.0,103.0,149.0,180.0,110.0
119.0,107.0,134.0,155.0,137.0
118.0,125.0,143.0,115.0,118.0
94.0,92.0,107.0,0.0,153.0
143.0,157.0,170.0,121.0,126.0
145.0,155.0,143.0,117.0,134.0
189.0,164.0,185.0,88.0,128.0
202.0,193.0,194.0,146.0,146.0
122.0,129.0,129.0,121.0,139.0
141.0,136.0,120.0,122.0,111.0
196.0,178.0,198.0,171.0,145.0
126.0,114.0,150.0,140.0,129.0
195.0,184.0,182.0,153.0,200.0
166.0,219.0,177.0,183.0,199.0
189.0,198.0,185.0,126.0,198.0
206.0,166.0,189.0,128.0,208.0
119.0,104.0,121.0,0.0,116.0
179.0,161.0,160.0,196.0,146.0
155.0,158.0,118.0,154.0,168.0
170.0,157.0,201.0,130.0,168.0
147.0,143.0,98.0,143.0,94.0
196.0,184.0,208.0,173.0,194.0
146.0,117.0,144.0,114.0,173.0
191.0,169.0,166.0,161.0,169.0
161.0,156.0,167.0,137.0,171.0
159.0,157.0,162.0,112.0,120.0
132.0,114.0,114.0,130.0,105.0
138.0,136.0,164.0,119.0,158.0
162.0,174.0,185.0,129.0,183.0
144.0,111.0,137.0,133.0,138.0
193.0,160.0,170.0,142.0,300.0
142.0,115.0,103.0,0.0,100.0
185.0,149.0,159.0,115.0,164.0
144.0,158.0,125.0,160.0,149.0
143.0,126.0,162.0,139.0,148.0
93.0,94.0,104.0,0.0,91.0
181.0,202.0,178.0,156.0,153.0
145.0,98.0,138.0,147.0,128.0
196.0,146.0,224.0,0.0,185.0
132.0,93.0,147.0,147.0,150.0
119.0,117.0,110.0,113.0,138.0
139.0,160.0,137.0,116.0,110.0
190.0,187.0,192.0,170.0,216.0
138.0,161.0,140.0,119.0,101.0
140.0,116.0,144.0,124.0,121.0
130.0,140.0,102.0,117.0,123.0
156.0,173.0,161.0,134.0,202.0
159.0,151.0,121.0,175.0,139.0
128.0,160.0,131.0,123.0,126.0
149.0,141.0,152.0,116.0,168.0
190.0,138.0,170.0,119.0,161.0
182.0,175.0,194.0,166.0,156.0
134.0,160.0,116.0,128.0,161.0
203.0,157.0,197.0,157.0,188.0
129.0,141.0,149.0,125.0,138.0
167.0,140.0,177.0,168.0,151.0
111.0,93.0,152.0,187.0,146.0
188.0,184.0,205.0,115.0,153.0
198.0,179.0,196.0,129.0,226.0
174.0,139.0,139.0,123.0,152.0
138.0,144.0,133.0,172.0,119.0
188.0,191.0,227.0,169.0,208.0
171.0,151.0,161.0,151.0,142.0
207.0,190.0,189.0,172.0,183.0
163.0,170.0,182.0,167.0,197.0
184.0,205.0,215.0,168.0,138.0
100.0,115.0,130.0,79.0,109.0
145.0,79.0,134.0,136.0,119.0
198.0,208.0,199.0,169.0,176.0
140.0,107.0,124.0,101.0,110.0
177.0,180.0,172.0,151.0,120.0
131.0,118.0,106.0,175.0,104.0
189.0,182.0,204.0,204.0,159.0
170.0,158.0,153.0,172.0,179.0
156.0,138.0,159.0,151.0,100.0
170.0,140.0,221.0,176.0,130.0
166.0,172.0,177.0,168.0,145.0
146.0,116.0,127.0,156.0,119.0
169.0,169.0,192.0,170.0,192.0
110.0,119.0,134.0,0.0,121.0
124.0,107.0,119.0,123.0,142.0
145.0,145.0,139.0,120.0,107.0
129.0,180.0,139.0,142.0,155.0
150.0,121.0,144.0,120.0,114.0
169.0,159.0,148.0,148.0,119.0
170.0,187.0,147.0,179.0,163.0
185.0,191.0,105.0,162.0,135.0
91.0,139.0,119.0,98.0,126.0
128.0,117.0,142.0,115.0,120.0
176.0,165.0,198.0,148.0,165.0
129.0,162.0,134.0,137.0,121.0
98.0,79.0,158.0,177.0,112.0
186.0,181.0,127.0,179.0,199.0
117.0,130.0,138.0,123.0,99.0
127.0,127.0,116.0,115.0,133.0
173.0,179.0,153.0,124.0,141.0
190.0,173.0,203.0,184.0,209.0
174.0,179.0,140.0,152.0,181.0
133.0,136.0,108.0,119.0,117.0
156.0,176.0,199.0,132.0,110.0
191.0,167.0,300.0,128.0,91.0
155.0,151.0,120.0,144.0,153.0
158.0,168.0,130.0,174.0,172.0
150.0,150.0,155.0,164.0,150.0
158.0,177.0,185.0,116.0,125.0
182.0,156.0,215.0,123.0,147.0
103.0,89.0,120.0,116.0,105.0
161.0,162.0,153.0,126.0,157.0
117.0,108.0,133.0,173.0,110.0
141.0,131.0,149.0,141.0,166.0
138.0,122.0,166.0,151.0,126.0
178.0,160.0,166.0,130.0,146.0
158.0,156.0,137.0,151.0,128.0
167.0,175.0,143.0,126.0,150.0
144.0,145.0,175.0,118.0,175.0
153.0,125.0,117.0,0.0,104.0
183.0,170.0,211.0,173.0,140.0
185.0,139.0,166.0,86.0,162.0
153.0,170.0,154.0,123.0,159.0
137.0,141.0,123.0,160.0,121.0
134.0,158.0,152.0,177.0,140.0
168.0,173.0,174.0,159.0,162.0
84.0,114.0,179.0,173.0,171.0
136.0,95.0,120.0,142.0,119.0
119.0,107.0,109.0,125.0,110.0
192.0,158.0,199.0,189.0,157.0
217.0,190.0,206.0,168.0,190.0
154.0,170.0,144.0,119.0,170.0
104.0,111.0,116.0,84.0,104.0
131.0,86.0,132.0,113.0,120.0
101.0,146.0,152.0,139.0,111.0
135.0,112.0,133.0,149.0,120.0
191.0,149.0,207.0,84.0,142.0
182.0,192.0,206.0,155.0,175.0
106.0,97.0,118.0,124.0,69.0
176.0,192.0,214.0,179.0,159.0
151.0,149.0,159.0,182.0,163.0
99.0,127.0,102.0,152.0,114.0
110.0,133.0,113.0,122.0,113.0
138.0,93.0,125.0,115.0,87.0
128.0,119.0,149.0,151.0,138.0
205.0,196.0,201.0,170.0,219.0
107.0,118.0,140.0,153.0,131.0
152.0,162.0,164.0,124.0,142.0
132.0,137.0,170.0,129.0,150.0
156.0,152.0,151.0,155.0,127.0
125.0,79.0,145.0,113.0,120.0
203.0,212.0,202.0,173.0,203.0
173.0,190.0,137.0,122.0,174.0
129.0,124.0,147.0,159.0,107.0
150.0,141.0,144.0,162.0,121.0
162.0,139.0,154.0,145.0,79.0
174.0,167.0,175.0,172.0,142.0
126.0,95.0,140.0,146.0,106.0
112.0,129.0,140.0,0.0,99.0
153.0,132.0,190.0,158.0,121.0
136.0,70.0,168.0,173.0,153.0
174.0,190.0,165.0,0.0,80.0
180.0,155.0,98.0,121.0,156.0
161.0,185.0,125.0,168.0,122.0
117.0,102.0,129.0,111.0,86.0
131.0,104.0,149.0,149.0,119.0
163.0,109.0,169.0,93.0,157.0
193.0,183.0,200.0,167.0,181.0
140.0,157.0,191.0,122.0,110.0
118.0,132.0,122.0,133.0,116.0
116.0,128.0,134.0,160.0,118.0
205.0,166.0,195.0,157.0,209.0
107.0,127.0,168.0,166.0,123.0
145.0,152.0,132.0,140.0,127.0
138.0,149.0,190.0,107.0,135.0
131.0,153.0,148.0,117.0,114.0
85.0,98.0,140.0,118.0,77.0
179.0,167.0,197.0,128.0,187.0
118.0,123.0,120.0,120.0,114.0
143.0,114.0,137.0,153.0,91.0
155.0,145.0,155.0,154.0,109.0
162.0,149.0,138.0,115.0,147.0
175.0,142.0,191.0,144.0,142.0
182.0,140.0,164.0,170.0,155.0
112.0,137.0,172.0,144.0,197.0
179.0,176.0,162.0,125.0,155.0
207.0,200.0,181.0,119.0,133.0
193.0,188.0,200.0,177.0,194.0
205.0,195.0,211.0,176.0,195.0
169.0,102.0,183.0,170.0,145.0
149.0,133.0,119.0,168.0,135.0
196.0,186.0,207.0,155.0,188.0
171.0,158.0,168.0,125.0,169.0
181.0,119.0,120.0,124.0,168.0
160.0,148.0,157.0,197.0,142.0
201.0,196.0,190.0,131.0,218.0
92.0,98.0,141.0,125.0,90.0
178.0,171.0,147.0,180.0,116.0
134.0,121.0,141.0,126.0,104.0
103.0,95.0,128.0,143.0,145.0
148.0,126.0,178.0,121.0,145.0
212.0,189.0,216.0,180.0,190.0
108.0,90.0,144.0,126.0,114.0
169.0,163.0,165.0,153.0,121.0
149.0,107.0,145.0,128.0,107.0
149.0,181.0,154.0,121.0,154.0
170.0,179.0,158.0,166.0,170.0
164.0,149.0,173.0,143.0,145.0
165.0,193.0,183.0,119.0,105.0
156.0,119.0,114.0,129.0,145.0
182.0,184.0,145.0,173.0,110.0
137.0,93.0,135.0,124.0,80.0
300.0,205.0,218.0,196.0,206.0
138.0,155.0,142.0,193.0,132.0
104.0,117.0,139.0,98.0,126.0
128.0,85.0,116.0,158.0,112.0
140.0,106.0,151.0,157.0,155.0
177.0,159.0,158.0,154.0,162.0
182.0,180.0,165.0,158.0,140.0
184.0,166.0,186.0,148.0,205.0
143.0,117.0,124.0,155.0,123.0
113.0,88.0,101.0,111.0,73.0
125.0,131.0,128.0,148.0,116.0
158.0,144.0,148.0,124.0,158.0
194.0,205.0,222.0,158.0,167.0
181.0,124.0,167.0,154.0,158.0
180.0,134.0,152.0,143.0,165.0
169.0,169.0,152.0,151.0,161.0
211.0,183.0,207.0,168.0,215.0
133.0,124.0,141.0,162.0,116.0
132.0,147.0,99.0,63.0,100.0
163.0,162.0,156.0,160.0,145.0
185.0,164.0,148.0,147.0,144.0
140.0,115.0,140.0,125.0,139.0
105.0,79.0,127.0,0.0,112.0
125.0,108.0,123.0,112.0,140.0
176.0,164.0,215.0,115.0,176.0
187.0,195.0,207.0,161.0,157.0
164.0,168.0,180.0,182.0,130.0
139.0,200.0,143.0,130.0,93.0
146.0,129.0,138.0,133.0,170.0
223.0,226.0,300.0,176.0,182.0
147.0,175.0,168.0,131.0,151.0
116.0,114.0,137.0,168.0,160.0
172.0,147.0,158.0,128.0,179.0
117.0,160.0,120.0,114.0,115.0
158.0,162.0,120.0,146.0,124.0
94.0,110.0,133.0,112.0,127.0
107.0,144.0,136.0,122.0,112.0
174.0,161.0,175.0,167.0,157.0
172.0,160.0,153.0,127.0,125.0
154.0,166.0,172.0,124.0,198.0
173.0,163.0,182.0,154.0,176.0
172.0,169.0,145.0,122.0,168.0
126.0,139.0,129.0,148.0,134.0
144.0,115.0,113.0,115.0,78.0
191.0,179.0,158.0,158.0,130.0
133.0,137.0,155.0,106.0,123.0
176.0,205.0,189.0,164.0,217.0
152.0,122.0,148.0,117.0,176.0
175.0,157.0,200.0,125.0,115.0
136.0,153.0,130.0,166.0,136.0
150.0,117.0,221.0,113.0,155.0
172.0,156.0,181.0,146.0,147.0
180.0,186.0,189.0,0.0,169.0
139.0,159.0,147.0,127.0,122.0
111.0,143.0,159.0,129.0,133.0
171.0,98.0,210.0,163.0,181.0
132.0,126.0,125.0,132.0,109.0
136.0,153.0,145.0,123.0,143.0
136.0,145.0,150.0,0.0,130.0
167.0,180.0,156.0,116.0,156.0
199.0,189.0,217.0,124.0,131.0
85.0,85.0,83.0,84.0,73.0
107.0,134.0,145.0,153.0,104.0
129.0,196.0,125.0,169.0,136.0
127.0,125.0,123.0,153.0,135.0
186.0,185.0,205.0,166.0,200.0
162.0,136.0,170.0,148.0,126.0
132.0,107.0,122.0,161.0,106.0
162.0,191.0,207.0,163.0,132.0
180.0,162.0,167.0,147.0,168.0
165.0,152.0,203.0,183.0,158.0
177.0,180.0,223.0,170.0,169.0
166.0,148.0,210.0,145.0,159.0
143.0,149.0,184.0,184.0,153.0
145.0,192.0,149.0,121.0,170.0
128.0,139.0,140.0,118.0,97.0
158.0,122.0,154.0,144.0,133.0
101.0,116.0,101.0,88.0,136.0
186.0,216.0,172.0,159.0,202.0
130.0,117.0,127.0,115.0,99.0
163.0,191.0,177.0,94.0,124.0
181.0,171.0,160.0,162.0,79.0
107.0,131.0,155.0,109.0,129.0
192.0,207.0,176.0,126.0,176.0
124.0,116.0,100.0,126.0,125.0
175.0,154.0,108.0,175.0,162.0
107.0,146.0,150.0,151.0,149.0
155.0,155.0,159.0,110.0,155.0
125.0,154.0,177.0,119.0,138.0
174.0,157.0,168.0,150.0,188.0
207.0,192.0,198.0,131.0,207.0
151.0,143.0,200.0,158.0,161.0
149.0,134.0,145.0,159.0,152.0
164.0,143.0,160.0,115.0,184.0
183.0,158.0,156.0,159.0,136.0
139.0,118.0,143.0,173.0,144.0
138.0,151.0,112.0,174.0,132.0
125.0,121.0,139.0,113.0,160.0
143.0,132.0,159.0,120.0,138.0
120.0,100.0,139.0,112.0,104.0
126.0,104.0,138.0,137.0,95.0
121.0,106.0,93.0,129.0,68.0
184.0,192.0,187.0,131.0,179.0
120.0,124.0,96.0,125.0,105.0
171.0,122.0,199.0,120.0,118.0
170.0,120.0,167.0,123.0,119.0
126.0,124.0,129.0,110.0,145.0
122.0,136.0,107.0,177.0,167.0
150.0,135.0,127.0,152.0,147.0
117.0,109.0,123.0,142.0,153.0
190.0,134.0,195.0,154.0,165.0
161.0,156.0,152.0,146.0,188.0
110.0,168.0,135.0,88.0,134.0
157.0,180.0,153.0,138.0,159.0
124.0,124.0,138.0,162.0,126.0
127.0,106.0,120.0,168.0,131.0
119.0,111.0,117.0,111.0,129.0
137.0,150.0,146.0,121.0,138.0
163.0,149.0,132.0,0.0,150.0
107.0,137.0,107.0,118.0,105.0
156.0,92.0,165.0,150.0,149.0
170.0,127.0,152.0,93.0,129.0
181.0,182.0,200.0,176.0,208.0
115.0,88.0,135.0,0.0,95.0
130.0,136.0,117.0,179.0,151.0
157.0,120.0,147.0,121.0,150.0
130.0,97.0,117.0,118.0,120.0
129.0,98.0,173.0,118.0,160.0
167.0,155.0,171.0,128.0,141.0
188.0,171.0,202.0,176.0,177.0
111.0,100.0,208.0,0.0,124.0
133.0,103.0,118.0,123.0,104.0
143.0,129.0,190.0,123.0,136.0
170.0,177.0,116.0,154.0,121.0
157.0,125.0,140.0,154.0,117.0
169.0,141.0,185.0,187.0,147.0
123.0,87.0,114.0,154.0,126.0
117.0,104.0,84.0,137.0,117.0
150.0,132.0,113.0,117.0,113.0
124.0,125.0,104.0,0.0,88.0
66.0,67.0,96.0,0.0,69.0
169.0,193.0,190.0,122.0,191.0
194.0,198.0,214.0,141.0,145.0
137.0,142.0,183.0,133.0,164.0
158.0,121.0,119.0,130.0,175.0
176.0,140.0,156.0,166.0,113.0
156.0,136.0,144.0,135.0,149.0
173.0,117.0,105.0,182.0,166.0
152.0,128.0,188.0,175.0,134.0
165.0,142.0,95.0,134.0,116.0
142.0,127.0,155.0,122.0,114.0
104.0,108.0,116.0,110.0,75.0
139.0,110.0,127.0,127.0,117.0
155.0,120.0,172.0,148.0,159.0
113.0,95.0,134.0,126.0,83.0
158.0,162.0,150.0,112.0,114.0
165.0,198.0,192.0,151.0,155.0
142.0,140.0,141.0,152.0,131.0
146.0,159.0,164.0,124.0,154.0
166.0,194.0,165.0,123.0,132.0
167.0,116.0,139.0,165.0,129.0
188.0,184.0,202.0,174.0,139.0
179.0,162.0,154.0,121.0,135.0
164.0,146.0,174.0,164.0,172.0
118.0,126.0,140.0,170.0,111.0
191.0,201.0,150.0,0.0,77.0
169.0,175.0,221.0,105.0,145.0
107.0,146.0,119.0,133.0,101.0
141.0,124.0,148.0,151.0,182.0
151.0,143.0,77.0,120.0,148.0
174.0,164.0,166.0,108.0,92.0
208.0,212.0,190.0,117.0,197.0
163.0,119.0,165.0,137.0,149.0
137.0,96.0,125.0,152.0,96.0
178.0,154.0,181.0,156.0,152.0
171.0,164.0,126.0,143.0,128.0
180.0,178.0,209.0,128.0,132.0
143.0,115.0,162.0,152.0,131.0
153.0,89.0,136.0,181.0,149.0
176.0,196.0,121.0,0.0,172.0
153.0,96.0,177.0,124.0,121.0
194.0,225.0,174.0,167.0,160.0
158.0,127.0,113.0,126.0,190.0
157.0,145.0,146.0,169.0,154.0
121.0,97.0,126.0,151.0,129.0
156.0,150.0,117.0,137.0,102.0
129.0,95.0,136.0,150.0,143.0
150.0,139.0,131.0,186.0,123.0
163.0,149.0,159.0,149.0,169.0
165.0,127.0,179.0,180.0,135.0
152.0,90.0,182.0,116.0,134.0
170.0,111.0,122.0,155.0,154.0
162.0,174.0,161.0,177.0,166.0
121.0,69.0,127.0,161.0,115.0
136.0,124.0,167.0,152.0,142.0
149.0,138.0,150.0,137.0,114.0
184.0,189.0,225.0,177.0,144.0
104.0,119.0,120.0,0.0,99.0
133.0,139.0,153.0,122.0,107.0
116.0,162.0,126.0,131.0,96.0
170.0,176.0,139.0,153.0,148.0
101.0,152.0,144.0,164.0,139.0
212.0,203.0,218.0,151.0,185.0
156.0,131.0,148.0,83.0,119.0
148.0,163.0,126.0,123.0,97.0
139.0,135.0,106.0,103.0,140.0
156.0,145.0,152.0,129.0,183.0
138.0,146.0,120.0,130.0,137.0
126.0,103.0,157.0,123.0,99.0
193.0,147.0,184.0,145.0,159.0
125.0,140.0,163.0,168.0,142.0
155.0,131.0,125.0,164.0,104.0
215.0,213.0,223.0,158.0,209.0
161.0,121.0,152.0,119.0,102.0
165.0,136.0,168.0,114.0,167.0
168.0,132.0,141.0,170.0,145.0
157.0,138.0,169.0,112.0,144.0
187.0,171.0,206.0,188.0,170.0
94.0,102.0,116.0,122.0,106.0
145.0,139.0,147.0,164.0,177.0
131.0,87.0,117.0,115.0,87.0
145.0,101.0,158.0,172.0,145.0
115.0,89.0,116.0,133.0,110.0
190.0,166.0,216.0,300.0,141.0
178.0,174.0,156.0,165.0,134.0
165.0,160.0,101.0,0.0,121.0
161.0,89.0,113.0,180.0,166.0
155.0,141.0,143.0,129.0,143.0
187.0,162.0,141.0,149.0,116.0
163.0,189.0,180.0,151.0,110.0
166.0,142.0,109.0,112.0,165.0
190.0,209.0,196.0,174.0,151.0
138.0,168.0,126.0,157.0,134.0
140.0,108.0,146.0,0.0,165.0
170.0,140.0,114.0,149.0,111.0
157.0,149.0,141.0,143.0,103.0
136.0,163.0,192.0,156.0,128.0
135.0,142.0,162.0,145.0,110.0
176.0,169.0,121.0,172.0,155.0
180.0,125.0,159.0,0.0,184.0
173.0,211.0,218.0,167.0,210.0
167.0,130.0,176.0,141.0,176.0
116.0,115.0,131.0,180.0,148.0
124.0,128.0,139.0,111.0,114.0
189.0,195.0,225.0,177.0,198.0
154.0,115.0,158.0,168.0,118.0
143.0,91.0,152.0,158.0,135.0
180.0,172.0,181.0,169.0,191.0
139.0,74.0,113.0,154.0,93.0
152.0,120.0,149.0,122.0,126.0
200.0,190.0,217.0,156.0,205.0
157.0,157.0,136.0,162.0,155.0
136.0,127.0,135.0,121.0,125.0
125.0,120.0,115.0,119.0,94.0
160.0,167.0,176.0,177.0,159.0
215.0,205.0,203.0,125.0,194.0
177.0,132.0,190.0,170.0,159.0
134.0,105.0,168.0,107.0,160.0
163.0,142.0,158.0,175.0,189.0
175.0,163.0,127.0,178.0,132.0
131.0,126.0,127.0,0.0,151.0
121.0,160.0,142.0,109.0,148.0
171.0,158.0,148.0,170.0,131.0
146.0,119.0,146.0,124.0,107.0
156.0,149.0,138.0,124.0,142.0
197.0,167.0,222.0,178.0,174.0
155.0,141.0,154.0,145.0,152.0
204.0,176.0,177.0,121.0,191.0
152.0,148.0,152.0,158.0,125.0
162.0,73.0,167.0,178.0,171.0
155.0,154.0,131.0,123.0,164.0
118.0,82.0,116.0,109.0,158.0
126.0,190.0,186.0,146.0,156.0
130.0,114.0,152.0,121.0,126.0
132.0,186.0,176.0,169.0,169.0
103.0,114.0,90.0,116.0,95.0
106.0,92.0,134.0,126.0,135.0
151.0,156.0,100.0,165.0,136.0
166.0,180.0,185.0,160.0,164.0
144.0,155.0,160.0,121.0,120.0
300.0,300.0,220.0,160.0,222.0
148.0,109.0,113.0,78.0,128.0
117.0,124.0,118.0,124.0,109.0
118.0,119.0,144.0,108.0,138.0
131.0,125.0,145.0,132.0,184.0
146.0,147.0,134.0,141.0,105.0
121.0,154.0,103.0,150.0,76.0
166.0,185.0,114.0,0.0,133.0
179.0,186.0,205.0,126.0,180.0
85.0,93.0,134.0,186.0,141.0
127.0,90.0,116.0,152.0,134.0
129.0,126.0,172.0,131.0,173.0
211.0,225.0,225.0,181.0,200.0
144.0,127.0,127.0,151.0,113.0
181.0,203.0,209.0,152.0,211.0
153.0,146.0,138.0,157.0,155.0
208.0,197.0,221.0,156.0,199.0
176.0,163.0,175.0,121.0,187.0
102.0,85.0,126.0,85.0,79.0
171.0,171.0,165.0,120.0,187.0
152.0,150.0,139.0,139.0,124.0
118.0,103.0,139.0,0.0,168.0
160.0,155.0,153.0,168.0,195.0
177.0,129.0,168.0,175.0,162.0
211.0,210.0,213.0,167.0,210.0
125.0,158.0,126.0,119.0,128.0
200.0,229.0,300.0,148.0,179.0
144.0,149.0,156.0,129.0,130.0
145.0,91.0,151.0,129.0,112.0
177.0,179.0,169.0,128.0,139.0
120.0,131.0,130.0,165.0,129.0
152.0,137.0,141.0,124.0,93.0
200.0,224.0,300.0,170.0,191.0
141.0,117.0,132.0,148.0,111.0
110.0,113.0,146.0,156.0,120.0
135.0,128.0,142.0,126.0,117.0
167.0,132.0,130.0,127.0,126.0
177.0,183.0,162.0,119.0,192.0
113.0,102.0,117.0,0.0,81.0
159.0,144.0,152.0,147.0,123.0
97.0,99.0,119.0,114.0,103.0
159.0,109.0,116.0,177.0,168.0
174.0,170.0,145.0,141.0,160.0
130.0,137.0,134.0,156.0,126.0
130.0,104.0,151.0,0.0,145.0
143.0,136.0,145.0,118.0,135.0
158.0,90.0,134.0,77.0,163.0
181.0,208.0,153.0,175.0,185.0
160.0,125.0,137.0,126.0,138.0
178.0,173.0,202.0,145.0,154.0
178.0,185.0,173.0,140.0,163.0
138.0,93.0,114.0,116.0,90.0
157.0,179.0,170.0,148.0,163.0
144.0,160.0,127.0,180.0,132.0
142.0,161.0,130.0,167.0,119.0
190.0,190.0,160.0,198.0,166.0
136.0,111.0,132.0,117.0,129.0
112.0,85.0,82.0,147.0,79.0
123.0,133.0,148.0,125.0,112.0
136.0,109.0,123.0,168.0,110.0
194.0,195.0,214.0,150.0,213.0
163.0,128.0,170.0,182.0,137.0
200.0,155.0,126.0,134.0,148.0
194.0,168.0,193.0,178.0,138.0
147.0,108.0,145.0,108.0,149.0
120.0,140.0,143.0,116.0,128.0
173.0,154.0,130.0,123.0,161.0
193.0,219.0,194.0,175.0,172.0
101.0,126.0,138.0,123.0,106.0
166.0,185.0,170.0,180.0,184.0
181.0,146.0,152.0,184.0,157.0
144.0,130.0,163.0,117.0,169.0
164.0,177.0,212.0,130.0,173.0
159.0,145.0,174.0,130.0,191.0
128.0,106.0,113.0,150.0,108.0
196.0,191.0,190.0,163.0,185.0
152.0,132.0,142.0,181.0,150.0
161.0,160.0,115.0,151.0,115.0
169.0,147.0,212.0,122.0,169.0
176.0,104.0,179.0,179.0,144.0
148.0,124.0,159.0,117.0,134.0
152.0,175.0,165.0,152.0,214.0
146.0,154.0,147.0,120.0,157.0
202.0,152.0,175.0,194.0,160.0
208.0,190.0,181.0,129.0,200.0
99.0,104.0,106.0,0.0,112.0
185.0,196.0,143.0,166.0,183.0
202.0,182.0,216.0,0.0,180.0
93.0,92.0,139.0,124.0,93.0
133.0,88.0,142.0,131.0,170.0
145.0,126.0,188.0,176.0,99.0
88.0,110.0,121.0,115.0,124.0
140.0,109.0,150.0,126.0,114.0
104.0,85.0,120.0,119.0,120.0
149.0,156.0,144.0,113.0,132.0
145.0,134.0,154.0,158.0,145.0
149.0,144.0,151.0,0.0,141.0
137.0,152.0,151.0,158.0,109.0
199.0,201.0,214.0,148.0,205.0
216.0,129.0,157.0,183.0,216.0
180.0,149.0,139.0,135.0,99.0
186.0,156.0,199.0,180.0,167.0
149.0,142.0,103.0,143.0,146.0
199.0,165.0,160.0,155.0,134.0
140.0,166.0,103.0,137.0,149.0
148.0,143.0,121.0,124.0,76.0
166.0,165.0,177.0,163.0,147.0
100.0,144.0,300.0,0.0,121.0
174.0,204.0,168.0,138.0,174.0
120.0,119.0,151.0,144.0,121.0
81.0,123.0,121.0,0.0,135.0
169.0,126.0,153.0,135.0,137.0
136.0,149.0,130.0,124.0,134.0
172.0,134.0,197.0,0.0,178.0
177.0,179.0,185.0,113.0,109.0
121.0,110.0,141.0,116.0,152.0
107.0,146.0,107.0,112.0,120.0
106.0,134.0,127.0,116.0,100.0
154.0,157.0,83.0,141.0,151.0
219.0,204.0,222.0,145.0,222.0
137.0,113.0,154.0,84.0,142.0
179.0,151.0,158.0,151.0,138.0
194.0,187.0,228.0,173.0,153.0
196.0,152.0,157.0,112.0,154.0
110.0,127.0,141.0,122.0,96.0
143.0,109.0,177.0,156.0,123.0
154.0,148.0,154.0,168.0,154.0
176.0,183.0,180.0,164.0,146.0
115.0,121.0,114.0,0.0,108.0
96.0,94.0,93.0,89.0,90.0
139.0,123.0,137.0,123.0,165.0
145.0,144.0,139.0,149.0,127.0
128.0,127.0,172.0,124.0,96.0
120.0,162.0,115.0,0.0,116.0
114.0,145.0,145.0,126.0,175.0
198.0,162.0,225.0,160.0,167.0
166.0,177.0,226.0,111.0,158.0
171.0,150.0,185.0,123.0,168.0
139.0,142.0,146.0,161.0,111.0
193.0,137.0,214.0,166.0,176.0
137.0,150.0,127.0,160.0,134.0
198.0,202.0,205.0,141.0,143.0
168.0,125.0,155.0,127.0,136.0
126.0,120.0,133.0,120.0,120.0
132.0,100.0,149.0,114.0,126.0
191.0,183.0,217.0,135.0,160.0
123.0,155.0,145.0,84.0,173.0
154.0,163.0,183.0,187.0,164.0
101.0,102.0,103.0,74.0,102.0
176.0,153.0,186.0,0.0,181.0
161.0,104.0,182.0,199.0,166.0
159.0,130.0,148.0,156.0,151.0
156.0,171.0,177.0,168.0,167.0
162.0,137.0,192.0,146.0,133.0
155.0,164.0,139.0,183.0,131.0
181.0,146.0,200.0,177.0,164.0
190.0,207.0,219.0,83.0,199.0
158.0,144.0,131.0,0.0,124.0
115.0,126.0,119.0,90.0,96.0
109.0,108.0,107.0,118.0,101.0
204.0,162.0,196.0,180.0,189.0
129.0,152.0,121.0,0.0,115.0
174.0,165.0,144.0,131.0,169.0
162.0,125.0,146.0,140.0,121.0
152.0,153.0,172.0,121.0,183.0
164.0,170.0,170.0,172.0,172.0
179.0,163.0,134.0,174.0,159.0
167.0,152.0,162.0,152.0,169.0
157.0,140.0,153.0,121.0,160.0
144.0,176.0,152.0,143.0,158.0
163.0,166.0,162.0,116.0,101.0
162.0,206.0,159.0,162.0,175.0
182.0,139.0,179.0,121.0,133.0
207.0,167.0,187.0,178.0,181.0
127.0,134.0,138.0,103.0,116.0
93.0,133.0,102.0,118.0,124.0
170.0,154.0,175.0,152.0,165.0
175.0,135.0,161.0,170.0,160.0
185.0,176.0,183.0,148.0,202.0
120.0,86.0,107.0,114.0,101.0
170.0,136.0,148.0,109.0,178.0
140.0,118.0,130.0,120.0,118.0
195.0,200.0,207.0,141.0,189.0
125.0,110.0,135.0,121.0,126.0
196.0,189.0,171.0,168.0,204.0
138.0,115.0,157.0,82.0,153.0
173.0,171.0,219.0,124.0,145.0
115.0,144.0,158.0,114.0,154.0
164.0,158.0,153.0,176.0,205.0
162.0,165.0,134.0,111.0,131.0
167.0,196.0,186.0,126.0,161.0
128.0,113.0,125.0,112.0,141.0
131.0,112.0,138.0,121.0,129.0
181.0,177.0,168.0,151.0,149.0
156.0,122.0,134.0,147.0,126.0
204.0,208.0,190.0,167.0,156.0
183.0,166.0,194.0,181.0,185.0
206.0,190.0,203.0,154.0,193.0
116.0,113.0,169.0,129.0,102.0
168.0,194.0,170.0,161.0,172.0
177.0,175.0,146.0,98.0,114.0
137.0,116.0,150.0,114.0,144.0
177.0,159.0,196.0,168.0,207.0
148.0,147.0,134.0,157.0,115.0
134.0,129.0,109.0,115.0,104.0
142.0,132.0,161.0,0.0,108.0
136.0,115.0,111.0,115.0,145.0
141.0,125.0,127.0,148.0,124.0
169.0,176.0,176.0,149.0,175.0
132.0,131.0,113.0,126.0,118.0
156.0,133.0,153.0,0.0,133.0
130.0,135.0,155.0,89.0,147.0
153.0,163.0,179.0,101.0,183.0
187.0,179.0,176.0,152.0,198.0
205.0,225.0,181.0,177.0,154.0
143.0,167.0,188.0,110.0,112.0
174.0,141.0,147.0,159.0,142.0
110.0,147.0,130.0,99.0,113.0
184.0,184.0,162.0,167.0,149.0
204.0,146.0,172.0,130.0,146.0
156.0,138.0,184.0,111.0,135.0
199.0,212.0,204.0,167.0,187.0
153.0,108.0,140.0,123.0,139.0
107.0,117.0,134.0,148.0,120.0
147.0,145.0,104.0,134.0,129.0
145.0,145.0,152.0,158.0,140.0
140.0,138.0,116.0,146.0,97.0
127.0,104.0,163.0,116.0,126.0
132.0,138.0,113.0,128.0,113.0
197.0,191.0,179.0,168.0,183.0
189.0,193.0,214.0,195.0,177.0
184.0,181.0,183.0,179.0,165.0
130.0,105.0,159.0,121.0,89.0
190.0,193.0,221.0,178.0,212.0
208.0,173.0,219.0,126.0,172.0
159.0,161.0,132.0,118.0,122.0
116.0,92.0,152.0,139.0,120.0
117.0,137.0,163.0,105.0,114.0
108.0,90.0,112.0,151.0,93.0
177.0,155.0,195.0,164.0,169.0
146.0,86.0,179.0,154.0,136.0
151.0,131.0,125.0,164.0,109.0
120.0,140.0,137.0,163.0,112.0
168.0,171.0,137.0,149.0,168.0
127.0,147.0,134.0,89.0,140.0
125.0,113.0,136.0,125.0,114.0
202.0,180.0,217.0,178.0,184.0
164.0,155.0,156.0,165.0,162.0
166.0,175.0,226.0,124.0,149.0
145.0,186.0,110.0,0.0,162.0
88.0,83.0,98.0,169.0,84.0
149.0,130.0,164.0,160.0,200.0
153.0,169.0,182.0,118.0,121.0
196.0,191.0,194.0,146.0,206.0
182.0,151.0,200.0,176.0,158.0
163.0,168.0,150.0,133.0,118.0
83.0,117.0,135.0,112.0,104.0
124.0,104.0,129.0,0.0,123.0
150.0,152.0,165.0,139.0,155.0
181.0,160.0,165.0,168.0,171.0
116.0,98.0,169.0,171.0,139.0
124.0,105.0,112.0,120.0,155.0
108.0,128.0,152.0,133.0,99.0
172.0,159.0,176.0,134.0,168.0
221.0,177.0,213.0,184.0,173.0
111.0,144.0,131.0,0.0,100.0
145.0,152.0,182.0,166.0,127.0
124.0,132.0,123.0,0.0,122.0
162.0,160.0,156.0,174.0,126.0
194.0,184.0,211.0,163.0,153.0
101.0,166.0,134.0,114.0,139.0
171.0,149.0,130.0,117.0,114.0
205.0,187.0,214.0,163.0,189.0
98.0,107.0,110.0,151.0,147.0
146.0,120.0,132.0,161.0,111.0
167.0,173.0,186.0,149.0,155.0
160.0,139.0,176.0,148.0,167.0
146.0,142.0,126.0,123.0,111.0
155.0,160.0,129.0,128.0,103.0
189.0,196.0,208.0,153.0,149.0
134.0,149.0,161.0,163.0,106.0
148.0,152.0,121.0,133.0,127.0
162.0,154.0,160.0,180.0,144.0
134.0,161.0,122.0,111.0,131.0
114.0,135.0,118.0,176.0,99.0
122.0,122.0,177.0,150.0,152.0
137.0,130.0,159.0,122.0,134.0
182.0,169.0,214.0,152.0,156.0
143.0,139.0,151.0,113.0,144.0
136.0,71.0,128.0,183.0,111.0
130.0,133.0,136.0,122.0,141.0
152.0,146.0,133.0,121.0,103.0
191.0,232.0,213.0,300.0,180.0
155.0,182.0,165.0,120.0,160.0
161.0,157.0,182.0,161.0,152.0
145.0,137.0,148.0,117.0,139.0
214.0,201.0,219.0,184.0,180.0
201.0,205.0,162.0,183.0,165.0
143.0,122.0,180.0,164.0,157.0
126.0,125.0,142.0,170.0,124.0
188.0,133.0,129.0,172.0,115.0
127.0,100.0,127.0,154.0,102.0
185.0,165.0,132.0,172.0,118.0
206.0,195.0,182.0,0.0,172.0
169.0,150.0,191.0,126.0,138.0
150.0,184.0,181.0,113.0,166.0
137.0,154.0,185.0,164.0,135.0
178.0,181.0,179.0,178.0,157.0
195.0,202.0,207.0,170.0,162.0
152.0,126.0,146.0,130.0,106.0
132.0,123.0,143.0,0.0,147.0
162.0,171.0,126.0,113.0,103.0
101.0,128.0,193.0,146.0,141.0
180.0,177.0,195.0,152.0,168.0
141.0,90.0,108.0,174.0,122.0
169.0,177.0,161.0,163.0,171.0
185.0,204.0,226.0,129.0,140.0
149.0,134.0,152.0,116.0,120.0
132.0,123.0,116.0,110.0,134.0
121.0,156.0,163.0,182.0,114.0
174.0,167.0,169.0,115.0,224.0
159.0,161.0,159.0,181.0,143.0
124.0,130.0,154.0,123.0,123.0
144.0,145.0,198.0,182.0,128.0
145.0,106.0,96.0,127.0,128.0
135.0,117.0,147.0,142.0,121.0
143.0,152.0,153.0,120.0,141.0
188.0,146.0,193.0,153.0,182.0
209.0,153.0,300.0,133.0,170.0
172.0,161.0,199.0,166.0,161.0
150.0,134.0,149.0,120.0,125.0
177.0,156.0,148.0,154.0,120.0
129.0,87.0,134.0,0.0,89.0
155.0,140.0,167.0,164.0,163.0
187.0,191.0,215.0,184.0,171.0
132.0,157.0,138.0,125.0,140.0
164.0,154.0,141.0,153.0,146.0
135.0,160.0,142.0,122.0,132.0
190.0,212.0,167.0,166.0,176.0
131.0,170.0,136.0,154.0,105.0
98.0,98.0,105.0,126.0,106.0
199.0,194.0,198.0,128.0,130.0
160.0,131.0,135.0,128.0,141.0
133.0,133.0,175.0,148.0,146.0
138.0,164.0,163.0,157.0,157.0
186.0,192.0,179.0,122.0,195.0
195.0,158.0,207.0,130.0,180.0
204.0,198.0,209.0,210.0,180.0
174.0,173.0,201.0,122.0,155.0
192.0,187.0,180.0,127.0,204.0
157.0,124.0,141.0,0.0,149.0
187.0,203.0,190.0,146.0,170.0
153.0,144.0,140.0,151.0,190.0
133.0,120.0,170.0,162.0,147.0
186.0,198.0,201.0,120.0,174.0
203.0,215.0,300.0,158.0,205.0
158.0,168.0,138.0,120.0,159.0
200.0,176.0,162.0,126.0,202.0
180.0,163.0,149.0,170.0,134.0
166.0,151.0,198.0,170.0,129.0
148.0,93.0,123.0,124.0,134.0
180.0,124.0,122.0,123.0,139.0
184.0,179.0,201.0,161.0,145.0
164.0,177.0,300.0,138.0,178.0
133.0,115.0,136.0,165.0,99.0
148.0,118.0,153.0,125.0,184.0
163.0,180.0,115.0,146.0,106.0
106.0,120.0,158.0,129.0,150.0
150.0,157.0,178.0,152.0,160.0
197.0,196.0,208.0,161.0,186.0
155.0,159.0,162.0,157.0,137.0
146.0,133.0,191.0,0.0,173.0
152.0,170.0,132.0,126.0,147.0
192.0,150.0,182.0,146.0,154.0
203.0,218.0,171.0,0.0,145.0
150.0,108.0,140.0,0.0,155.0
161.0,171.0,140.0,162.0,96.0
149.0,92.0,118.0,127.0,137.0
112.0,90.0,149.0,113.0,84.0
160.0,169.0,174.0,160.0,158.0
159.0,153.0,165.0,148.0,134.0
118.0,141.0,159.0,127.0,135.0
141.0,91.0,123.0,151.0,128.0
143.0,126.0,135.0,154.0,154.0
197.0,159.0,120.0,164.0,187.0
161.0,114.0,138.0,163.0,138.0
214.0,210.0,300.0,111.0,162.0
136.0,146.0,153.0,96.0,140.0
150.0,141.0,148.0,151.0,176.0
161.0,147.0,163.0,128.0,118.0
186.0,160.0,160.0,158.0,175.0
161.0,163.0,195.0,126.0,145.0
147.0,140.0,143.0,154.0,166.0
162.0,128.0,142.0,166.0,134.0
135.0,140.0,185.0,117.0,182.0
145.0,115.0,117.0,89.0,152.0
158.0,137.0,146.0,154.0,128.0
124.0,145.0,141.0,0.0,116.0
128.0,114.0,132.0,120.0,109.0
163.0,88.0,125.0,170.0,119.0
168.0,150.0,189.0,187.0,105.0
131.0,98.0,135.0,126.0,121.0
224.0,196.0,213.0,123.0,122.0
183.0,151.0,135.0,154.0,113.0
123.0,86.0,127.0,0.0,114.0
144.0,107.0,127.0,168.0,118.0
203.0,175.0,197.0,152.0,199.0
143.0,156.0,154.0,172.0,124.0
114.0,69.0,163.0,119.0,91.0
124.0,119.0,150.0,128.0,131.0
157.0,117.0,159.0,125.0,139.0
159.0,167.0,124.0,148.0,147.0
168.0,190.0,147.0,178.0,140.0
142.0,157.0,144.0,141.0,149.0
197.0,195.0,210.0,179.0,189.0
156.0,164.0,120.0,157.0,148.0
94.0,82.0,114.0,168.0,103.0
143.0,168.0,140.0,80.0,185.0
130.0,87.0,139.0,128.0,82.0
126.0,142.0,88.0,0.0,111.0
188.0,145.0,108.0,176.0,167.0
173.0,176.0,164.0,154.0,156.0
205.0,209.0,213.0,127.0,192.0
143.0,134.0,122.0,166.0,139.0
126.0,112.0,138.0,0.0,150.0
185.0,187.0,221.0,163.0,176.0
156.0,168.0,200.0,0.0,92.0
182.0,189.0,133.0,148.0,198.0
133.0,140.0,173.0,119.0,184.0
174.0,138.0,170.0,0.0,144.0
213.0,175.0,202.0,130.0,141.0
184.0,197.0,130.0,122.0,192.0
160.0,143.0,148.0,146.0,140.0
125.0,88.0,190.0,157.0,163.0
126.0,164.0,147.0,94.0,112.0
190.0,154.0,187.0,133.0,157.0
173.0,159.0,157.0,119.0,154.0
166.0,177.0,157.0,124.0,209.0
151.0,185.0,166.0,145.0,149.0
172.0,159.0,120.0,119.0,121.0
195.0,150.0,175.0,154.0,182.0
160.0,166.0,139.0,125.0,144.0
134.0,103.0,140.0,159.0,178.0
137.0,121.0,124.0,165.0,126.0
192.0,184.0,201.0,167.0,210.0
81.0,83.0,127.0,68.0,114.0
120.0,109.0,173.0,176.0,115.0
137.0,153.0,124.0,118.0,73.0
93.0,111.0,196.0,150.0,125.0
119.0,91.0,115.0,169.0,86.0
168.0,177.0,119.0,141.0,158.0
152.0,144.0,123.0,123.0,116.0
178.0,192.0,202.0,139.0,179.0
137.0,115.0,189.0,178.0,100.0
212.0,187.0,139.0,162.0,175.0
122.0,131.0,182.0,91.0,113.0
170.0,151.0,140.0,116.0,115.0
152.0,135.0,145.0,185.0,91.0
144.0,165.0,202.0,184.0,140.0
138.0,109.0,122.0,127.0,125.0
124.0,135.0,118.0,134.0,161.0
128.0,82.0,105.0,0.0,97.0
151.0,149.0,124.0,175.0,139.0
156.0,120.0,139.0,142.0,105.0
171.0,147.0,155.0,171.0,165.0
143.0,113.0,162.0,161.0,114.0
150.0,135.0,125.0,125.0,139.0
133.0,161.0,147.0,132.0,159.0
165.0,145.0,182.0,150.0,162.0
175.0,109.0,124.0,92.0,139.0
176.0,154.0,164.0,117.0,129.0
166.0,132.0,117.0,122.0,133.0
182.0,205.0,132.0,158.0,135.0
193.0,189.0,191.0,149.0,171.0
158.0,176.0,134.0,174.0,111.0
167.0,155.0,152.0,156.0,142.0
180.0,89.0,186.0,170.0,175.0
198.0,195.0,207.0,116.0,143.0
176.0,147.0,186.0,170.0,191.0
160.0,150.0,143.0,180.0,112.0
178.0,98.0,156.0,133.0,126.0
124.0,110.0,126.0,180.0,99.0
180.0,187.0,179.0,159.0,207.0
174.0,179.0,160.0,127.0,174.0
194.0,200.0,191.0,177.0,158.0
119.0,208.0,222.0,152.0,132.0
134.0,83.0,107.0,121.0,118.0
123.0,140.0,165.0,165.0,134.0
151.0,165.0,119.0,170.0,127.0
155.0,176.0,168.0,121.0,154.0
136.0,127.0,124.0,107.0,113.0
102.0,96.0,121.0,119.0,115.0
136.0,118.0,102.0,172.0,89.0
157.0,167.0,134.0,171.0,132.0
139.0,144.0,155.0,152.0,113.0
223.0,196.0,218.0,191.0,300.0
190.0,187.0,191.0,159.0,210.0
145.0,141.0,117.0,169.0,127.0
153.0,136.0,104.0,82.0,134.0
167.0,164.0,144.0,163.0,146.0
81.0,99.0,136.0,110.0,157.0
191.0,162.0,178.0,171.0,170.0
104.0,111.0,121.0,124.0,114.0
105.0,84.0,149.0,168.0,105.0
170.0,147.0,134.0,181.0,138.0
195.0,153.0,170.0,135.0,146.0
142.0,171.0,150.0,78.0,145.0
200.0,201.0,187.0,174.0,149.0
137.0,151.0,132.0,121.0,140.0
144.0,164.0,147.0,122.0,114.0
159.0,164.0,190.0,118.0,130.0
150.0,177.0,109.0,0.0,135.0
158.0,148.0,112.0,160.0,178.0
143.0,148.0,104.0,114.0,120.0
189.0,131.0,139.0,161.0,122.0
141.0,113.0,127.0,125.0,102.0
164.0,148.0,153.0,141.0,129.0
134.0,138.0,120.0,157.0,129.0
117.0,106.0,123.0,122.0,104.0
206.0,152.0,156.0,170.0,180.0
128.0,143.0,111.0,179.0,127.0
131.0,158.0,151.0,124.0,151.0
164.0,174.0,222.0,177.0,191.0
165.0,140.0,178.0,129.0,152.0
168.0,161.0,157.0,129.0,147.0
150.0,93.0,165.0,167.0,186.0
163.0,159.0,128.0,0.0,132.0
202.0,178.0,188.0,176.0,207.0
219.0,221.0,207.0,300.0,133.0
118.0,128.0,115.0,125.0,119.0
131.0,98.0,120.0,169.0,143.0
193.0,203.0,300.0,125.0,164.0
182.0,184.0,144.0,145.0,134.0
191.0,172.0,164.0,159.0,182.0
144.0,130.0,135.0,107.0,145.0
211.0,177.0,199.0,124.0,185.0
175.0,154.0,181.0,0.0,156.0
148.0,142.0,187.0,125.0,125.0
133.0,110.0,141.0,158.0,134.0
184.0,155.0,185.0,170.0,147.0
183.0,190.0,196.0,153.0,207.0
109.0,110.0,125.0,155.0,129.0
147.0,106.0,124.0,155.0,137.0
181.0,205.0,230.0,166.0,146.0
165.0,137.0,109.0,154.0,147.0
183.0,175.0,165.0,116.0,162.0
189.0,172.0,173.0,167.0,167.0
152.0,138.0,157.0,118.0,134.0
179.0,131.0,127.0,134.0,130.0
195.0,183.0,185.0,118.0,159.0
200.0,191.0,300.0,173.0,145.0
151.0,144.0,167.0,119.0,138.0
164.0,168.0,142.0,130.0,189.0
98.0,87.0,109.0,0.0,75.0
134.0,123.0,115.0,111.0,125.0
117.0,135.0,132.0,148.0,115.0
183.0,222.0,178.0,116.0,143.0
157.0,128.0,172.0,117.0,141.0
154.0,150.0,147.0,173.0,155.0
159.0,189.0,167.0,130.0,140.0
150.0,143.0,134.0,171.0,189.0
167.0,178.0,190.0,121.0,150.0
142.0,177.0,186.0,0.0,95.0
140.0,101.0,140.0,170.0,94.0
159.0,130.0,160.0,140.0,145.0
138.0,120.0,162.0,0.0,133.0
90.0,108.0,119.0,148.0,86.0
134.0,155.0,160.0,153.0,152.0
210.0,204.0,209.0,177.0,215.0
160.0,163.0,175.0,174.0,185.0
154.0,150.0,190.0,132.0,113.0
179.0,140.0,157.0,143.0,144.0
200.0,177.0,194.0,164.0,194.0
132.0,148.0,92.0,121.0,101.0
190.0,145.0,167.0,0.0,192.0
100.0,122.0,148.0,130.0,127.0
151.0,145.0,183.0,119.0,150.0
145.0,116.0,179.0,164.0,147.0
88.0,91.0,86.0,154.0,99.0
136.0,123.0,155.0,131.0,121.0
184.0,142.0,166.0,169.0,118.0
116.0,96.0,132.0,178.0,113.0
193.0,175.0,197.0,138.0,134.0
140.0,137.0,158.0,123.0,119.0
189.0,159.0,156.0,88.0,156.0
160.0,152.0,153.0,145.0,158.0
111.0,124.0,120.0,116.0,111.0
118.0,95.0,168.0,116.0,120.0
186.0,153.0,209.0,175.0,174.0
132.0,117.0,127.0,110.0,126.0
115.0,103.0,124.0,83.0,112.0
107.0,115.0,128.0,118.0,99.0
191.0,189.0,201.0,171.0,159.0
123.0,100.0,108.0,131.0,147.0
178.0,187.0,215.0,175.0,200.0
183.0,179.0,149.0,119.0,186.0
140.0,120.0,103.0,0.0,136.0
175.0,175.0,182.0,150.0,167.0
111.0,140.0,134.0,164.0,145.0
139.0,123.0,148.0,95.0,170.0
173.0,201.0,155.0,111.0,185.0
115.0,107.0,113.0,133.0,99.0
130.0,148.0,193.0,121.0,119.0
168.0,168.0,139.0,142.0,156.0
179.0,169.0,164.0,132.0,163.0
120.0,122.0,116.0,165.0,122.0
199.0,199.0,223.0,166.0,200.0
189.0,170.0,219.0,174.0,201.0
106.0,119.0,135.0,130.0,103.0
202.0,181.0,178.0,152.0,212.0
133.0,132.0,164.0,128.0,131.0
179.0,173.0,133.0,174.0,132.0
190.0,160.0,169.0,164.0,155.0
158.0,103.0,129.0,179.0,138.0
181.0,152.0,150.0,122.0,165.0
146.0,139.0,152.0,171.0,137.0
151.0,143.0,138.0,108.0,137.0
125.0,140.0,105.0,90.0,116.0
144.0,136.0,121.0,120.0,135.0
127.0,123.0,112.0,92.0,77.0
171.0,179.0,177.0,175.0,161.0
149.0,155.0,94.0,100.0,121.0
150.0,128.0,148.0,0.0,136.0
141.0,189.0,151.0,143.0,160.0
174.0,164.0,151.0,170.0,148.0
112.0,131.0,144.0,126.0,109.0
194.0,165.0,173.0,181.0,186.0
161.0,199.0,146.0,128.0,80.0
175.0,143.0,168.0,178.0,150.0
129.0,119.0,96.0,116.0,129.0
172.0,172.0,192.0,159.0,144.0
172.0,176.0,138.0,165.0,137.0
183.0,177.0,207.0,161.0,156.0
129.0,134.0,148.0,130.0,132.0
162.0,95.0,129.0,126.0,129.0
133.0,122.0,177.0,144.0,167.0
169.0,153.0,167.0,122.0,183.0
177.0,100.0,196.0,114.0,149.0
158.0,149.0,170.0,152.0,173.0
136.0,119.0,185.0,172.0,129.0
114.0,123.0,111.0,122.0,95.0
163.0,153.0,143.0,116.0,159.0
143.0,172.0,171.0,122.0,151.0
108.0,84.0,180.0,178.0,112.0
146.0,155.0,162.0,160.0,165.0
147.0,144.0,94.0,145.0,151.0
159.0,180.0,145.0,133.0,174.0
168.0,179.0,206.0,107.0,158.0
172.0,137.0,210.0,214.0,169.0
149.0,108.0,101.0,171.0,93.0
131.0,125.0,143.0,171.0,167.0
124.0,112.0,127.0,165.0,108.0
144.0,138.0,150.0,130.0,132.0
131.0,131.0,141.0,151.0,164.0
199.0,176.0,114.0,165.0,154.0
115.0,92.0,118.0,0.0,97.0
119.0,138.0,186.0,160.0,102.0
125.0,142.0,122.0,91.0,108.0
120.0,88.0,129.0,116.0,97.0
164.0,134.0,110.0,158.0,113.0
140.0,129.0,120.0,136.0,92.0
166.0,119.0,147.0,158.0,124.0
126.0,138.0,167.0,116.0,167.0
122.0,118.0,136.0,126.0,115.0
176.0,176.0,178.0,121.0,151.0
162.0,127.0,150.0,0.0,149.0
109.0,99.0,138.0,124.0,83.0
174.0,162.0,154.0,143.0,159.0
124.0,141.0,117.0,127.0,143.0
152.0,164.0,138.0,176.0,177.0
106.0,103.0,109.0,150.0,96.0
184.0,205.0,207.0,122.0,193.0
165.0,154.0,179.0,172.0,154.0
176.0,161.0,168.0,171.0,181.0
187.0,154.0,209.0,162.0,175.0
183.0,192.0,197.0,179.0,158.0
121.0,104.0,158.0,94.0,106.0
150.0,162.0,171.0,131.0,144.0
164.0,162.0,158.0,165.0,136.0
147.0,97.0,174.0,146.0,161.0
191.0,196.0,150.0,118.0,136.0
169.0,157.0,168.0,156.0,130.0
178.0,172.0,142.0,164.0,183.0
122.0,107.0,128.0,116.0,95.0
169.0,127.0,115.0,169.0,108.0
160.0,177.0,158.0,126.0,129.0
186.0,178.0,139.0,148.0,159.0
103.0,99.0,100.0,78.0,105.0
138.0,110.0,130.0,155.0,132.0
170.0,137.0,192.0,146.0,177.0
156.0,155.0,204.0,170.0,156.0
139.0,140.0,124.0,165.0,153.0
178.0,189.0,216.0,156.0,188.0
184.0,176.0,166.0,174.0,170.0
161.0,172.0,128.0,0.0,158.0
156.0,207.0,145.0,182.0,192.0
128.0,138.0,155.0,115.0,152.0
136.0,121.0,131.0,132.0,112.0
167.0,165.0,209.0,169.0,188.0
173.0,103.0,124.0,125.0,137.0
140.0,111.0,152.0,0.0,126.0
115.0,114.0,142.0,98.0,96.0
186.0,179.0,187.0,161.0,118.0
152.0,151.0,136.0,147.0,142.0
112.0,117.0,144.0,122.0,114.0
137.0,128.0,163.0,156.0,164.0
162.0,126.0,144.0,153.0,172.0
185.0,179.0,207.0,165.0,194.0
157.0,89.0,140.0,124.0,116.0
151.0,177.0,209.0,153.0,125.0
142.0,138.0,140.0,114.0,165.0
217.0,204.0,204.0,150.0,211.0
163.0,116.0,140.0,170.0,101.0
137.0,114.0,122.0,122.0,90.0
126.0,149.0,144.0,117.0,139.0
122.0,117.0,118.0,88.0,121.0
158.0,136.0,124.0,112.0,126.0
169.0,152.0,143.0,160.0,181.0
118.0,145.0,155.0,129.0,131.0
159.0,148.0,162.0,116.0,152.0
192.0,164.0,145.0,180.0,168.0
185.0,182.0,195.0,177.0,169.0
142.0,92.0,105.0,157.0,152.0
137.0,162.0,144.0,0.0,139.0
127.0,119.0,114.0,0.0,138.0
180.0,158.0,186.0,178.0,186.0
186.0,190.0,165.0,125.0,154.0
130.0,100.0,169.0,169.0,165.0
170.0,159.0,147.0,168.0,142.0
184.0,193.0,186.0,193.0,220.0
116.0,111.0,130.0,124.0,73.0
142.0,86.0,145.0,122.0,119.0
155.0,186.0,164.0,116.0,169.0
146.0,136.0,171.0,117.0,158.0
121.0,100.0,104.0,80.0,151.0
155.0,169.0,183.0,146.0,121.0
175.0,194.0,195.0,177.0,173.0
145.0,129.0,132.0,123.0,121.0
201.0,192.0,200.0,181.0,145.0
138.0,133.0,162.0,124.0,161.0
127.0,88.0,213.0,173.0,156.0
133.0,138.0,147.0,117.0,116.0
196.0,203.0,178.0,122.0,178.0
177.0,159.0,156.0,116.0,145.0
215.0,210.0,162.0,168.0,175.0
174.0,185.0,170.0,150.0,136.0
110.0,114.0,104.0,124.0,108.0
142.0,190.0,144.0,158.0,143.0
193.0,200.0,201.0,169.0,175.0
146.0,141.0,131.0,0.0,138.0
103.0,92.0,84.0,170.0,108.0
144.0,90.0,132.0,150.0,139.0
159.0,144.0,105.0,170.0,105.0
189.0,176.0,210.0,161.0,125.0
197.0,199.0,170.0,166.0,176.0
152.0,154.0,131.0,124.0,143.0
176.0,179.0,182.0,142.0,176.0
157.0,159.0,161.0,134.0,111.0
128.0,124.0,163.0,97.0,140.0
169.0,163.0,156.0,125.0,135.0
175.0,131.0,162.0,175.0,147.0
144.0,134.0,155.0,130.0,147.0
188.0,168.0,174.0,127.0,121.0
147.0,136.0,166.0,134.0,175.0
173.0,141.0,151.0,152.0,166.0
136.0,105.0,145.0,116.0,130.0
163.0,129.0,160.0,123.0,153.0
112.0,98.0,152.0,142.0,135.0
111.0,123.0,104.0,139.0,95.0
117.0,111.0,120.0,119.0,112.0
168.0,165.0,170.0,122.0,117.0
179.0,210.0,166.0,129.0,201.0
129.0,109.0,174.0,118.0,79.0
169.0,175.0,145.0,137.0,164.0
116.0,104.0,129.0,184.0,120.0
154.0,188.0,192.0,144.0,195.0
157.0,168.0,123.0,158.0,135.0
139.0,113.0,137.0,113.0,168.0
146.0,153.0,196.0,119.0,147.0
121.0,137.0,169.0,146.0,160.0
187.0,166.0,191.0,179.0,180.0
163.0,150.0,130.0,147.0,150.0
166.0,160.0,186.0,162.0,223.0
83.0,125.0,105.0,169.0,97.0
169.0,152.0,158.0,119.0,152.0
109.0,94.0,135.0,159.0,111.0
125.0,93.0,133.0,165.0,77.0
159.0,117.0,176.0,181.0,152.0
159.0,114.0,137.0,151.0,100.0
181.0,133.0,172.0,167.0,145.0
136.0,115.0,145.0,123.0,114.0
142.0,157.0,143.0,134.0,121.0
205.0,199.0,200.0,178.0,165.0
126.0,150.0,160.0,124.0,185.0
178.0,151.0,184.0,129.0,203.0
126.0,116.0,120.0,122.0,137.0
153.0,84.0,83.0,151.0,160.0
135.0,155.0,119.0,0.0,122.0
194.0,180.0,204.0,177.0,175.0
187.0,197.0,207.0,151.0,140.0
109.0,86.0,141.0,123.0,124.0
126.0,140.0,160.0,121.0,142.0
130.0,138.0,148.0,150.0,135.0
131.0,157.0,100.0,96.0,76.0
103.0,101.0,151.0,161.0,125.0
145.0,141.0,130.0,112.0,138.0
149.0,160.0,145.0,120.0,130.0
139.0,150.0,148.0,116.0,93.0
124.0,110.0,112.0,163.0,130.0
159.0,170.0,134.0,122.0,170.0
119.0,110.0,135.0,118.0,116.0
193.0,188.0,177.0,185.0,193.0
121.0,100.0,148.0,121.0,121.0
125.0,153.0,149.0,115.0,133.0
114.0,114.0,134.0,122.0,83.0
128.0,136.0,139.0,167.0,118.0
150.0,170.0,194.0,126.0,153.0
119.0,142.0,167.0,164.0,133.0
188.0,157.0,204.0,116.0,188.0
201.0,191.0,204.0,171.0,192.0
144.0,107.0,151.0,128.0,137.0
142.0,153.0,135.0,0.0,148.0
131.0,145.0,157.0,88.0,146.0
165.0,186.0,151.0,300.0,156.0
171.0,143.0,144.0,124.0,112.0
223.0,186.0,218.0,162.0,205.0
110.0,112.0,113.0,107.0,122.0
122.0,153.0,152.0,120.0,124.0
152.0,126.0,160.0,125.0,183.0
137.0,116.0,153.0,118.0,112.0
166.0,153.0,112.0,152.0,149.0
172.0,135.0,155.0,110.0,137.0
152.0,126.0,165.0,162.0,152.0
150.0,129.0,142.0,155.0,110.0
199.0,167.0,146.0,130.0,131.0
194.0,217.0,229.0,174.0,198.0
150.0,150.0,144.0,119.0,151.0
162.0,135.0,205.0,177.0,210.0
198.0,136.0,111.0,175.0,150.0
137.0,124.0,106.0,97.0,92.0
169.0,172.0,170.0,169.0,130.0
125.0,97.0,138.0,164.0,120.0
129.0,136.0,130.0,159.0,148.0
164.0,222.0,188.0,162.0,182.0
154.0,137.0,196.0,160.0,117.0
115.0,85.0,146.0,178.0,101.0
172.0,180.0,166.0,177.0,155.0
144.0,148.0,124.0,131.0,147.0
154.0,181.0,153.0,160.0,181.0
134.0,150.0,141.0,128.0,155.0
166.0,150.0,173.0,150.0,184.0
128.0,207.0,189.0,151.0,176.0
127.0,160.0,165.0,138.0,183.0
158.0,172.0,165.0,150.0,172.0
175.0,173.0,178.0,125.0,171.0
138.0,169.0,131.0,116.0,143.0
115.0,98.0,109.0,118.0,111.0
105.0,134.0,156.0,152.0,139.0
198.0,168.0,163.0,147.0,185.0
128.0,117.0,142.0,118.0,122.0
152.0,169.0,153.0,94.0,156.0
125.0,130.0,116.0,156.0,105.0
166.0,158.0,154.0,90.0,170.0
182.0,186.0,162.0,147.0,157.0
176.0,184.0,196.0,150.0,174.0
152.0,172.0,142.0,114.0,126.0
161.0,165.0,118.0,116.0,147.0
143.0,130.0,124.0,123.0,121.0
132.0,135.0,110.0,171.0,112.0
187.0,195.0,119.0,145.0,148.0
199.0,151.0,199.0,163.0,188.0
110.0,135.0,126.0,128.0,108.0
171.0,180.0,135.0,145.0,119.0
149.0,106.0,153.0,141.0,155.0
148.0,112.0,204.0,111.0,122.0
160.0,137.0,172.0,129.0,97.0
186.0,196.0,214.0,175.0,176.0
179.0,136.0,177.0,97.0,146.0
109.0,139.0,128.0,121.0,111.0
89.0,80.0,178.0,125.0,74.0
193.0,188.0,201.0,120.0,172.0
185.0,179.0,111.0,174.0,172.0
167.0,140.0,144.0,175.0,151.0
154.0,130.0,183.0,0.0,96.0
169.0,107.0,199.0,0.0,158.0
137.0,170.0,130.0,177.0,99.0
167.0,155.0,174.0,178.0,114.0
148.0,135.0,161.0,160.0,144.0
169.0,135.0,164.0,120.0,116.0
191.0,186.0,121.0,168.0,160.0
154.0,160.0,112.0,126.0,130.0
120.0,88.0,121.0,158.0,97.0
149.0,106.0,128.0,131.0,119.0
193.0,140.0,162.0,176.0,148.0
196.0,193.0,214.0,152.0,162.0
144.0,147.0,202.0,169.0,151.0
159.0,165.0,143.0,116.0,153.0
132.0,128.0,169.0,134.0,151.0
135.0,121.0,138.0,169.0,149.0
157.0,145.0,132.0,0.0,143.0
160.0,162.0,98.0,147.0,134.0
173.0,177.0,156.0,149.0,168.0
150.0,114.0,0.0,122.0,160.0
166.0,157.0,179.0,118.0,172.0
144.0,127.0,160.0,147.0,134.0
125.0,140.0,150.0,171.0,127.0
154.0,161.0,160.0,107.0,142.0
125.0,94.0,122.0,0.0,111.0
154.0,156.0,174.0,147.0,171.0
177.0,141.0,162.0,158.0,199.0
112.0,99.0,217.0,181.0,197.0
133.0,100.0,108.0,83.0,137.0
128.0,123.0,142.0,0.0,124.0
158.0,144.0,168.0,174.0,78.0
156.0,141.0,142.0,160.0,155.0
196.0,163.0,170.0,122.0,154.0
92.0,64.0,129.0,168.0,100.0
182.0,162.0,130.0,115.0,164.0
212.0,168.0,215.0,145.0,227.0
102.0,133.0,139.0,160.0,108.0
190.0,184.0,183.0,125.0,168.0
206.0,221.0,300.0,169.0,189.0
178.0,147.0,202.0,143.0,146.0
195.0,196.0,200.0,143.0,160.0
188.0,165.0,172.0,125.0,206.0
170.0,129.0,123.0,149.0,144.0
122.0,80.0,84.0,134.0,137.0
154.0,181.0,155.0,148.0,197.0
160.0,136.0,154.0,100.0,127.0
167.0,140.0,181.0,135.0,109.0
178.0,154.0,172.0,172.0,165.0
116.0,146.0,130.0,109.0,101.0
190.0,170.0,201.0,171.0,165.0
139.0,155.0,89.0,155.0,160.0
169.0,167.0,198.0,183.0,176.0
182.0,174.0,187.0,146.0,196.0
132.0,165.0,179.0,158.0,159.0
142.0,160.0,168.0,118.0,168.0
154.0,129.0,145.0,154.0,158.0
182.0,180.0,217.0,173.0,176.0
145.0,145.0,106.0,95.0,79.0
109.0,118.0,138.0,148.0,115.0
147.0,94.0,128.0,115.0,122.0
181.0,193.0,183.0,174.0,151.0
132.0,92.0,158.0,115.0,109.0
177.0,97.0,135.0,140.0,113.0
168.0,159.0,138.0,124.0,99.0
184.0,186.0,300.0,138.0,177.0
173.0,147.0,170.0,128.0,157.0
148.0,100.0,128.0,159.0,128.0
212.0,213.0,199.0,124.0,207.0
119.0,115.0,123.0,110.0,119.0
174.0,172.0,147.0,165.0,123.0
127.0,90.0,105.0,122.0,121.0
116.0,124.0,154.0,123.0,99.0
224.0,203.0,217.0,186.0,205.0
149.0,150.0,141.0,169.0,93.0
164.0,97.0,126.0,175.0,134.0
154.0,160.0,168.0,170.0,208.0
157.0,176.0,147.0,77.0,128.0
138.0,171.0,143.0,0.0,132.0
189.0,200.0,197.0,165.0,195.0
128.0,157.0,175.0,149.0,167.0
168.0,178.0,154.0,147.0,140.0
181.0,154.0,175.0,134.0,146.0
117.0,132.0,145.0,161.0,146.0
148.0,148.0,168.0,158.0,200.0
132.0,117.0,161.0,166.0,157.0
147.0,108.0,169.0,127.0,153.0
173.0,167.0,145.0,172.0,112.0
126.0,105.0,142.0,173.0,151.0
188.0,208.0,194.0,179.0,191.0
178.0,181.0,146.0,182.0,174.0
176.0,157.0,191.0,149.0,141.0
187.0,192.0,175.0,170.0,184.0
204.0,210.0,189.0,143.0,218.0
224.0,200.0,162.0,143.0,197.0
158.0,173.0,152.0,125.0,130.0
121.0,149.0,159.0,150.0,172.0
91.0,94.0,101.0,167.0,103.0
168.0,154.0,172.0,118.0,126.0
147.0,171.0,134.0,86.0,150.0
150.0,150.0,146.0,117.0,130.0
132.0,96.0,181.0,181.0,113.0
143.0,145.0,148.0,134.0,152.0
135.0,163.0,149.0,154.0,135.0
96.0,113.0,120.0,124.0,101.0
178.0,185.0,230.0,183.0,149.0
113.0,134.0,134.0,119.0,127.0
175.0,182.0,191.0,163.0,175.0
161.0,111.0,150.0,158.0,105.0
137.0,109.0,145.0,143.0,68.0
107.0,129.0,109.0,129.0,104.0
154.0,166.0,168.0,161.0,158.0
107.0,133.0,114.0,126.0,119.0
147.0,167.0,157.0,164.0,155.0
146.0,122.0,112.0,172.0,130.0
154.0,97.0,102.0,130.0,126.0
119.0,147.0,131.0,79.0,134.0
142.0,137.0,148.0,119.0,140.0
164.0,155.0,146.0,127.0,131.0
195.0,200.0,164.0,162.0,176.0
163.0,168.0,201.0,112.0,168.0
156.0,134.0,167.0,134.0,139.0
151.0,174.0,127.0,123.0,146.0
170.0,129.0,149.0,0.0,141.0
150.0,82.0,115.0,149.0,100.0
139.0,118.0,126.0,116.0,100.0
155.0,158.0,105.0,172.0,114.0
168.0,177.0,169.0,87.0,213.0
198.0,197.0,169.0,156.0,200.0
169.0,125.0,126.0,181.0,122.0
185.0,187.0,198.0,167.0,197.0
142.0,160.0,138.0,148.0,188.0
159.0,129.0,167.0,201.0,195.0
113.0,138.0,141.0,109.0,146.0
203.0,235.0,207.0,175.0,188.0
111.0,102.0,102.0,0.0,147.0
115.0,107.0,140.0,127.0,97.0
178.0,145.0,158.0,169.0,149.0
147.0,103.0,174.0,175.0,87.0
156.0,146.0,208.0,156.0,191.0
138.0,104.0,156.0,159.0,88.0
137.0,102.0,124.0,118.0,149.0
148.0,147.0,147.0,143.0,173.0
133.0,128.0,170.0,125.0,109.0
135.0,167.0,141.0,162.0,105.0
172.0,174.0,158.0,161.0,167.0
123.0,156.0,130.0,155.0,144.0
157.0,143.0,153.0,158.0,151.0
199.0,162.0,151.0,174.0,193.0
180.0,172.0,169.0,155.0,204.0
184.0,181.0,174.0,174.0,167.0
129.0,115.0,130.0,121.0,122.0
199.0,191.0,166.0,176.0,158.0
129.0,99.0,198.0,119.0,106.0
172.0,174.0,140.0,117.0,152.0
160.0,166.0,144.0,168.0,127.0
156.0,159.0,143.0,132.0,179.0
180.0,178.0,178.0,123.0,213.0
132.0,139.0,163.0,115.0,119.0
141.0,207.0,150.0,173.0,144.0
183.0,159.0,181.0,113.0,126.0
127.0,104.0,114.0,112.0,143.0
180.0,181.0,216.0,126.0,165.0
113.0,125.0,105.0,173.0,89.0
166.0,179.0,163.0,150.0,178.0
113.0,131.0,146.0,123.0,94.0
182.0,200.0,174.0,133.0,142.0
215.0,184.0,217.0,152.0,132.0
108.0,107.0,115.0,87.0,123.0
172.0,186.0,173.0,120.0,144.0
185.0,156.0,178.0,158.0,96.0
146.0,120.0,119.0,162.0,130.0
142.0,112.0,153.0,129.0,155.0
182.0,185.0,209.0,161.0,176.0
127.0,144.0,136.0,117.0,127.0
142.0,160.0,136.0,166.0,161.0
154.0,175.0,156.0,163.0,162.0
126.0,153.0,147.0,116.0,152.0
118.0,98.0,161.0,129.0,123.0
131.0,123.0,137.0,116.0,139.0
142.0,123.0,129.0,140.0,102.0
158.0,126.0,175.0,160.0,165.0
166.0,135.0,184.0,122.0,165.0
195.0,178.0,172.0,161.0,153.0
181.0,170.0,172.0,124.0,195.0
129.0,134.0,149.0,127.0,100.0
147.0,130.0,161.0,168.0,132.0
117.0,126.0,164.0,121.0,135.0
161.0,184.0,172.0,160.0,175.0
143.0,170.0,138.0,94.0,154.0
178.0,206.0,217.0,145.0,181.0
152.0,142.0,161.0,160.0,142.0
138.0,147.0,109.0,126.0,137.0
168.0,156.0,188.0,179.0,99.0
128.0,139.0,146.0,165.0,131.0
169.0,186.0,156.0,146.0,138.0
110.0,129.0,125.0,165.0,130.0
135.0,171.0,132.0,116.0,159.0
171.0,114.0,195.0,119.0,179.0
173.0,161.0,151.0,171.0,138.0
209.0,199.0,143.0,173.0,172.0
145.0,132.0,108.0,126.0,92.0
105.0,148.0,155.0,118.0,133.0
139.0,163.0,135.0,138.0,150.0
103.0,106.0,129.0,155.0,92.0
149.0,151.0,159.0,170.0,150.0
98.0,116.0,146.0,120.0,122.0
165.0,184.0,184.0,172.0,186.0
150.0,155.0,167.0,96.0,129.0
173.0,169.0,189.0,133.0,195.0
196.0,173.0,208.0,166.0,185.0
188.0,179.0,181.0,171.0,166.0
86.0,106.0,142.0,184.0,111.0
162.0,163.0,166.0,173.0,141.0
119.0,125.0,118.0,0.0,84.0
157.0,108.0,103.0,120.0,102.0
174.0,159.0,152.0,167.0,128.0
178.0,180.0,139.0,159.0,184.0
124.0,151.0,214.0,172.0,151.0
122.0,115.0,150.0,123.0,142.0
152.0,159.0,158.0,159.0,179.0
171.0,152.0,145.0,117.0,151.0
167.0,177.0,171.0,129.0,177.0
112.0,119.0,125.0,150.0,114.0
150.0,165.0,141.0,143.0,134.0
146.0,132.0,151.0,0.0,171.0
113.0,151.0,117.0,165.0,136.0
163.0,154.0,182.0,164.0,171.0
117.0,128.0,149.0,0.0,153.0
183.0,190.0,183.0,124.0,165.0
152.0,106.0,147.0,127.0,111.0
123.0,99.0,144.0,119.0,148.0
146.0,165.0,147.0,120.0,113.0
141.0,134.0,146.0,0.0,153.0
151.0,148.0,193.0,117.0,140.0
191.0,190.0,186.0,192.0,185.0
170.0,190.0,135.0,169.0,100.0
197.0,191.0,300.0,108.0,166.0
220.0,213.0,220.0,300.0,204.0
145.0,86.0,162.0,144.0,131.0
159.0,171.0,135.0,140.0,149.0
113.0,126.0,115.0,129.0,90.0
130.0,137.0,112.0,147.0,114.0
95.0,91.0,159.0,0.0,136.0
128.0,114.0,118.0,123.0,106.0
157.0,144.0,121.0,162.0,141.0
154.0,159.0,141.0,0.0,177.0
169.0,192.0,187.0,181.0,174.0
185.0,174.0,200.0,0.0,216.0
124.0,147.0,159.0,115.0,161.0
160.0,152.0,192.0,178.0,179.0
187.0,185.0,181.0,179.0,143.0
209.0,178.0,221.0,185.0,221.0
169.0,181.0,141.0,178.0,191.0
121.0,147.0,149.0,129.0,164.0
185.0,190.0,162.0,136.0,194.0
114.0,129.0,99.0,67.0,151.0
196.0,208.0,300.0,160.0,300.0
144.0,117.0,204.0,154.0,175.0
120.0,74.0,97.0,132.0,154.0
140.0,159.0,156.0,166.0,132.0
160.0,149.0,156.0,124.0,182.0
141.0,139.0,141.0,127.0,166.0
167.0,169.0,137.0,79.0,141.0
140.0,145.0,112.0,122.0,135.0
118.0,130.0,135.0,136.0,141.0
107.0,86.0,102.0,164.0,84.0
155.0,170.0,129.0,118.0,158.0
106.0,74.0,173.0,172.0,140.0
145.0,153.0,143.0,169.0,156.0
158.0,131.0,190.0,93.0,144.0
120.0,77.0,151.0,171.0,151.0
196.0,181.0,173.0,152.0,204.0
204.0,162.0,194.0,149.0,150.0
134.0,115.0,174.0,108.0,172.0
191.0,143.0,184.0,178.0,209.0
189.0,182.0,218.0,120.0,195.0
229.0,201.0,193.0,185.0,209.0
143.0,135.0,113.0,126.0,123.0
167.0,174.0,184.0,140.0,128.0
215.0,213.0,209.0,157.0,187.0
137.0,169.0,134.0,116.0,166.0
99.0,94.0,120.0,87.0,109.0
129.0,123.0,149.0,127.0,140.0
0.0,0.0,0.0,178.0,0.0
153.0,176.0,156.0,159.0,128.0
82.0,93.0,116.0,0.0,67.0
147.0,181.0,133.0,176.0,140.0
147.0,142.0,128.0,153.0,176.0
108.0,138.0,123.0,128.0,128.0
191.0,181.0,202.0,151.0,203.0
134.0,122.0,117.0,175.0,142.0
182.0,161.0,119.0,154.0,139.0
124.0,120.0,142.0,89.0,154.0
183.0,175.0,300.0,133.0,165.0
144.0,128.0,108.0,153.0,77.0
82.0,98.0,125.0,0.0,108.0
152.0,141.0,160.0,148.0,179.0
160.0,162.0,213.0,114.0,132.0
143.0,152.0,162.0,124.0,139.0
215.0,207.0,217.0,300.0,168.0
132.0,137.0,153.0,116.0,148.0
133.0,114.0,184.0,0.0,226.0
103.0,91.0,108.0,141.0,119.0
113.0,145.0,129.0,90.0,140.0
160.0,172.0,160.0,162.0,159.0
129.0,127.0,201.0,153.0,91.0
113.0,85.0,120.0,146.0,75.0
155.0,196.0,129.0,141.0,159.0
181.0,162.0,193.0,150.0,91.0
178.0,186.0,201.0,171.0,179.0
190.0,154.0,153.0,153.0,156.0
146.0,193.0,175.0,175.0,180.0
172.0,195.0,181.0,174.0,135.0
95.0,81.0,132.0,154.0,129.0
137.0,153.0,165.0,185.0,119.0
114.0,95.0,119.0,150.0,111.0
192.0,212.0,212.0,122.0,181.0
146.0,159.0,185.0,112.0,108.0
117.0,86.0,157.0,90.0,140.0
105.0,102.0,119.0,119.0,98.0
174.0,173.0,180.0,147.0,117.0
143.0,141.0,175.0,115.0,132.0
100.0,132.0,132.0,115.0,110.0
158.0,159.0,156.0,109.0,126.0
115.0,142.0,142.0,0.0,109.0
142.0,140.0,197.0,167.0,160.0
189.0,171.0,205.0,110.0,198.0
161.0,155.0,137.0,154.0,146.0
125.0,158.0,163.0,175.0,100.0
137.0,133.0,153.0,128.0,142.0
204.0,228.0,300.0,169.0,207.0
115.0,152.0,150.0,131.0,142.0
154.0,174.0,165.0,199.0,175.0
153.0,167.0,121.0,121.0,190.0
125.0,129.0,153.0,119.0,127.0
164.0,153.0,168.0,137.0,124.0
94.0,139.0,170.0,177.0,141.0
147.0,155.0,126.0,0.0,120.0
112.0,100.0,124.0,177.0,110.0
182.0,157.0,180.0,166.0,163.0
161.0,162.0,157.0,126.0,168.0
186.0,177.0,189.0,176.0,185.0
155.0,142.0,129.0,123.0,139.0
123.0,92.0,116.0,99.0,136.0
129.0,92.0,139.0,189.0,126.0
137.0,132.0,146.0,125.0,107.0
139.0,132.0,143.0,170.0,128.0
148.0,160.0,167.0,156.0,174.0
151.0,150.0,147.0,129.0,184.0
141.0,164.0,200.0,180.0,117.0
168.0,160.0,167.0,114.0,176.0
136.0,117.0,139.0,123.0,104.0
132.0,142.0,136.0,145.0,138.0
147.0,154.0,160.0,153.0,166.0
113.0,115.0,137.0,121.0,105.0
167.0,150.0,169.0,153.0,160.0
169.0,174.0,196.0,181.0,176.0
164.0,150.0,120.0,164.0,112.0
171.0,101.0,209.0,123.0,182.0
130.0,154.0,165.0,66.0,165.0
109.0,184.0,181.0,125.0,105.0
125.0,150.0,164.0,109.0,113.0
149.0,125.0,125.0,177.0,134.0
170.0,187.0,155.0,192.0,151.0
140.0,156.0,196.0,154.0,141.0
178.0,188.0,185.0,171.0,154.0
104.0,129.0,150.0,163.0,92.0
147.0,86.0,147.0,156.0,137.0
136.0,162.0,152.0,112.0,126.0
179.0,159.0,151.0,151.0,92.0
175.0,211.0,211.0,165.0,209.0
158.0,161.0,155.0,176.0,132.0
142.0,156.0,158.0,179.0,151.0
129.0,97.0,120.0,120.0,88.0
207.0,201.0,219.0,150.0,189.0
210.0,180.0,196.0,127.0,154.0
138.0,127.0,177.0,188.0,145.0
117.0,126.0,146.0,138.0,106.0
128.0,141.0,132.0,180.0,131.0
190.0,208.0,146.0,161.0,176.0
168.0,158.0,141.0,168.0,178.0
206.0,203.0,212.0,190.0,212.0
140.0,153.0,174.0,160.0,188.0
123.0,113.0,106.0,163.0,170.0
164.0,131.0,184.0,168.0,109.0
116.0,175.0,130.0,139.0,135.0
157.0,184.0,134.0,126.0,208.0
162.0,200.0,176.0,169.0,179.0
173.0,168.0,191.0,184.0,173.0
105.0,125.0,86.0,125.0,147.0
137.0,106.0,102.0,149.0,132.0
207.0,190.0,171.0,154.0,180.0
172.0,138.0,200.0,169.0,129.0
153.0,173.0,155.0,128.0,141.0
208.0,195.0,174.0,210.0,164.0
187.0,181.0,175.0,175.0,163.0
157.0,163.0,145.0,173.0,149.0
163.0,180.0,186.0,124.0,143.0
116.0,98.0,113.0,126.0,100.0
183.0,175.0,150.0,102.0,144.0
166.0,117.0,145.0,148.0,177.0
184.0,202.0,200.0,138.0,190.0
145.0,167.0,148.0,131.0,196.0
131.0,130.0,142.0,114.0,119.0
220.0,300.0,218.0,198.0,178.0
109.0,126.0,128.0,122.0,124.0
177.0,185.0,195.0,177.0,152.0
140.0,119.0,138.0,143.0,103.0
148.0,116.0,165.0,110.0,152.0
89.0,139.0,114.0,116.0,99.0
214.0,166.0,184.0,171.0,169.0
159.0,135.0,175.0,124.0,107.0
126.0,126.0,140.0,110.0,100.0
124.0,156.0,113.0,107.0,135.0
176.0,203.0,195.0,170.0,166.0
93.0,84.0,119.0,158.0,123.0
153.0,165.0,127.0,144.0,148.0
107.0,129.0,121.0,122.0,106.0
141.0,131.0,128.0,152.0,99.0
187.0,165.0,178.0,189.0,134.0
117.0,145.0,173.0,147.0,129.0
147.0,131.0,155.0,181.0,136.0
122.0,116.0,111.0,149.0,108.0
139.0,77.0,117.0,158.0,138.0
193.0,208.0,194.0,165.0,98.0
124.0,156.0,134.0,124.0,135.0
142.0,172.0,169.0,112.0,161.0
196.0,197.0,220.0,184.0,155.0
159.0,161.0,150.0,162.0,157.0
180.0,182.0,201.0,140.0,131.0
189.0,182.0,189.0,129.0,169.0
174.0,143.0,186.0,152.0,168.0
90.0,121.0,109.0,125.0,101.0
164.0,139.0,125.0,165.0,149.0
136.0,130.0,300.0,126.0,144.0
106.0,90.0,119.0,127.0,120.0
108.0,127.0,114.0,120.0,121.0
151.0,139.0,209.0,129.0,113.0
193.0,169.0,157.0,141.0,186.0
127.0,125.0,140.0,175.0,132.0
107.0,107.0,140.0,162.0,134.0
120.0,113.0,107.0,143.0,148.0
155.0,161.0,110.0,0.0,119.0
177.0,181.0,154.0,171.0,171.0
162.0,186.0,197.0,171.0,196.0
150.0,128.0,105.0,115.0,140.0
161.0,178.0,175.0,157.0,184.0
117.0,116.0,104.0,0.0,95.0
157.0,123.0,146.0,147.0,166.0
148.0,180.0,174.0,129.0,189.0
203.0,197.0,220.0,168.0,213.0
160.0,169.0,166.0,114.0,167.0
136.0,149.0,152.0,166.0,121.0
116.0,111.0,124.0,137.0,160.0
144.0,121.0,150.0,132.0,134.0
161.0,163.0,148.0,161.0,91.0
190.0,185.0,162.0,151.0,166.0
165.0,141.0,140.0,125.0,143.0
168.0,102.0,174.0,132.0,139.0
194.0,191.0,205.0,118.0,189.0
145.0,163.0,120.0,145.0,102.0
200.0,208.0,198.0,183.0,167.0
219.0,105.0,210.0,163.0,133.0
187.0,197.0,201.0,163.0,222.0
200.0,152.0,207.0,162.0,160.0
168.0,118.0,205.0,141.0,91.0
132.0,85.0,95.0,0.0,113.0
143.0,115.0,154.0,142.0,125.0
166.0,147.0,163.0,90.0,126.0
127.0,115.0,125.0,186.0,138.0
174.0,174.0,134.0,165.0,162.0
156.0,197.0,176.0,147.0,139.0
176.0,194.0,171.0,167.0,167.0
200.0,181.0,159.0,155.0,166.0
196.0,187.0,206.0,171.0,217.0
116.0,155.0,134.0,0.0,90.0
138.0,136.0,155.0,119.0,128.0
138.0,156.0,133.0,120.0,126.0
148.0,134.0,146.0,91.0,131.0
141.0,151.0,176.0,169.0,130.0
115.0,100.0,104.0,98.0,108.0
158.0,186.0,184.0,162.0,208.0
174.0,162.0,159.0,123.0,138.0
133.0,159.0,139.0,153.0,141.0
182.0,161.0,130.0,151.0,126.0
157.0,213.0,151.0,150.0,126.0
173.0,171.0,216.0,163.0,133.0
180.0,163.0,140.0,120.0,144.0
161.0,160.0,191.0,180.0,198.0
170.0,166.0,155.0,146.0,139.0
199.0,167.0,227.0,189.0,160.0
156.0,149.0,171.0,123.0,136.0
165.0,173.0,142.0,128.0,147.0
162.0,117.0,182.0,127.0,140.0
177.0,172.0,176.0,144.0,167.0
115.0,126.0,156.0,161.0,130.0
100.0,81.0,111.0,0.0,89.0
128.0,117.0,116.0,149.0,134.0
138.0,145.0,145.0,151.0,163.0
128.0,123.0,151.0,109.0,146.0
155.0,142.0,148.0,149.0,138.0
200.0,183.0,119.0,152.0,172.0
87.0,129.0,115.0,154.0,132.0
145.0,138.0,144.0,134.0,129.0
113.0,110.0,151.0,118.0,133.0
121.0,163.0,124.0,0.0,114.0
146.0,139.0,175.0,155.0,152.0
131.0,99.0,132.0,130.0,122.0
152.0,126.0,199.0,171.0,141.0
149.0,134.0,125.0,159.0,176.0
177.0,166.0,153.0,132.0,159.0
155.0,152.0,134.0,175.0,120.0
168.0,190.0,197.0,202.0,129.0
198.0,184.0,205.0,149.0,169.0
117.0,176.0,143.0,147.0,122.0
212.0,191.0,176.0,153.0,161.0
142.0,111.0,137.0,168.0,120.0
187.0,184.0,193.0,126.0,195.0
174.0,156.0,174.0,117.0,190.0
150.0,177.0,161.0,158.0,130.0
164.0,134.0,158.0,123.0,134.0
146.0,131.0,202.0,151.0,127.0
106.0,140.0,131.0,166.0,121.0
148.0,142.0,105.0,99.0,137.0
160.0,111.0,181.0,121.0,150.0
117.0,103.0,107.0,162.0,91.0
147.0,149.0,167.0,161.0,162.0
147.0,154.0,173.0,126.0,146.0
164.0,153.0,169.0,170.0,132.0
168.0,151.0,131.0,131.0,123.0
194.0,171.0,166.0,142.0,176.0
142.0,126.0,134.0,125.0,138.0
113.0,114.0,139.0,94.0,106.0
189.0,135.0,186.0,186.0,189.0
137.0,118.0,138.0,165.0,142.0
140.0,126.0,150.0,179.0,149.0
143.0,135.0,172.0,144.0,135.0
144.0,174.0,157.0,0.0,184.0
201.0,200.0,220.0,165.0,184.0
172.0,89.0,143.0,150.0,158.0
204.0,201.0,173.0,300.0,127.0
180.0,200.0,204.0,150.0,189.0
152.0,157.0,147.0,108.0,149.0
172.0,178.0,166.0,114.0,149.0
155.0,118.0,134.0,160.0,148.0
158.0,193.0,205.0,202.0,137.0
133.0,98.0,169.0,173.0,133.0
175.0,171.0,169.0,118.0,173.0
231.0,185.0,199.0,154.0,84.0
197.0,199.0,200.0,148.0,164.0
117.0,97.0,114.0,119.0,153.0
170.0,156.0,163.0,161.0,140.0
116.0,92.0,120.0,0.0,88.0
129.0,125.0,152.0,115.0,129.0
138.0,117.0,129.0,145.0,90.0
152.0,85.0,223.0,173.0,134.0
177.0,180.0,172.0,146.0,96.0
201.0,300.0,185.0,189.0,179.0
164.0,181.0,153.0,153.0,132.0
191.0,198.0,203.0,146.0,195.0
137.0,143.0,113.0,115.0,114.0
115.0,139.0,125.0,0.0,126.0
138.0,151.0,116.0,123.0,136.0
136.0,130.0,158.0,93.0,121.0
168.0,142.0,165.0,133.0,164.0
212.0,203.0,179.0,169.0,215.0
150.0,127.0,106.0,123.0,129.0
107.0,132.0,130.0,165.0,91.0
128.0,156.0,125.0,150.0,126.0
111.0,132.0,124.0,94.0,125.0
162.0,144.0,144.0,82.0,140.0
132.0,119.0,122.0,168.0,109.0
188.0,222.0,219.0,154.0,154.0
119.0,117.0,89.0,110.0,105.0
108.0,129.0,132.0,0.0,94.0
125.0,115.0,136.0,89.0,116.0
141.0,152.0,167.0,154.0,100.0
122.0,110.0,96.0,129.0,107.0
104.0,113.0,140.0,151.0,100.0
119.0,130.0,129.0,0.0,124.0
116.0,99.0,116.0,0.0,122.0
120.0,112.0,136.0,110.0,107.0
170.0,136.0,194.0,165.0,151.0
216.0,187.0,228.0,160.0,194.0
144.0,161.0,146.0,123.0,150.0
133.0,117.0,116.0,127.0,144.0
134.0,121.0,101.0,149.0,142.0
166.0,185.0,201.0,174.0,141.0
172.0,110.0,145.0,134.0,143.0
191.0,175.0,151.0,165.0,168.0
156.0,179.0,153.0,156.0,146.0
191.0,197.0,198.0,156.0,193.0
119.0,133.0,93.0,187.0,120.0
143.0,154.0,156.0,169.0,129.0
145.0,113.0,114.0,126.0,113.0
187.0,181.0,128.0,119.0,138.0
169.0,143.0,171.0,0.0,159.0
144.0,148.0,144.0,139.0,90.0
143.0,131.0,166.0,151.0,162.0
130.0,102.0,148.0,118.0,162.0
127.0,101.0,137.0,0.0,120.0
101.0,182.0,175.0,133.0,141.0
204.0,192.0,152.0,98.0,145.0
97.0,101.0,124.0,123.0,89.0
112.0,93.0,121.0,135.0,140.0
188.0,167.0,164.0,123.0,150.0
218.0,189.0,202.0,172.0,208.0
167.0,157.0,170.0,163.0,118.0
195.0,188.0,192.0,171.0,208.0
140.0,128.0,166.0,169.0,131.0
82.0,115.0,118.0,0.0,113.0
210.0,197.0,181.0,124.0,167.0
130.0,103.0,100.0,119.0,68.0
156.0,155.0,152.0,172.0,116.0
216.0,196.0,178.0,173.0,114.0
181.0,212.0,201.0,163.0,152.0
204.0,180.0,215.0,164.0,160.0
110.0,103.0,116.0,118.0,93.0
149.0,185.0,182.0,87.0,193.0
136.0,124.0,142.0,177.0,148.0
167.0,113.0,142.0,124.0,131.0
137.0,174.0,131.0,0.0,136.0
191.0,123.0,186.0,115.0,147.0
207.0,175.0,193.0,123.0,173.0
166.0,137.0,132.0,183.0,191.0
150.0,107.0,133.0,0.0,177.0
188.0,152.0,194.0,110.0,173.0
167.0,173.0,163.0,189.0,184.0
209.0,202.0,200.0,175.0,155.0
118.0,67.0,0.0,0.0,93.0
151.0,98.0,137.0,189.0,149.0
143.0,159.0,121.0,155.0,126.0
194.0,184.0,200.0,149.0,162.0
139.0,160.0,164.0,127.0,152.0
130.0,100.0,125.0,113.0,91.0
151.0,173.0,153.0,118.0,155.0
153.0,165.0,166.0,138.0,78.0
116.0,100.0,113.0,164.0,114.0
168.0,113.0,142.0,93.0,135.0
182.0,163.0,175.0,160.0,152.0
175.0,137.0,108.0,152.0,123.0
156.0,145.0,121.0,134.0,111.0
188.0,201.0,210.0,122.0,213.0
117.0,121.0,142.0,152.0,114.0
153.0,137.0,162.0,0.0,97.0
181.0,147.0,166.0,125.0,146.0
162.0,148.0,133.0,112.0,136.0
134.0,152.0,102.0,170.0,170.0
139.0,155.0,131.0,132.0,119.0
128.0,96.0,120.0,115.0,115.0
147.0,144.0,132.0,151.0,145.0
187.0,153.0,165.0,121.0,170.0
155.0,142.0,150.0,139.0,163.0
201.0,189.0,147.0,135.0,167.0
207.0,171.0,190.0,300.0,143.0
148.0,113.0,139.0,149.0,130.0
210.0,196.0,197.0,167.0,198.0
205.0,148.0,182.0,159.0,133.0
174.0,174.0,167.0,176.0,154.0
173.0,184.0,182.0,118.0,154.0
152.0,150.0,155.0,158.0,136.0
146.0,191.0,158.0,166.0,166.0
147.0,111.0,148.0,128.0,123.0
114.0,105.0,129.0,162.0,133.0
188.0,173.0,136.0,177.0,130.0
148.0,143.0,141.0,119.0,135.0
129.0,107.0,131.0,120.0,103.0
137.0,159.0,113.0,123.0,117.0
199.0,184.0,209.0,180.0,135.0
148.0,145.0,130.0,146.0,128.0
95.0,75.0,114.0,113.0,94.0
119.0,103.0,100.0,95.0,111.0
106.0,159.0,157.0,154.0,161.0
188.0,105.0,105.0,129.0,130.0
133.0,148.0,163.0,0.0,142.0
159.0,169.0,133.0,163.0,125.0
192.0,157.0,200.0,133.0,207.0
167.0,104.0,127.0,172.0,155.0
209.0,200.0,228.0,163.0,300.0
178.0,188.0,209.0,145.0,163.0
186.0,161.0,157.0,174.0,133.0
123.0,116.0,124.0,107.0,122.0
113.0,117.0,144.0,170.0,91.0
175.0,128.0,150.0,124.0,146.0
166.0,130.0,146.0,161.0,179.0
96.0,112.0,200.0,127.0,116.0
136.0,187.0,168.0,164.0,105.0
164.0,176.0,211.0,170.0,143.0
181.0,180.0,158.0,151.0,167.0
120.0,125.0,109.0,149.0,103.0
156.0,167.0,169.0,156.0,127.0
169.0,185.0,198.0,164.0,181.0
82.0,110.0,136.0,161.0,94.0
184.0,160.0,185.0,113.0,141.0
177.0,176.0,131.0,154.0,190.0
150.0,147.0,127.0,129.0,86.0
117.0,101.0,165.0,122.0,137.0
144.0,124.0,123.0,126.0,172.0
150.0,105.0,123.0,131.0,97.0
168.0,189.0,140.0,129.0,152.0
107.0,122.0,139.0,121.0,114.0
157.0,183.0,186.0,146.0,118.0
192.0,174.0,138.0,126.0,162.0
170.0,138.0,170.0,160.0,170.0
154.0,148.0,176.0,143.0,135.0
124.0,109.0,133.0,114.0,139.0
199.0,186.0,160.0,130.0,123.0
300.0,228.0,211.0,154.0,217.0
167.0,162.0,167.0,147.0,172.0
145.0,142.0,130.0,182.0,128.0
169.0,181.0,189.0,149.0,116.0
160.0,141.0,159.0,180.0,122.0
139.0,103.0,153.0,121.0,152.0
196.0,192.0,184.0,115.0,226.0
180.0,155.0,159.0,0.0,158.0
120.0,128.0,139.0,169.0,163.0
134.0,112.0,108.0,0.0,100.0
201.0,193.0,190.0,144.0,197.0
152.0,161.0,142.0,154.0,113.0
141.0,147.0,163.0,117.0,121.0
117.0,75.0,144.0,152.0,159.0
131.0,144.0,116.0,125.0,142.0
193.0,180.0,179.0,182.0,192.0
140.0,105.0,190.0,144.0,111.0
104.0,100.0,128.0,144.0,128.0
147.0,153.0,164.0,115.0,151.0
99.0,83.0,113.0,86.0,87.0
133.0,157.0,136.0,162.0,141.0
187.0,150.0,165.0,149.0,137.0
163.0,173.0,159.0,152.0,132.0
130.0,151.0,159.0,157.0,70.0
188.0,168.0,181.0,153.0,159.0
190.0,151.0,187.0,120.0,175.0
115.0,97.0,122.0,174.0,141.0
114.0,127.0,132.0,149.0,147.0
167.0,156.0,133.0,159.0,122.0
118.0,120.0,108.0,114.0,137.0
196.0,157.0,209.0,151.0,187.0
168.0,160.0,209.0,158.0,149.0
178.0,144.0,168.0,115.0,176.0
163.0,99.0,129.0,152.0,141.0
155.0,106.0,109.0,111.0,122.0
164.0,156.0,139.0,158.0,164.0
114.0,114.0,168.0,118.0,145.0
158.0,134.0,148.0,153.0,176.0
217.0,172.0,177.0,151.0,177.0
172.0,178.0,202.0,147.0,164.0
108.0,123.0,109.0,127.0,88.0
222.0,202.0,199.0,124.0,159.0
115.0,78.0,105.0,72.0,88.0
161.0,129.0,171.0,105.0,161.0
129.0,175.0,151.0,167.0,160.0
183.0,188.0,209.0,157.0,187.0
167.0,179.0,0.0,117.0,171.0
168.0,143.0,181.0,140.0,136.0
134.0,158.0,111.0,132.0,133.0
180.0,187.0,159.0,0.0,151.0
172.0,175.0,199.0,178.0,182.0
190.0,179.0,180.0,170.0,164.0
166.0,128.0,127.0,127.0,160.0
167.0,127.0,140.0,143.0,124.0
178.0,156.0,185.0,154.0,216.0
132.0,107.0,168.0,157.0,116.0
164.0,140.0,134.0,168.0,169.0
163.0,183.0,136.0,162.0,184.0
155.0,167.0,192.0,183.0,147.0
130.0,171.0,166.0,300.0,183.0
162.0,166.0,170.0,171.0,156.0
162.0,179.0,171.0,121.0,144.0
185.0,138.0,179.0,116.0,165.0
215.0,163.0,300.0,192.0,138.0
150.0,153.0,200.0,124.0,105.0
179.0,175.0,183.0,131.0,149.0
163.0,174.0,151.0,147.0,155.0
177.0,157.0,198.0,173.0,181.0
125.0,112.0,108.0,112.0,104.0
189.0,178.0,205.0,165.0,196.0
194.0,161.0,166.0,143.0,122.0
141.0,132.0,169.0,150.0,116.0
203.0,195.0,205.0,168.0,197.0
162.0,134.0,145.0,153.0,141.0
177.0,131.0,147.0,145.0,144.0
219.0,206.0,184.0,116.0,175.0
134.0,152.0,210.0,117.0,181.0
204.0,215.0,220.0,157.0,198.0
145.0,128.0,140.0,128.0,183.0
199.0,189.0,196.0,167.0,174.0
180.0,179.0,146.0,0.0,179.0
100.0,94.0,119.0,149.0,72.0
100.0,120.0,126.0,121.0,111.0
97.0,128.0,91.0,120.0,98.0
133.0,99.0,199.0,113.0,109.0
175.0,196.0,158.0,154.0,164.0
150.0,136.0,173.0,160.0,106.0
177.0,156.0,127.0,150.0,165.0
174.0,192.0,175.0,167.0,163.0
168.0,186.0,149.0,131.0,172.0
126.0,124.0,163.0,133.0,132.0
158.0,153.0,166.0,159.0,183.0
204.0,180.0,179.0,152.0,196.0
161.0,138.0,138.0,173.0,141.0
142.0,162.0,141.0,0.0,139.0
151.0,115.0,151.0,177.0,109.0
145.0,136.0,165.0,0.0,168.0
125.0,108.0,154.0,127.0,105.0
168.0,177.0,137.0,174.0,129.0
163.0,159.0,164.0,126.0,108.0
197.0,190.0,172.0,186.0,141.0
166.0,161.0,142.0,154.0,146.0
168.0,179.0,171.0,126.0,148.0
142.0,187.0,114.0,162.0,138.0
127.0,115.0,165.0,143.0,171.0
116.0,121.0,145.0,171.0,134.0
181.0,159.0,187.0,174.0,178.0
181.0,196.0,172.0,163.0,169.0
126.0,145.0,163.0,150.0,129.0
208.0,134.0,300.0,170.0,199.0
197.0,198.0,197.0,128.0,145.0
151.0,104.0,127.0,123.0,129.0
106.0,140.0,108.0,126.0,108.0
169.0,157.0,138.0,169.0,148.0
213.0,210.0,164.0,175.0,169.0
127.0,141.0,112.0,0.0,79.0
210.0,209.0,220.0,170.0,207.0
166.0,182.0,151.0,124.0,203.0
150.0,117.0,184.0,134.0,115.0
150.0,121.0,105.0,122.0,139.0
184.0,166.0,210.0,154.0,177.0
111.0,120.0,113.0,123.0,83.0
126.0,105.0,104.0,136.0,123.0
132.0,161.0,108.0,121.0,98.0
191.0,166.0,213.0,162.0,146.0
213.0,192.0,211.0,170.0,203.0
126.0,110.0,103.0,127.0,104.0
160.0,148.0,149.0,113.0,155.0
147.0,159.0,166.0,117.0,115.0
160.0,156.0,177.0,171.0,195.0
131.0,120.0,125.0,126.0,120.0
150.0,110.0,112.0,152.0,142.0
144.0,108.0,139.0,143.0,134.0
109.0,154.0,124.0,149.0,135.0
96.0,107.0,109.0,148.0,79.0
146.0,138.0,175.0,124.0,159.0
213.0,167.0,162.0,169.0,133.0
125.0,100.0,130.0,130.0,128.0
137.0,116.0,179.0,121.0,135.0
136.0,132.0,117.0,148.0,98.0
180.0,161.0,143.0,195.0,140.0
164.0,161.0,149.0,129.0,172.0
156.0,153.0,171.0,145.0,203.0
118.0,133.0,126.0,137.0,135.0
129.0,98.0,119.0,0.0,138.0
176.0,194.0,189.0,168.0,151.0
168.0,131.0,155.0,120.0,132.0
180.0,136.0,140.0,0.0,129.0
172.0,164.0,117.0,148.0,163.0
168.0,178.0,212.0,169.0,195.0
117.0,91.0,147.0,124.0,95.0
122.0,140.0,131.0,151.0,99.0
174.0,166.0,180.0,167.0,165.0
149.0,139.0,133.0,123.0,144.0
103.0,126.0,121.0,162.0,124.0
153.0,92.0,96.0,116.0,120.0
94.0,109.0,116.0,98.0,156.0
143.0,145.0,139.0,124.0,112.0
108.0,79.0,94.0,120.0,102.0
161.0,196.0,171.0,177.0,132.0
147.0,118.0,148.0,122.0,147.0
131.0,109.0,133.0,165.0,133.0
161.0,134.0,117.0,173.0,110.0
151.0,170.0,197.0,169.0,142.0
183.0,213.0,155.0,120.0,183.0
144.0,128.0,134.0,141.0,119.0
140.0,147.0,152.0,125.0,121.0
163.0,162.0,160.0,150.0,154.0
205.0,201.0,199.0,117.0,188.0
119.0,151.0,139.0,107.0,107.0
148.0,117.0,123.0,77.0,122.0
123.0,117.0,78.0,172.0,100.0
162.0,157.0,93.0,125.0,135.0
128.0,109.0,123.0,139.0,104.0
168.0,184.0,179.0,110.0,130.0
159.0,191.0,140.0,130.0,179.0
184.0,169.0,201.0,173.0,150.0
133.0,110.0,141.0,127.0,120.0
145.0,102.0,153.0,131.0,121.0
159.0,139.0,147.0,169.0,173.0
148.0,122.0,126.0,0.0,131.0
127.0,154.0,138.0,160.0,134.0
154.0,176.0,162.0,118.0,171.0
164.0,162.0,203.0,149.0,141.0
116.0,124.0,151.0,156.0,149.0
154.0,151.0,154.0,172.0,184.0
128.0,74.0,108.0,0.0,119.0
202.0,192.0,204.0,185.0,178.0
159.0,107.0,133.0,122.0,112.0
109.0,126.0,165.0,152.0,156.0
146.0,158.0,158.0,157.0,134.0
121.0,119.0,115.0,90.0,90.0
205.0,218.0,300.0,169.0,169.0
126.0,145.0,170.0,131.0,73.0
154.0,134.0,172.0,157.0,114.0
203.0,163.0,171.0,124.0,146.0
176.0,167.0,121.0,161.0,154.0
164.0,147.0,113.0,163.0,142.0
125.0,113.0,134.0,0.0,139.0
178.0,128.0,163.0,143.0,190.0
139.0,126.0,182.0,142.0,124.0
159.0,163.0,155.0,158.0,144.0
141.0,136.0,157.0,114.0,159.0
132.0,155.0,140.0,136.0,133.0
197.0,212.0,173.0,165.0,152.0
160.0,160.0,175.0,123.0,144.0
184.0,155.0,156.0,118.0,146.0
122.0,141.0,141.0,192.0,157.0
122.0,166.0,123.0,179.0,111.0
122.0,100.0,134.0,117.0,109.0
154.0,168.0,162.0,155.0,147.0
145.0,138.0,158.0,148.0,117.0
155.0,134.0,164.0,164.0,143.0
207.0,187.0,300.0,188.0,183.0
171.0,168.0,161.0,164.0,137.0
169.0,140.0,159.0,146.0,198.0
125.0,93.0,102.0,0.0,100.0
222.0,222.0,220.0,184.0,199.0
183.0,200.0,173.0,130.0,162.0
201.0,195.0,210.0,175.0,192.0
116.0,148.0,111.0,119.0,93.0
179.0,173.0,154.0,148.0,162.0
145.0,162.0,213.0,158.0,143.0
158.0,141.0,168.0,168.0,134.0
124.0,137.0,135.0,122.0,115.0
185.0,152.0,195.0,155.0,143.0
150.0,162.0,167.0,166.0,184.0
217.0,186.0,172.0,164.0,191.0
160.0,163.0,163.0,147.0,188.0
160.0,158.0,190.0,145.0,130.0
127.0,131.0,176.0,149.0,163.0
147.0,128.0,139.0,112.0,106.0
119.0,106.0,139.0,0.0,113.0
111.0,144.0,129.0,140.0,127.0
121.0,140.0,141.0,110.0,85.0
190.0,178.0,191.0,157.0,141.0
130.0,163.0,117.0,166.0,107.0
155.0,166.0,189.0,119.0,187.0
197.0,201.0,178.0,173.0,178.0
131.0,139.0,121.0,208.0,139.0
176.0,189.0,194.0,154.0,199.0
151.0,157.0,150.0,166.0,110.0
168.0,157.0,143.0,116.0,126.0
201.0,182.0,205.0,113.0,208.0
157.0,182.0,145.0,85.0,148.0
192.0,186.0,197.0,175.0,137.0
152.0,122.0,133.0,112.0,105.0
200.0,191.0,200.0,183.0,162.0
142.0,153.0,141.0,121.0,116.0
129.0,88.0,164.0,112.0,152.0
152.0,137.0,125.0,155.0,140.0
121.0,148.0,121.0,117.0,141.0
173.0,184.0,201.0,139.0,160.0
171.0,170.0,150.0,124.0,169.0
145.0,142.0,149.0,125.0,126.0
173.0,166.0,178.0,154.0,186.0
135.0,159.0,122.0,181.0,143.0
147.0,186.0,147.0,143.0,181.0
197.0,189.0,176.0,150.0,155.0
158.0,104.0,105.0,184.0,134.0
137.0,142.0,145.0,123.0,137.0
160.0,145.0,130.0,153.0,124.0
139.0,102.0,148.0,144.0,154.0
158.0,161.0,147.0,148.0,189.0
167.0,171.0,153.0,119.0,142.0
202.0,215.0,230.0,178.0,224.0
139.0,101.0,148.0,84.0,122.0
118.0,113.0,117.0,110.0,143.0
111.0,92.0,139.0,0.0,98.0
172.0,114.0,166.0,157.0,155.0
228.0,185.0,204.0,162.0,171.0
150.0,127.0,138.0,148.0,143.0
157.0,147.0,162.0,177.0,143.0
146.0,160.0,212.0,122.0,144.0
172.0,155.0,150.0,187.0,176.0
133.0,109.0,127.0,94.0,131.0
129.0,82.0,116.0,79.0,127.0
140.0,102.0,107.0,116.0,147.0
158.0,143.0,154.0,88.0,141.0
106.0,107.0,125.0,173.0,125.0
187.0,190.0,165.0,159.0,192.0
166.0,95.0,114.0,137.0,140.0
162.0,178.0,159.0,158.0,147.0
169.0,157.0,201.0,161.0,159.0
148.0,154.0,166.0,118.0,174.0
171.0,166.0,160.0,125.0,211.0
162.0,163.0,108.0,116.0,135.0
170.0,196.0,181.0,179.0,173.0
152.0,185.0,117.0,128.0,164.0
164.0,199.0,172.0,127.0,154.0
141.0,152.0,161.0,130.0,155.0
169.0,185.0,211.0,178.0,152.0
134.0,127.0,177.0,125.0,175.0
155.0,143.0,178.0,143.0,162.0
143.0,187.0,160.0,178.0,200.0
161.0,135.0,163.0,115.0,184.0
118.0,151.0,180.0,132.0,157.0
147.0,155.0,148.0,176.0,173.0
127.0,125.0,123.0,78.0,153.0
115.0,121.0,101.0,137.0,99.0
115.0,141.0,95.0,134.0,86.0
164.0,184.0,157.0,98.0,158.0
173.0,179.0,174.0,120.0,190.0
115.0,102.0,126.0,124.0,139.0
188.0,162.0,160.0,177.0,111.0
129.0,155.0,94.0,113.0,144.0
135.0,118.0,137.0,111.0,144.0
176.0,130.0,125.0,150.0,150.0
174.0,177.0,198.0,106.0,179.0
155.0,165.0,150.0,166.0,164.0
191.0,189.0,204.0,115.0,128.0
106.0,85.0,153.0,153.0,124.0
166.0,131.0,123.0,0.0,149.0
187.0,143.0,184.0,127.0,190.0
190.0,160.0,114.0,95.0,124.0
116.0,82.0,134.0,0.0,104.0
148.0,149.0,199.0,177.0,145.0
124.0,102.0,126.0,129.0,123.0
172.0,200.0,220.0,175.0,133.0
179.0,151.0,142.0,178.0,181.0
140.0,125.0,126.0,156.0,131.0
211.0,182.0,173.0,153.0,171.0
174.0,186.0,151.0,138.0,135.0
143.0,139.0,134.0,122.0,111.0
169.0,195.0,119.0,155.0,141.0
197.0,160.0,188.0,174.0,159.0
148.0,149.0,188.0,158.0,160.0
112.0,106.0,124.0,0.0,85.0
174.0,180.0,198.0,127.0,132.0
207.0,199.0,199.0,117.0,193.0
139.0,155.0,135.0,148.0,130.0
212.0,179.0,228.0,171.0,141.0
180.0,143.0,185.0,125.0,146.0
122.0,107.0,132.0,128.0,109.0
204.0,187.0,174.0,152.0,164.0
189.0,188.0,168.0,117.0,174.0
207.0,187.0,145.0,174.0,137.0
190.0,187.0,156.0,174.0,157.0
163.0,192.0,108.0,166.0,159.0
213.0,196.0,188.0,193.0,226.0
104.0,111.0,137.0,127.0,107.0
120.0,137.0,144.0,124.0,148.0
150.0,163.0,147.0,126.0,180.0
108.0,87.0,144.0,91.0,98.0
131.0,143.0,176.0,121.0,138.0
101.0,125.0,118.0,121.0,120.0
132.0,147.0,157.0,165.0,134.0
190.0,182.0,172.0,0.0,174.0
155.0,137.0,121.0,152.0,145.0
144.0,142.0,143.0,149.0,132.0
169.0,162.0,175.0,115.0,145.0
148.0,175.0,158.0,0.0,195.0
162.0,138.0,131.0,128.0,126.0
117.0,113.0,118.0,119.0,86.0
100.0,125.0,111.0,115.0,113.0
178.0,172.0,183.0,0.0,178.0
178.0,210.0,166.0,147.0,112.0
160.0,140.0,161.0,86.0,128.0
113.0,106.0,128.0,128.0,125.0
122.0,151.0,130.0,0.0,131.0
150.0,132.0,156.0,157.0,173.0
143.0,161.0,117.0,0.0,124.0
137.0,160.0,162.0,177.0,142.0
178.0,174.0,158.0,140.0,160.0
115.0,78.0,176.0,128.0,109.0
175.0,173.0,183.0,156.0,148.0
187.0,189.0,162.0,174.0,203.0
171.0,180.0,206.0,113.0,182.0
149.0,157.0,141.0,117.0,135.0
139.0,86.0,153.0,164.0,159.0
107.0,152.0,122.0,154.0,119.0
190.0,229.0,149.0,150.0,130.0
137.0,122.0,123.0,123.0,101.0
106.0,113.0,155.0,114.0,134.0
130.0,146.0,131.0,0.0,101.0
196.0,154.0,199.0,169.0,227.0
161.0,172.0,203.0,129.0,157.0
150.0,162.0,181.0,125.0,132.0
159.0,156.0,218.0,300.0,139.0
171.0,161.0,151.0,162.0,177.0
112.0,145.0,107.0,149.0,148.0
172.0,175.0,77.0,166.0,173.0
204.0,176.0,185.0,169.0,188.0
141.0,126.0,124.0,157.0,96.0
127.0,115.0,123.0,155.0,124.0
121.0,119.0,155.0,158.0,103.0
170.0,188.0,160.0,124.0,172.0
131.0,104.0,148.0,0.0,125.0
155.0,145.0,153.0,0.0,123.0
156.0,148.0,130.0,124.0,137.0
153.0,125.0,184.0,157.0,164.0
147.0,172.0,149.0,118.0,161.0
150.0,159.0,147.0,114.0,159.0
169.0,187.0,187.0,178.0,156.0
105.0,145.0,165.0,141.0,155.0
139.0,146.0,119.0,139.0,94.0
114.0,113.0,151.0,65.0,109.0
178.0,177.0,157.0,205.0,123.0
164.0,109.0,110.0,130.0,126.0
127.0,113.0,144.0,123.0,131.0
152.0,159.0,164.0,155.0,153.0
186.0,180.0,206.0,127.0,182.0
186.0,198.0,205.0,152.0,165.0
106.0,114.0,108.0,0.0,181.0
113.0,158.0,167.0,152.0,134.0
151.0,95.0,154.0,110.0,153.0
108.0,129.0,190.0,116.0,165.0
123.0,87.0,175.0,0.0,73.0
147.0,166.0,198.0,142.0,161.0
169.0,168.0,126.0,117.0,152.0
188.0,216.0,206.0,118.0,198.0
161.0,154.0,161.0,171.0,153.0
139.0,101.0,120.0,141.0,120.0
172.0,145.0,200.0,130.0,163.0
169.0,177.0,174.0,123.0,153.0
165.0,136.0,142.0,121.0,125.0
120.0,115.0,143.0,131.0,119.0
108.0,172.0,141.0,0.0,84.0
171.0,123.0,140.0,88.0,140.0
156.0,95.0,156.0,155.0,133.0
135.0,136.0,142.0,165.0,121.0
178.0,155.0,203.0,129.0,124.0
187.0,184.0,196.0,178.0,200.0
151.0,157.0,179.0,116.0,131.0
121.0,73.0,106.0,71.0,119.0
159.0,148.0,176.0,149.0,137.0
176.0,179.0,158.0,122.0,145.0
180.0,151.0,175.0,174.0,212.0
209.0,175.0,184.0,146.0,170.0
185.0,128.0,168.0,102.0,135.0
148.0,130.0,198.0,79.0,126.0
135.0,166.0,181.0,158.0,165.0
189.0,216.0,179.0,176.0,147.0
174.0,167.0,158.0,118.0,97.0
95.0,131.0,120.0,0.0,103.0
139.0,122.0,129.0,170.0,135.0
134.0,113.0,150.0,124.0,133.0
108.0,90.0,124.0,111.0,112.0
181.0,171.0,199.0,167.0,177.0
165.0,157.0,146.0,125.0,208.0
106.0,108.0,116.0,155.0,96.0
153.0,161.0,174.0,134.0,123.0
142.0,164.0,122.0,123.0,184.0
182.0,178.0,184.0,186.0,160.0
134.0,136.0,125.0,176.0,161.0
140.0,97.0,144.0,147.0,72.0
201.0,184.0,201.0,162.0,172.0
153.0,163.0,179.0,80.0,111.0
105.0,121.0,147.0,123.0,94.0
185.0,153.0,175.0,153.0,199.0
186.0,166.0,143.0,160.0,171.0
201.0,182.0,216.0,135.0,198.0
208.0,184.0,224.0,148.0,203.0
125.0,114.0,104.0,0.0,81.0
189.0,162.0,184.0,149.0,161.0
172.0,142.0,191.0,157.0,160.0
119.0,125.0,120.0,149.0,140.0
131.0,149.0,102.0,166.0,119.0
151.0,118.0,173.0,135.0,155.0
153.0,175.0,206.0,300.0,163.0
170.0,145.0,154.0,118.0,180.0
102.0,92.0,109.0,0.0,99.0
113.0,126.0,111.0,117.0,125.0
173.0,201.0,199.0,123.0,203.0
169.0,177.0,169.0,151.0,114.0
154.0,171.0,101.0,162.0,108.0
138.0,170.0,137.0,0.0,77.0
100.0,81.0,105.0,124.0,113.0
130.0,110.0,120.0,144.0,101.0
105.0,97.0,167.0,172.0,184.0
152.0,181.0,131.0,149.0,153.0
160.0,162.0,105.0,114.0,153.0
105.0,129.0,123.0,117.0,109.0
203.0,217.0,205.0,168.0,204.0
161.0,131.0,163.0,113.0,133.0
172.0,163.0,167.0,123.0,161.0
115.0,106.0,125.0,68.0,142.0
133.0,113.0,161.0,104.0,130.0
155.0,162.0,166.0,125.0,176.0
108.0,71.0,168.0,145.0,67.0
180.0,194.0,138.0,169.0,118.0
149.0,164.0,191.0,176.0,159.0
214.0,221.0,228.0,169.0,202.0
148.0,92.0,164.0,163.0,185.0
165.0,198.0,192.0,160.0,192.0
161.0,163.0,186.0,143.0,149.0
168.0,164.0,206.0,164.0,192.0
215.0,201.0,213.0,155.0,184.0
116.0,91.0,138.0,139.0,143.0
151.0,169.0,156.0,132.0,104.0
147.0,97.0,145.0,150.0,105.0
114.0,104.0,132.0,165.0,89.0
189.0,174.0,181.0,144.0,144.0
163.0,171.0,191.0,119.0,144.0
209.0,200.0,209.0,120.0,166.0
130.0,121.0,140.0,161.0,155.0
169.0,187.0,208.0,159.0,162.0
141.0,113.0,132.0,193.0,138.0
166.0,165.0,198.0,167.0,151.0
127.0,133.0,133.0,125.0,118.0
130.0,108.0,129.0,300.0,98.0
149.0,186.0,227.0,172.0,111.0
128.0,140.0,136.0,119.0,135.0
146.0,175.0,152.0,120.0,165.0
166.0,152.0,181.0,126.0,161.0
172.0,168.0,148.0,135.0,141.0
168.0,90.0,185.0,108.0,163.0
170.0,169.0,169.0,125.0,132.0
132.0,141.0,197.0,130.0,100.0
115.0,73.0,133.0,115.0,141.0
110.0,123.0,117.0,121.0,113.0
171.0,171.0,190.0,150.0,145.0
134.0,122.0,135.0,0.0,141.0
150.0,139.0,130.0,129.0,165.0
135.0,145.0,157.0,0.0,141.0
154.0,135.0,137.0,0.0,101.0
144.0,149.0,172.0,116.0,162.0
164.0,141.0,192.0,130.0,124.0
180.0,191.0,206.0,134.0,185.0
144.0,145.0,149.0,153.0,180.0
126.0,97.0,159.0,119.0,129.0
111.0,166.0,181.0,124.0,173.0
195.0,182.0,164.0,172.0,198.0
215.0,212.0,172.0,180.0,135.0
168.0,163.0,184.0,140.0,188.0
163.0,120.0,151.0,175.0,188.0
177.0,173.0,179.0,163.0,106.0
170.0,146.0,203.0,151.0,155.0
191.0,161.0,170.0,122.0,151.0
142.0,114.0,161.0,113.0,112.0
148.0,134.0,160.0,158.0,146.0
170.0,111.0,164.0,99.0,125.0
118.0,111.0,146.0,114.0,111.0
160.0,180.0,135.0,153.0,184.0
134.0,135.0,187.0,119.0,110.0
144.0,132.0,134.0,156.0,158.0
139.0,168.0,142.0,156.0,149.0
109.0,130.0,146.0,156.0,136.0
133.0,134.0,158.0,148.0,162.0
178.0,162.0,163.0,161.0,174.0
210.0,175.0,165.0,138.0,176.0
143.0,143.0,132.0,136.0,163.0
117.0,116.0,161.0,130.0,154.0
187.0,161.0,168.0,159.0,128.0
166.0,148.0,173.0,173.0,177.0
113.0,76.0,167.0,187.0,132.0
154.0,119.0,161.0,169.0,152.0
152.0,135.0,128.0,115.0,150.0
184.0,166.0,199.0,300.0,178.0
164.0,146.0,122.0,123.0,134.0
178.0,176.0,146.0,152.0,170.0
122.0,127.0,132.0,154.0,114.0
129.0,153.0,161.0,136.0,138.0
195.0,138.0,147.0,119.0,195.0
109.0,104.0,146.0,119.0,137.0
158.0,171.0,133.0,154.0,162.0
152.0,120.0,179.0,154.0,169.0
108.0,86.0,137.0,81.0,73.0
160.0,155.0,141.0,118.0,104.0
167.0,180.0,175.0,117.0,141.0
177.0,184.0,160.0,158.0,202.0
115.0,108.0,125.0,113.0,127.0
131.0,148.0,127.0,133.0,145.0
162.0,144.0,135.0,123.0,150.0
201.0,169.0,188.0,176.0,89.0
149.0,162.0,148.0,120.0,181.0
123.0,83.0,128.0,127.0,78.0
208.0,218.0,181.0,151.0,153.0
203.0,180.0,176.0,178.0,179.0
141.0,180.0,167.0,179.0,177.0
144.0,109.0,138.0,120.0,115.0
144.0,153.0,138.0,118.0,118.0
163.0,148.0,151.0,115.0,128.0
183.0,157.0,165.0,0.0,130.0
149.0,171.0,189.0,148.0,168.0
209.0,206.0,216.0,124.0,177.0
101.0,101.0,119.0,122.0,109.0
161.0,147.0,147.0,132.0,123.0
132.0,122.0,146.0,117.0,100.0
149.0,150.0,143.0,170.0,187.0
122.0,132.0,164.0,165.0,137.0
172.0,146.0,153.0,114.0,161.0
173.0,188.0,124.0,124.0,142.0
104.0,145.0,118.0,167.0,137.0
154.0,162.0,103.0,0.0,162.0
165.0,135.0,141.0,162.0,129.0
157.0,173.0,148.0,131.0,138.0
135.0,107.0,103.0,141.0,104.0
143.0,183.0,143.0,167.0,159.0
150.0,170.0,180.0,189.0,180.0
213.0,188.0,218.0,172.0,168.0
222.0,212.0,209.0,169.0,185.0
165.0,67.0,113.0,131.0,98.0
123.0,96.0,137.0,131.0,159.0
123.0,139.0,126.0,168.0,130.0
140.0,159.0,114.0,117.0,120.0
141.0,90.0,128.0,122.0,126.0
178.0,173.0,187.0,171.0,180.0
99.0,90.0,116.0,156.0,149.0
162.0,167.0,153.0,170.0,139.0
152.0,142.0,138.0,122.0,97.0
189.0,203.0,189.0,153.0,188.0
167.0,125.0,153.0,168.0,139.0
127.0,169.0,154.0,160.0,158.0
178.0,197.0,207.0,191.0,154.0
160.0,189.0,157.0,171.0,174.0
173.0,188.0,205.0,155.0,132.0
121.0,126.0,111.0,126.0,123.0
145.0,174.0,137.0,107.0,156.0
141.0,146.0,126.0,122.0,155.0
158.0,149.0,184.0,164.0,187.0
134.0,99.0,140.0,144.0,107.0
154.0,141.0,171.0,124.0,160.0
140.0,141.0,99.0,121.0,135.0
129.0,167.0,161.0,164.0,141.0
107.0,149.0,116.0,171.0,137.0
168.0,182.0,187.0,152.0,142.0
151.0,154.0,112.0,123.0,151.0
160.0,132.0,153.0,162.0,127.0
158.0,178.0,162.0,118.0,184.0
120.0,146.0,92.0,136.0,111.0
140.0,144.0,177.0,118.0,111.0
121.0,127.0,143.0,157.0,114.0
144.0,191.0,156.0,163.0,168.0
152.0,170.0,161.0,150.0,142.0
190.0,195.0,195.0,159.0,159.0
138.0,133.0,145.0,117.0,176.0
121.0,95.0,108.0,113.0,114.0
154.0,147.0,164.0,118.0,122.0
183.0,212.0,157.0,129.0,178.0
145.0,172.0,117.0,168.0,162.0
154.0,178.0,147.0,173.0,151.0
113.0,88.0,127.0,102.0,115.0
143.0,107.0,166.0,166.0,136.0
136.0,169.0,181.0,98.0,139.0
126.0,80.0,114.0,0.0,146.0
146.0,172.0,167.0,176.0,148.0
136.0,164.0,155.0,122.0,170.0
126.0,112.0,161.0,127.0,85.0
158.0,156.0,144.0,167.0,137.0
129.0,166.0,126.0,129.0,140.0
131.0,141.0,147.0,151.0,145.0
189.0,146.0,155.0,0.0,168.0
151.0,144.0,159.0,151.0,102.0
151.0,120.0,139.0,122.0,125.0
193.0,181.0,197.0,114.0,192.0
126.0,124.0,138.0,148.0,119.0
166.0,145.0,164.0,120.0,130.0
146.0,173.0,176.0,170.0,107.0
131.0,118.0,121.0,0.0,100.0
109.0,144.0,156.0,158.0,149.0
88.0,123.0,171.0,159.0,80.0
198.0,178.0,180.0,171.0,201.0
189.0,183.0,174.0,190.0,156.0
213.0,200.0,216.0,124.0,195.0
109.0,126.0,114.0,148.0,141.0
124.0,131.0,144.0,119.0,142.0
125.0,176.0,142.0,123.0,176.0
191.0,174.0,157.0,166.0,127.0
150.0,152.0,118.0,148.0,119.0
166.0,175.0,159.0,152.0,141.0
122.0,101.0,181.0,209.0,145.0
144.0,151.0,166.0,122.0,150.0
146.0,134.0,139.0,130.0,145.0
157.0,151.0,127.0,148.0,82.0
115.0,114.0,130.0,149.0,108.0
131.0,165.0,128.0,124.0,130.0
168.0,171.0,180.0,146.0,164.0
173.0,111.0,144.0,149.0,140.0
112.0,115.0,139.0,0.0,127.0
148.0,119.0,168.0,125.0,152.0
113.0,105.0,140.0,0.0,144.0
130.0,133.0,111.0,121.0,126.0
188.0,192.0,188.0,133.0,194.0
70.0,113.0,92.0,109.0,85.0
150.0,151.0,150.0,116.0,190.0
179.0,221.0,202.0,145.0,173.0
155.0,139.0,121.0,94.0,125.0
124.0,118.0,125.0,0.0,117.0
105.0,97.0,139.0,116.0,101.0
139.0,99.0,115.0,126.0,137.0
157.0,169.0,164.0,86.0,133.0
182.0,136.0,177.0,127.0,92.0
230.0,207.0,214.0,130.0,195.0
129.0,135.0,142.0,169.0,91.0
174.0,188.0,192.0,126.0,159.0
159.0,161.0,149.0,159.0,133.0
135.0,161.0,125.0,156.0,134.0
97.0,126.0,132.0,114.0,116.0
131.0,129.0,101.0,140.0,110.0
159.0,180.0,146.0,151.0,135.0
188.0,170.0,206.0,129.0,198.0
153.0,142.0,159.0,117.0,124.0
116.0,111.0,83.0,162.0,119.0
141.0,136.0,128.0,117.0,126.0
207.0,177.0,170.0,186.0,164.0
116.0,131.0,123.0,151.0,168.0
189.0,197.0,208.0,191.0,89.0
165.0,164.0,172.0,122.0,182.0
135.0,106.0,115.0,143.0,113.0
166.0,180.0,176.0,115.0,168.0
162.0,179.0,185.0,166.0,176.0
103.0,142.0,152.0,124.0,133.0
125.0,73.0,126.0,124.0,152.0
147.0,142.0,140.0,141.0,144.0
101.0,133.0,137.0,162.0,109.0
163.0,159.0,163.0,207.0,166.0
137.0,122.0,153.0,142.0,141.0
300.0,210.0,221.0,126.0,207.0
98.0,68.0,124.0,115.0,88.0
192.0,149.0,198.0,168.0,130.0
187.0,190.0,230.0,195.0,198.0
122.0,144.0,119.0,183.0,144.0
130.0,147.0,152.0,71.0,85.0
157.0,159.0,163.0,154.0,149.0
179.0,165.0,199.0,153.0,198.0
190.0,169.0,155.0,160.0,140.0
111.0,131.0,168.0,187.0,80.0
138.0,141.0,142.0,172.0,165.0
175.0,174.0,165.0,124.0,182.0
175.0,171.0,161.0,171.0,171.0
170.0,144.0,134.0,170.0,148.0
144.0,100.0,123.0,137.0,105.0
128.0,109.0,140.0,124.0,126.0
197.0,121.0,190.0,170.0,191.0
142.0,165.0,188.0,107.0,130.0
147.0,149.0,116.0,113.0,102.0
183.0,178.0,160.0,158.0,161.0
156.0,154.0,174.0,128.0,116.0
167.0,175.0,127.0,154.0,136.0
163.0,114.0,163.0,106.0,125.0
152.0,167.0,154.0,174.0,180.0
130.0,123.0,111.0,118.0,126.0
123.0,102.0,155.0,131.0,108.0
98.0,111.0,119.0,0.0,101.0
208.0,195.0,300.0,194.0,185.0
192.0,178.0,217.0,149.0,189.0
102.0,85.0,108.0,173.0,92.0
159.0,160.0,120.0,118.0,142.0
200.0,180.0,158.0,140.0,183.0
179.0,226.0,163.0,115.0,194.0
176.0,172.0,170.0,117.0,167.0
120.0,90.0,123.0,151.0,106.0
120.0,100.0,123.0,129.0,104.0
105.0,134.0,117.0,152.0,114.0
148.0,137.0,104.0,0.0,127.0
130.0,101.0,128.0,122.0,94.0
141.0,112.0,110.0,178.0,114.0
176.0,166.0,152.0,115.0,150.0
129.0,155.0,131.0,139.0,137.0
134.0,146.0,156.0,161.0,114.0
214.0,202.0,201.0,132.0,207.0
179.0,163.0,176.0,174.0,154.0
127.0,128.0,132.0,148.0,143.0
138.0,140.0,163.0,125.0,138.0
158.0,150.0,163.0,116.0,143.0
128.0,109.0,136.0,118.0,136.0
159.0,182.0,158.0,116.0,109.0
152.0,136.0,167.0,152.0,163.0
136.0,123.0,151.0,116.0,151.0
158.0,89.0,134.0,112.0,111.0
165.0,157.0,147.0,108.0,162.0
157.0,123.0,153.0,133.0,111.0
110.0,80.0,140.0,159.0,121.0
107.0,102.0,143.0,119.0,96.0
154.0,81.0,129.0,0.0,112.0
192.0,154.0,133.0,114.0,166.0
114.0,116.0,112.0,300.0,100.0
206.0,217.0,191.0,172.0,138.0
193.0,170.0,178.0,160.0,202.0
131.0,155.0,132.0,169.0,155.0
175.0,192.0,153.0,151.0,161.0
127.0,146.0,164.0,152.0,148.0
124.0,163.0,158.0,117.0,140.0
134.0,104.0,112.0,128.0,79.0
176.0,154.0,120.0,131.0,132.0
179.0,171.0,188.0,183.0,197.0
177.0,177.0,182.0,113.0,133.0
135.0,117.0,130.0,92.0,112.0
222.0,181.0,212.0,176.0,210.0
174.0,178.0,156.0,119.0,125.0
182.0,136.0,136.0,146.0,99.0
96.0,93.0,119.0,70.0,91.0
101.0,103.0,112.0,111.0,122.0
114.0,142.0,154.0,167.0,82.0
188.0,149.0,170.0,0.0,206.0
129.0,136.0,146.0,150.0,154.0
108.0,117.0,141.0,114.0,93.0
167.0,177.0,145.0,155.0,148.0
189.0,180.0,166.0,157.0,193.0
123.0,141.0,152.0,118.0,116.0
142.0,140.0,149.0,116.0,132.0
134.0,140.0,127.0,154.0,142.0
176.0,97.0,96.0,125.0,126.0
124.0,159.0,143.0,126.0,129.0
167.0,173.0,158.0,171.0,111.0
143.0,135.0,164.0,126.0,108.0
179.0,121.0,159.0,0.0,152.0
208.0,204.0,174.0,180.0,186.0
133.0,171.0,128.0,152.0,138.0
99.0,125.0,128.0,0.0,147.0
178.0,194.0,181.0,121.0,174.0
110.0,94.0,110.0,182.0,112.0
181.0,187.0,148.0,122.0,149.0
136.0,147.0,121.0,165.0,128.0
163.0,180.0,156.0,92.0,210.0
175.0,165.0,168.0,153.0,201.0
148.0,143.0,139.0,124.0,151.0
168.0,130.0,129.0,146.0,140.0
189.0,191.0,180.0,134.0,185.0
157.0,111.0,139.0,159.0,121.0
135.0,138.0,128.0,112.0,167.0
158.0,172.0,209.0,120.0,141.0
180.0,168.0,135.0,125.0,123.0
138.0,134.0,134.0,151.0,103.0
181.0,135.0,199.0,182.0,112.0
118.0,115.0,127.0,136.0,158.0
157.0,147.0,160.0,121.0,191.0
131.0,119.0,112.0,162.0,147.0
177.0,176.0,151.0,147.0,198.0
197.0,194.0,227.0,170.0,92.0
151.0,151.0,161.0,77.0,143.0
172.0,153.0,147.0,167.0,155.0
174.0,122.0,108.0,179.0,120.0
178.0,181.0,177.0,173.0,184.0
116.0,132.0,134.0,130.0,146.0
122.0,149.0,150.0,119.0,109.0
204.0,191.0,168.0,191.0,185.0
153.0,130.0,115.0,122.0,119.0
145.0,195.0,153.0,129.0,152.0
127.0,117.0,129.0,128.0,105.0
159.0,160.0,205.0,167.0,134.0
153.0,144.0,132.0,126.0,143.0
138.0,101.0,119.0,122.0,149.0
135.0,131.0,176.0,123.0,102.0
150.0,126.0,153.0,124.0,147.0
103.0,164.0,126.0,151.0,134.0
103.0,107.0,125.0,135.0,122.0
135.0,145.0,103.0,90.0,137.0
180.0,147.0,300.0,136.0,143.0
102.0,82.0,137.0,0.0,85.0
137.0,149.0,157.0,117.0,152.0
186.0,175.0,165.0,156.0,161.0
200.0,215.0,206.0,166.0,203.0
159.0,139.0,181.0,133.0,185.0
163.0,190.0,181.0,151.0,150.0
119.0,121.0,149.0,159.0,161.0
165.0,135.0,151.0,152.0,125.0
126.0,98.0,135.0,175.0,79.0
204.0,217.0,229.0,174.0,217.0
118.0,107.0,131.0,94.0,124.0
165.0,152.0,122.0,180.0,118.0
166.0,166.0,131.0,76.0,129.0
119.0,110.0,159.0,120.0,114.0
226.0,206.0,193.0,165.0,139.0
129.0,112.0,143.0,89.0,132.0
96.0,99.0,170.0,156.0,136.0
145.0,124.0,100.0,0.0,122.0
158.0,159.0,151.0,0.0,157.0
146.0,127.0,149.0,125.0,123.0
110.0,101.0,190.0,0.0,100.0
171.0,150.0,167.0,169.0,118.0
109.0,133.0,127.0,138.0,87.0
108.0,129.0,147.0,130.0,141.0
214.0,209.0,176.0,168.0,181.0
209.0,154.0,207.0,165.0,179.0
129.0,139.0,122.0,122.0,120.0
150.0,105.0,83.0,180.0,110.0
141.0,102.0,149.0,115.0,113.0
157.0,143.0,143.0,159.0,118.0
137.0,107.0,100.0,125.0,92.0
91.0,115.0,194.0,173.0,135.0
172.0,149.0,156.0,144.0,155.0
300.0,186.0,217.0,300.0,193.0
170.0,193.0,191.0,124.0,174.0
126.0,106.0,131.0,162.0,108.0
177.0,197.0,153.0,169.0,190.0
103.0,95.0,185.0,170.0,126.0
147.0,102.0,104.0,109.0,86.0
75.0,85.0,149.0,132.0,133.0
191.0,190.0,186.0,182.0,181.0
151.0,143.0,157.0,122.0,157.0
106.0,91.0,118.0,114.0,82.0
180.0,155.0,136.0,0.0,192.0
143.0,113.0,146.0,153.0,166.0
185.0,163.0,185.0,155.0,153.0
88.0,104.0,122.0,128.0,133.0
197.0,203.0,139.0,119.0,201.0
142.0,186.0,162.0,94.0,135.0
115.0,66.0,129.0,97.0,95.0
202.0,184.0,200.0,167.0,189.0
173.0,166.0,181.0,164.0,210.0
121.0,147.0,118.0,168.0,156.0
154.0,168.0,177.0,160.0,118.0
161.0,143.0,137.0,127.0,123.0
159.0,112.0,153.0,85.0,127.0
113.0,162.0,134.0,173.0,163.0
156.0,174.0,137.0,129.0,143.0
146.0,99.0,164.0,148.0,137.0
137.0,91.0,135.0,133.0,130.0
117.0,141.0,148.0,126.0,136.0
174.0,190.0,188.0,126.0,187.0
188.0,110.0,227.0,148.0,155.0
152.0,120.0,116.0,173.0,167.0
140.0,79.0,145.0,124.0,100.0
152.0,130.0,209.0,171.0,138.0
205.0,206.0,300.0,0.0,160.0
191.0,192.0,185.0,144.0,177.0
170.0,168.0,172.0,170.0,147.0
139.0,113.0,150.0,173.0,129.0
166.0,177.0,178.0,167.0,132.0
127.0,90.0,135.0,123.0,108.0
202.0,189.0,212.0,178.0,205.0
180.0,158.0,147.0,154.0,150.0
138.0,152.0,128.0,142.0,137.0
174.0,163.0,142.0,123.0,114.0
139.0,122.0,129.0,132.0,116.0
155.0,110.0,152.0,149.0,115.0
120.0,134.0,122.0,125.0,122.0
165.0,166.0,173.0,183.0,203.0
119.0,117.0,127.0,125.0,153.0
188.0,185.0,170.0,117.0,142.0
133.0,136.0,150.0,117.0,132.0
121.0,134.0,116.0,0.0,114.0
175.0,169.0,161.0,88.0,141.0
168.0,181.0,177.0,124.0,155.0
193.0,144.0,159.0,151.0,171.0
187.0,164.0,157.0,175.0,128.0
170.0,166.0,159.0,148.0,183.0
146.0,150.0,139.0,134.0,115.0
175.0,144.0,223.0,127.0,146.0
140.0,152.0,130.0,175.0,128.0
152.0,151.0,127.0,181.0,160.0
179.0,191.0,153.0,300.0,171.0
190.0,184.0,166.0,154.0,151.0
198.0,98.0,125.0,186.0,186.0
151.0,155.0,118.0,156.0,150.0
203.0,136.0,195.0,120.0,175.0
135.0,134.0,149.0,167.0,144.0
158.0,167.0,117.0,0.0,164.0
191.0,165.0,191.0,114.0,79.0
126.0,134.0,124.0,78.0,102.0
189.0,163.0,136.0,155.0,177.0
114.0,133.0,117.0,108.0,98.0
134.0,133.0,151.0,127.0,163.0
142.0,136.0,156.0,136.0,114.0
138.0,143.0,158.0,165.0,139.0
154.0,135.0,115.0,154.0,128.0
171.0,170.0,165.0,126.0,176.0
188.0,186.0,220.0,168.0,204.0
198.0,207.0,205.0,155.0,204.0
183.0,184.0,139.0,171.0,164.0
190.0,134.0,190.0,133.0,145.0
143.0,170.0,127.0,179.0,141.0
137.0,119.0,137.0,126.0,116.0
131.0,144.0,159.0,160.0,127.0
120.0,96.0,118.0,0.0,130.0
206.0,215.0,188.0,118.0,194.0
122.0,77.0,123.0,116.0,138.0
140.0,112.0,143.0,108.0,126.0
160.0,123.0,158.0,169.0,186.0
150.0,168.0,122.0,0.0,73.0
204.0,215.0,209.0,175.0,167.0
166.0,163.0,157.0,192.0,189.0
126.0,141.0,137.0,140.0,138.0
119.0,99.0,175.0,132.0,140.0
132.0,132.0,127.0,168.0,96.0
203.0,180.0,200.0,125.0,146.0
135.0,128.0,155.0,0.0,114.0
185.0,179.0,151.0,160.0,161.0
114.0,153.0,143.0,133.0,118.0
117.0,108.0,149.0,120.0,97.0
99.0,83.0,111.0,140.0,84.0
203.0,193.0,215.0,161.0,198.0
138.0,102.0,104.0,127.0,135.0
161.0,163.0,166.0,93.0,121.0
172.0,182.0,140.0,124.0,140.0
173.0,161.0,139.0,179.0,69.0
133.0,85.0,127.0,171.0,115.0
154.0,170.0,183.0,149.0,171.0
145.0,125.0,181.0,157.0,124.0
145.0,123.0,186.0,0.0,97.0
144.0,131.0,131.0,160.0,153.0
203.0,218.0,210.0,160.0,229.0
129.0,122.0,118.0,125.0,102.0
131.0,107.0,149.0,90.0,117.0
119.0,149.0,112.0,165.0,119.0
161.0,150.0,142.0,0.0,113.0
201.0,202.0,158.0,153.0,172.0
144.0,174.0,171.0,127.0,121.0
126.0,113.0,125.0,115.0,137.0
149.0,158.0,189.0,126.0,158.0
127.0,119.0,124.0,118.0,141.0
127.0,116.0,132.0,169.0,116.0
206.0,178.0,300.0,147.0,196.0
186.0,180.0,166.0,166.0,154.0
203.0,196.0,214.0,178.0,205.0
175.0,184.0,171.0,154.0,132.0
206.0,181.0,205.0,118.0,174.0
171.0,207.0,191.0,118.0,180.0
165.0,131.0,174.0,131.0,153.0
161.0,173.0,171.0,89.0,165.0
128.0,123.0,165.0,112.0,91.0
165.0,197.0,148.0,148.0,149.0
190.0,171.0,160.0,149.0,196.0
151.0,157.0,151.0,177.0,158.0
165.0,138.0,125.0,122.0,148.0
175.0,153.0,136.0,160.0,172.0
150.0,150.0,191.0,125.0,131.0
162.0,152.0,122.0,158.0,172.0
140.0,110.0,129.0,127.0,144.0
145.0,144.0,147.0,111.0,148.0
120.0,81.0,160.0,0.0,127.0
195.0,184.0,197.0,193.0,192.0
128.0,179.0,143.0,129.0,151.0
179.0,119.0,96.0,0.0,119.0
88.0,86.0,125.0,117.0,88.0
150.0,163.0,160.0,161.0,132.0
117.0,103.0,90.0,114.0,76.0
186.0,135.0,153.0,172.0,175.0
146.0,170.0,188.0,154.0,152.0
229.0,203.0,223.0,187.0,223.0
131.0,136.0,117.0,128.0,122.0
186.0,157.0,188.0,177.0,182.0
172.0,159.0,163.0,173.0,176.0
168.0,146.0,170.0,157.0,127.0
153.0,191.0,170.0,143.0,181.0
163.0,195.0,192.0,165.0,204.0
170.0,140.0,141.0,160.0,181.0
148.0,103.0,154.0,126.0,178.0
111.0,120.0,139.0,133.0,138.0
168.0,157.0,173.0,178.0,183.0
219.0,194.0,209.0,0.0,169.0
142.0,134.0,137.0,119.0,139.0
130.0,88.0,174.0,170.0,120.0
123.0,118.0,130.0,123.0,108.0
181.0,138.0,169.0,153.0,139.0
169.0,155.0,174.0,146.0,177.0
138.0,145.0,152.0,117.0,126.0
170.0,189.0,179.0,169.0,164.0
107.0,151.0,150.0,133.0,145.0
150.0,158.0,172.0,85.0,169.0
97.0,89.0,118.0,128.0,80.0
163.0,130.0,161.0,139.0,156.0
97.0,116.0,112.0,147.0,137.0
165.0,177.0,197.0,104.0,152.0
135.0,140.0,183.0,164.0,137.0
143.0,165.0,199.0,163.0,165.0
150.0,167.0,123.0,0.0,109.0
107.0,134.0,113.0,0.0,123.0
159.0,148.0,132.0,96.0,170.0
148.0,184.0,133.0,148.0,175.0
133.0,127.0,143.0,0.0,121.0
119.0,143.0,125.0,125.0,124.0
161.0,133.0,152.0,155.0,114.0
178.0,175.0,158.0,0.0,143.0
126.0,137.0,131.0,124.0,120.0
157.0,161.0,136.0,125.0,100.0
202.0,170.0,184.0,157.0,186.0
142.0,136.0,153.0,141.0,80.0
185.0,179.0,207.0,167.0,192.0
176.0,152.0,177.0,119.0,104.0
153.0,149.0,122.0,160.0,103.0
177.0,155.0,176.0,126.0,177.0
121.0,112.0,177.0,167.0,155.0
197.0,204.0,216.0,163.0,141.0
183.0,188.0,135.0,125.0,127.0
158.0,180.0,172.0,183.0,196.0
198.0,184.0,151.0,125.0,136.0
175.0,103.0,149.0,160.0,140.0
171.0,143.0,106.0,178.0,140.0
160.0,160.0,144.0,126.0,153.0
195.0,171.0,213.0,162.0,227.0
144.0,149.0,145.0,173.0,137.0
163.0,156.0,165.0,151.0,162.0
132.0,112.0,185.0,171.0,136.0
111.0,121.0,116.0,79.0,132.0
149.0,119.0,123.0,160.0,131.0
176.0,188.0,167.0,149.0,161.0
198.0,172.0,171.0,132.0,197.0
128.0,128.0,124.0,154.0,101.0
166.0,172.0,129.0,129.0,143.0
104.0,207.0,300.0,172.0,208.0
188.0,149.0,155.0,123.0,156.0
128.0,163.0,163.0,132.0,135.0
188.0,169.0,193.0,157.0,159.0
171.0,174.0,214.0,153.0,73.0
113.0,128.0,104.0,0.0,101.0
192.0,169.0,185.0,158.0,128.0
186.0,164.0,179.0,120.0,211.0
161.0,132.0,144.0,122.0,147.0
177.0,151.0,209.0,178.0,137.0
167.0,144.0,146.0,122.0,196.0
76.0,100.0,125.0,92.0,135.0
145.0,185.0,168.0,185.0,150.0
187.0,215.0,182.0,175.0,189.0
153.0,159.0,185.0,126.0,141.0
136.0,94.0,163.0,167.0,105.0
133.0,111.0,138.0,95.0,141.0
184.0,142.0,185.0,178.0,142.0
181.0,130.0,151.0,147.0,127.0
144.0,98.0,115.0,0.0,64.0
156.0,160.0,195.0,122.0,161.0
160.0,157.0,190.0,0.0,110.0
124.0,128.0,152.0,102.0,108.0
178.0,175.0,171.0,121.0,154.0
141.0,101.0,134.0,124.0,122.0
129.0,100.0,129.0,158.0,109.0
192.0,189.0,217.0,0.0,166.0
109.0,114.0,151.0,164.0,131.0
118.0,113.0,135.0,172.0,145.0
132.0,124.0,108.0,172.0,135.0
119.0,124.0,109.0,126.0,168.0
128.0,139.0,122.0,170.0,116.0
144.0,138.0,116.0,117.0,127.0
173.0,177.0,110.0,0.0,174.0
98.0,112.0,115.0,94.0,109.0
127.0,130.0,180.0,128.0,127.0
150.0,144.0,188.0,160.0,179.0
158.0,146.0,154.0,120.0,119.0
182.0,158.0,192.0,178.0,200.0
193.0,179.0,180.0,119.0,181.0
138.0,107.0,164.0,125.0,110.0
158.0,144.0,164.0,128.0,143.0
129.0,164.0,128.0,120.0,108.0
180.0,170.0,122.0,167.0,172.0
121.0,127.0,104.0,155.0,147.0
143.0,141.0,155.0,166.0,137.0
91.0,100.0,107.0,121.0,84.0
154.0,133.0,148.0,152.0,121.0
164.0,180.0,163.0,83.0,195.0
150.0,107.0,122.0,171.0,117.0
140.0,156.0,115.0,134.0,145.0
155.0,159.0,199.0,162.0,145.0
157.0,164.0,178.0,171.0,177.0
109.0,94.0,129.0,116.0,135.0
174.0,187.0,166.0,184.0,154.0
174.0,127.0,106.0,132.0,170.0
184.0,159.0,145.0,147.0,189.0
132.0,138.0,149.0,185.0,119.0
172.0,152.0,152.0,168.0,192.0
156.0,145.0,175.0,101.0,150.0
157.0,190.0,208.0,152.0,137.0
221.0,191.0,228.0,170.0,223.0
133.0,101.0,104.0,159.0,134.0
189.0,208.0,176.0,151.0,187.0
147.0,141.0,149.0,149.0,106.0
169.0,132.0,151.0,125.0,149.0
129.0,137.0,124.0,120.0,141.0
196.0,190.0,300.0,128.0,156.0
144.0,85.0,139.0,113.0,148.0
108.0,110.0,125.0,122.0,80.0
130.0,163.0,188.0,153.0,136.0
184.0,190.0,182.0,131.0,156.0
132.0,159.0,167.0,83.0,130.0
150.0,145.0,115.0,148.0,106.0
102.0,108.0,139.0,138.0,137.0
170.0,175.0,166.0,171.0,191.0
127.0,126.0,113.0,0.0,129.0
181.0,208.0,178.0,106.0,195.0
171.0,206.0,160.0,122.0,184.0
151.0,154.0,140.0,107.0,127.0
108.0,112.0,188.0,125.0,139.0
187.0,178.0,178.0,142.0,149.0
204.0,199.0,217.0,168.0,186.0
157.0,208.0,145.0,126.0,173.0
189.0,222.0,203.0,144.0,199.0
99.0,147.0,116.0,125.0,99.0
139.0,123.0,117.0,171.0,138.0
149.0,101.0,163.0,169.0,110.0
120.0,117.0,124.0,151.0,134.0
140.0,138.0,138.0,173.0,150.0
123.0,105.0,118.0,118.0,83.0
188.0,138.0,146.0,118.0,142.0
117.0,110.0,130.0,114.0,101.0
157.0,143.0,161.0,133.0,145.0
173.0,176.0,160.0,170.0,204.0
156.0,101.0,183.0,163.0,164.0
164.0,139.0,179.0,116.0,126.0
162.0,145.0,114.0,167.0,144.0
176.0,197.0,178.0,158.0,141.0
188.0,188.0,146.0,166.0,180.0
127.0,179.0,161.0,151.0,188.0
141.0,88.0,176.0,96.0,139.0
194.0,159.0,100.0,152.0,97.0
110.0,107.0,138.0,160.0,111.0
139.0,125.0,124.0,171.0,122.0
126.0,142.0,131.0,110.0,130.0
138.0,121.0,127.0,174.0,133.0
176.0,135.0,150.0,161.0,101.0
193.0,196.0,214.0,183.0,218.0
86.0,147.0,140.0,126.0,153.0
163.0,168.0,137.0,128.0,169.0
108.0,70.0,121.0,119.0,126.0
180.0,167.0,172.0,146.0,121.0
106.0,90.0,116.0,110.0,88.0
154.0,138.0,132.0,0.0,123.0
127.0,117.0,121.0,161.0,110.0
141.0,109.0,159.0,170.0,135.0
156.0,184.0,163.0,174.0,150.0
140.0,129.0,170.0,165.0,132.0
116.0,127.0,150.0,179.0,133.0
170.0,182.0,191.0,173.0,214.0
122.0,120.0,97.0,127.0,154.0
179.0,170.0,148.0,151.0,141.0
86.0,100.0,141.0,107.0,90.0
195.0,150.0,180.0,128.0,176.0
204.0,219.0,209.0,178.0,147.0
215.0,199.0,224.0,152.0,192.0
139.0,136.0,153.0,142.0,131.0
158.0,169.0,145.0,116.0,164.0
150.0,121.0,117.0,103.0,87.0
165.0,175.0,189.0,164.0,127.0
96.0,107.0,147.0,122.0,106.0
176.0,126.0,127.0,168.0,156.0
146.0,165.0,106.0,167.0,126.0
156.0,163.0,203.0,132.0,120.0
142.0,167.0,173.0,122.0,152.0
169.0,151.0,161.0,117.0,128.0
160.0,115.0,194.0,115.0,190.0
185.0,136.0,191.0,148.0,184.0
169.0,146.0,123.0,183.0,127.0
165.0,159.0,174.0,133.0,149.0
119.0,146.0,130.0,173.0,152.0
128.0,138.0,164.0,120.0,132.0
159.0,142.0,121.0,121.0,213.0
135.0,133.0,148.0,123.0,109.0
128.0,160.0,167.0,106.0,172.0
107.0,133.0,146.0,125.0,129.0
132.0,133.0,149.0,95.0,139.0
121.0,95.0,121.0,147.0,124.0
143.0,159.0,146.0,142.0,117.0
119.0,110.0,124.0,113.0,81.0
173.0,152.0,106.0,170.0,140.0
200.0,167.0,202.0,196.0,150.0
127.0,141.0,149.0,122.0,116.0
102.0,133.0,117.0,176.0,125.0
148.0,105.0,199.0,122.0,145.0
139.0,151.0,182.0,159.0,174.0
148.0,123.0,115.0,0.0,144.0
94.0,152.0,165.0,115.0,157.0
151.0,139.0,168.0,175.0,115.0
92.0,127.0,114.0,123.0,143.0
136.0,143.0,172.0,132.0,119.0
151.0,108.0,110.0,157.0,134.0
142.0,139.0,145.0,75.0,161.0
164.0,158.0,169.0,156.0,143.0
168.0,169.0,153.0,153.0,137.0
181.0,159.0,162.0,163.0,215.0
163.0,173.0,180.0,194.0,203.0
144.0,170.0,161.0,108.0,150.0
174.0,171.0,202.0,148.0,199.0
187.0,198.0,204.0,170.0,176.0
170.0,155.0,210.0,179.0,184.0
170.0,159.0,156.0,132.0,129.0
179.0,173.0,191.0,144.0,186.0
182.0,171.0,181.0,167.0,137.0
153.0,133.0,135.0,117.0,145.0
131.0,98.0,204.0,178.0,134.0
107.0,99.0,124.0,137.0,109.0
177.0,213.0,170.0,143.0,203.0
181.0,200.0,150.0,188.0,161.0
154.0,123.0,160.0,119.0,141.0
164.0,134.0,120.0,70.0,111.0
173.0,182.0,188.0,156.0,183.0
135.0,121.0,122.0,160.0,152.0
110.0,127.0,144.0,110.0,118.0
151.0,120.0,143.0,143.0,142.0
145.0,174.0,158.0,104.0,147.0
186.0,151.0,175.0,150.0,124.0
179.0,123.0,110.0,171.0,144.0
178.0,186.0,186.0,156.0,196.0
140.0,157.0,173.0,176.0,165.0
161.0,144.0,135.0,0.0,162.0
170.0,146.0,161.0,125.0,171.0
185.0,201.0,192.0,171.0,141.0
205.0,203.0,224.0,167.0,204.0
157.0,155.0,110.0,131.0,112.0
199.0,183.0,215.0,172.0,165.0
140.0,130.0,108.0,122.0,138.0
188.0,183.0,184.0,176.0,177.0
186.0,190.0,195.0,158.0,142.0
155.0,156.0,147.0,127.0,153.0
139.0,119.0,133.0,0.0,105.0
156.0,141.0,175.0,159.0,159.0
130.0,117.0,195.0,144.0,88.0
150.0,192.0,134.0,140.0,133.0
154.0,153.0,149.0,94.0,135.0
133.0,146.0,113.0,122.0,124.0
148.0,135.0,165.0,145.0,151.0
137.0,116.0,108.0,122.0,122.0
131.0,137.0,108.0,132.0,81.0
142.0,154.0,141.0,150.0,132.0
186.0,205.0,177.0,161.0,200.0
190.0,173.0,159.0,139.0,137.0
172.0,179.0,188.0,0.0,172.0
131.0,148.0,149.0,118.0,132.0
144.0,103.0,124.0,0.0,95.0
168.0,174.0,195.0,162.0,146.0
180.0,150.0,192.0,126.0,144.0
166.0,163.0,136.0,170.0,119.0
163.0,96.0,117.0,131.0,151.0
170.0,147.0,187.0,161.0,133.0
92.0,94.0,113.0,121.0,83.0
213.0,127.0,204.0,182.0,163.0
90.0,112.0,111.0,148.0,105.0
129.0,112.0,137.0,167.0,145.0
157.0,136.0,149.0,169.0,192.0
152.0,132.0,97.0,179.0,101.0
91.0,119.0,137.0,117.0,101.0
150.0,194.0,165.0,115.0,154.0
140.0,100.0,124.0,126.0,110.0
193.0,171.0,188.0,121.0,174.0
105.0,91.0,110.0,151.0,116.0
152.0,115.0,134.0,155.0,126.0
130.0,145.0,137.0,90.0,106.0
184.0,177.0,197.0,124.0,168.0
182.0,193.0,174.0,183.0,196.0
115.0,153.0,130.0,124.0,165.0
115.0,126.0,122.0,123.0,106.0
118.0,123.0,154.0,133.0,175.0
119.0,97.0,160.0,121.0,72.0
159.0,110.0,127.0,148.0,129.0
102.0,133.0,165.0,122.0,103.0
125.0,97.0,148.0,153.0,90.0
141.0,78.0,122.0,145.0,108.0
145.0,142.0,115.0,0.0,135.0
176.0,170.0,187.0,113.0,213.0
120.0,96.0,120.0,0.0,88.0
172.0,73.0,110.0,0.0,172.0
126.0,113.0,300.0,120.0,170.0
143.0,75.0,167.0,80.0,168.0
194.0,193.0,129.0,146.0,187.0
172.0,175.0,161.0,124.0,149.0
113.0,94.0,195.0,188.0,159.0
148.0,161.0,138.0,172.0,150.0
118.0,122.0,118.0,87.0,86.0
135.0,152.0,183.0,126.0,162.0
134.0,95.0,166.0,124.0,162.0
130.0,99.0,138.0,115.0,132.0
133.0,95.0,163.0,178.0,143.0
181.0,115.0,300.0,143.0,216.0
154.0,167.0,194.0,166.0,191.0
114.0,108.0,198.0,181.0,86.0
111.0,101.0,111.0,118.0,83.0
158.0,170.0,190.0,198.0,140.0
178.0,152.0,190.0,116.0,124.0
192.0,210.0,300.0,179.0,201.0
117.0,117.0,139.0,0.0,114.0
206.0,186.0,181.0,125.0,183.0
148.0,168.0,187.0,184.0,155.0
167.0,153.0,101.0,113.0,130.0
135.0,172.0,139.0,145.0,161.0
129.0,121.0,138.0,133.0,140.0
101.0,82.0,106.0,119.0,124.0
174.0,151.0,140.0,80.0,169.0
87.0,86.0,123.0,80.0,113.0
165.0,188.0,181.0,115.0,158.0
159.0,185.0,182.0,119.0,133.0
104.0,130.0,122.0,111.0,114.0
165.0,160.0,179.0,119.0,143.0
110.0,78.0,142.0,0.0,87.0
119.0,117.0,124.0,104.0,101.0
115.0,120.0,141.0,152.0,105.0
162.0,144.0,180.0,124.0,165.0
171.0,132.0,173.0,123.0,180.0
112.0,122.0,137.0,167.0,176.0
168.0,173.0,228.0,144.0,171.0
167.0,193.0,152.0,115.0,128.0
100.0,114.0,142.0,153.0,117.0
139.0,149.0,112.0,122.0,122.0
177.0,161.0,175.0,163.0,183.0
133.0,139.0,169.0,119.0,88.0
155.0,121.0,126.0,164.0,145.0
145.0,124.0,121.0,174.0,135.0
118.0,113.0,142.0,115.0,137.0
213.0,192.0,212.0,157.0,190.0
154.0,127.0,187.0,167.0,122.0
136.0,139.0,155.0,145.0,148.0
189.0,166.0,181.0,125.0,101.0
224.0,188.0,190.0,200.0,175.0
139.0,191.0,177.0,126.0,195.0
187.0,189.0,166.0,173.0,146.0
155.0,166.0,178.0,121.0,124.0
159.0,152.0,154.0,152.0,116.0
135.0,130.0,146.0,121.0,114.0
189.0,192.0,200.0,97.0,184.0
180.0,175.0,197.0,122.0,182.0
151.0,121.0,142.0,158.0,157.0
105.0,106.0,115.0,126.0,112.0
128.0,97.0,110.0,123.0,104.0
157.0,151.0,148.0,171.0,159.0
162.0,115.0,150.0,169.0,150.0
143.0,186.0,200.0,121.0,167.0
170.0,189.0,183.0,167.0,190.0
131.0,156.0,163.0,138.0,148.0
118.0,152.0,170.0,118.0,134.0
163.0,177.0,201.0,171.0,163.0
158.0,191.0,157.0,172.0,130.0
102.0,142.0,119.0,104.0,87.0
172.0,175.0,133.0,133.0,134.0
155.0,155.0,140.0,167.0,113.0
112.0,162.0,158.0,130.0,140.0
121.0,101.0,115.0,101.0,111.0
186.0,192.0,173.0,137.0,153.0
207.0,169.0,188.0,204.0,160.0
198.0,177.0,200.0,168.0,204.0
149.0,148.0,161.0,125.0,153.0
135.0,120.0,169.0,170.0,116.0
189.0,179.0,169.0,156.0,159.0
180.0,186.0,178.0,153.0,151.0
81.0,91.0,111.0,0.0,98.0
208.0,188.0,225.0,166.0,197.0
213.0,169.0,204.0,154.0,161.0
131.0,117.0,111.0,115.0,172.0
174.0,161.0,169.0,120.0,160.0
173.0,144.0,186.0,153.0,144.0
130.0,108.0,140.0,170.0,132.0
130.0,97.0,150.0,154.0,107.0
178.0,190.0,146.0,147.0,140.0
163.0,169.0,143.0,124.0,151.0
130.0,162.0,122.0,118.0,87.0
200.0,154.0,154.0,161.0,146.0
163.0,171.0,167.0,131.0,165.0
156.0,114.0,140.0,168.0,113.0
168.0,166.0,201.0,161.0,176.0
172.0,181.0,163.0,131.0,172.0
113.0,136.0,149.0,144.0,148.0
178.0,131.0,129.0,0.0,77.0
139.0,117.0,119.0,122.0,153.0
162.0,112.0,178.0,120.0,151.0
124.0,87.0,107.0,114.0,115.0
162.0,186.0,176.0,129.0,169.0
162.0,160.0,173.0,164.0,165.0
183.0,194.0,198.0,161.0,75.0
131.0,127.0,119.0,130.0,95.0
129.0,143.0,140.0,173.0,161.0
156.0,135.0,139.0,158.0,122.0
149.0,160.0,134.0,152.0,184.0
167.0,113.0,139.0,0.0,140.0
121.0,113.0,133.0,160.0,181.0
119.0,88.0,111.0,118.0,97.0
168.0,151.0,172.0,162.0,169.0
145.0,132.0,179.0,132.0,116.0
129.0,105.0,129.0,130.0,98.0
124.0,159.0,130.0,121.0,116.0
122.0,120.0,120.0,171.0,131.0
191.0,162.0,190.0,300.0,135.0
200.0,145.0,167.0,171.0,180.0
213.0,188.0,196.0,111.0,156.0
122.0,92.0,159.0,186.0,142.0
157.0,98.0,161.0,0.0,154.0
141.0,161.0,171.0,0.0,164.0
139.0,105.0,131.0,94.0,107.0
138.0,108.0,83.0,0.0,119.0
141.0,147.0,121.0,115.0,165.0
158.0,140.0,180.0,119.0,123.0
164.0,152.0,163.0,171.0,135.0
183.0,183.0,173.0,147.0,158.0
178.0,182.0,144.0,117.0,171.0
165.0,125.0,191.0,179.0,219.0
100.0,109.0,105.0,0.0,95.0
143.0,124.0,113.0,149.0,127.0
119.0,123.0,119.0,120.0,98.0
166.0,133.0,155.0,119.0,112.0
140.0,124.0,210.0,167.0,105.0
187.0,166.0,143.0,110.0,179.0
130.0,143.0,145.0,128.0,116.0
143.0,149.0,182.0,159.0,173.0
172.0,94.0,157.0,171.0,203.0
80.0,104.0,91.0,0.0,102.0
135.0,134.0,173.0,97.0,114.0
84.0,108.0,94.0,131.0,107.0
108.0,103.0,113.0,111.0,86.0
129.0,136.0,121.0,122.0,126.0
121.0,164.0,128.0,106.0,142.0
162.0,136.0,138.0,126.0,127.0
128.0,140.0,161.0,146.0,136.0
230.0,199.0,159.0,167.0,158.0
124.0,128.0,139.0,0.0,149.0
204.0,198.0,204.0,154.0,167.0
154.0,127.0,152.0,124.0,154.0
177.0,175.0,173.0,155.0,145.0
183.0,163.0,216.0,193.0,150.0
135.0,140.0,108.0,125.0,102.0
208.0,188.0,216.0,147.0,165.0
156.0,160.0,117.0,148.0,195.0
161.0,100.0,111.0,121.0,167.0
140.0,133.0,159.0,124.0,160.0
139.0,166.0,138.0,113.0,117.0
147.0,131.0,104.0,187.0,61.0
191.0,198.0,160.0,202.0,151.0
155.0,143.0,142.0,122.0,159.0
140.0,103.0,122.0,180.0,166.0
197.0,196.0,152.0,0.0,167.0
125.0,152.0,154.0,93.0,138.0
224.0,222.0,180.0,175.0,158.0
144.0,119.0,157.0,122.0,109.0
137.0,115.0,118.0,77.0,89.0
109.0,99.0,114.0,115.0,75.0
146.0,121.0,116.0,120.0,128.0
182.0,147.0,190.0,132.0,153.0
207.0,189.0,230.0,172.0,184.0
140.0,125.0,151.0,151.0,127.0
155.0,173.0,201.0,152.0,160.0
119.0,130.0,122.0,116.0,104.0
127.0,138.0,124.0,115.0,95.0
230.0,194.0,200.0,135.0,180.0
80.0,88.0,162.0,127.0,99.0
141.0,145.0,188.0,131.0,151.0
141.0,133.0,132.0,119.0,145.0
109.0,149.0,129.0,159.0,138.0
148.0,165.0,129.0,125.0,172.0
191.0,200.0,194.0,217.0,155.0
134.0,144.0,110.0,163.0,124.0
158.0,159.0,143.0,118.0,145.0
220.0,211.0,193.0,161.0,193.0
144.0,136.0,168.0,149.0,159.0
150.0,131.0,171.0,174.0,109.0
163.0,117.0,109.0,172.0,126.0
138.0,101.0,143.0,139.0,163.0
154.0,84.0,109.0,88.0,152.0
129.0,116.0,160.0,173.0,147.0
138.0,135.0,138.0,148.0,122.0
199.0,158.0,199.0,110.0,146.0
150.0,104.0,111.0,112.0,140.0
184.0,132.0,167.0,155.0,80.0
150.0,113.0,118.0,136.0,135.0
159.0,139.0,156.0,159.0,162.0
132.0,167.0,150.0,119.0,116.0
116.0,129.0,148.0,164.0,148.0
124.0,161.0,164.0,145.0,152.0
168.0,128.0,146.0,127.0,114.0
181.0,184.0,172.0,128.0,151.0
131.0,118.0,141.0,128.0,107.0
122.0,91.0,176.0,116.0,139.0
123.0,94.0,133.0,128.0,109.0
118.0,156.0,124.0,158.0,111.0
175.0,179.0,125.0,140.0,174.0
118.0,92.0,107.0,71.0,89.0
171.0,179.0,162.0,118.0,149.0
178.0,141.0,208.0,115.0,147.0
163.0,105.0,172.0,166.0,136.0
165.0,149.0,171.0,157.0,83.0
140.0,138.0,128.0,165.0,125.0
172.0,181.0,198.0,154.0,143.0
140.0,139.0,158.0,153.0,130.0
172.0,110.0,152.0,121.0,147.0
160.0,133.0,119.0,0.0,110.0
162.0,141.0,170.0,152.0,146.0
140.0,157.0,126.0,178.0,177.0
111.0,132.0,131.0,123.0,148.0
186.0,187.0,158.0,121.0,139.0
202.0,207.0,147.0,174.0,140.0
164.0,155.0,130.0,165.0,156.0
187.0,177.0,200.0,126.0,191.0
190.0,201.0,178.0,151.0,200.0
157.0,150.0,197.0,155.0,179.0
160.0,181.0,162.0,163.0,163.0
127.0,127.0,132.0,143.0,150.0
148.0,115.0,156.0,147.0,131.0
166.0,161.0,174.0,115.0,162.0
196.0,205.0,300.0,176.0,210.0
183.0,149.0,142.0,172.0,178.0
123.0,106.0,131.0,136.0,96.0
124.0,119.0,157.0,124.0,172.0
143.0,128.0,193.0,146.0,176.0
165.0,175.0,129.0,150.0,116.0
189.0,193.0,96.0,173.0,123.0
174.0,159.0,170.0,149.0,152.0
179.0,195.0,169.0,152.0,186.0
176.0,131.0,172.0,118.0,131.0
139.0,149.0,135.0,158.0,133.0
175.0,172.0,149.0,160.0,144.0
127.0,112.0,147.0,0.0,153.0
151.0,137.0,300.0,189.0,182.0
151.0,169.0,139.0,139.0,148.0
113.0,117.0,118.0,0.0,118.0
193.0,184.0,200.0,161.0,201.0
179.0,185.0,185.0,170.0,176.0
142.0,143.0,160.0,160.0,149.0
131.0,115.0,107.0,172.0,86.0
176.0,159.0,162.0,121.0,158.0
170.0,164.0,171.0,180.0,161.0
196.0,224.0,148.0,0.0,163.0
168.0,161.0,137.0,180.0,170.0
144.0,160.0,133.0,149.0,184.0
168.0,163.0,158.0,160.0,161.0
106.0,104.0,119.0,128.0,108.0
136.0,132.0,157.0,164.0,92.0
203.0,197.0,200.0,118.0,172.0
134.0,111.0,107.0,167.0,128.0
139.0,149.0,131.0,146.0,128.0
163.0,160.0,197.0,103.0,159.0
188.0,190.0,204.0,182.0,167.0
97.0,77.0,116.0,120.0,106.0
165.0,154.0,165.0,166.0,193.0
195.0,188.0,220.0,174.0,164.0
173.0,143.0,159.0,115.0,141.0
192.0,193.0,169.0,161.0,121.0
133.0,144.0,180.0,131.0,132.0
122.0,140.0,135.0,138.0,117.0
172.0,93.0,183.0,157.0,209.0
157.0,151.0,142.0,148.0,125.0
156.0,126.0,139.0,147.0,180.0
169.0,136.0,158.0,155.0,155.0
140.0,135.0,182.0,0.0,117.0
146.0,124.0,112.0,177.0,182.0
119.0,121.0,114.0,0.0,104.0
141.0,136.0,166.0,0.0,145.0
134.0,99.0,173.0,163.0,149.0
190.0,76.0,137.0,166.0,169.0
145.0,129.0,191.0,144.0,114.0
187.0,141.0,138.0,128.0,174.0
156.0,159.0,141.0,157.0,155.0
131.0,128.0,122.0,0.0,116.0
186.0,138.0,171.0,159.0,175.0
195.0,207.0,202.0,168.0,188.0
145.0,150.0,138.0,73.0,154.0
139.0,139.0,157.0,119.0,121.0
157.0,124.0,137.0,110.0,149.0
166.0,180.0,148.0,193.0,126.0
108.0,95.0,161.0,119.0,76.0
144.0,135.0,164.0,157.0,145.0
112.0,104.0,112.0,144.0,96.0
158.0,144.0,128.0,175.0,191.0
206.0,202.0,192.0,114.0,181.0
108.0,198.0,191.0,149.0,150.0
158.0,166.0,145.0,130.0,137.0
166.0,168.0,191.0,199.0,150.0
160.0,179.0,172.0,126.0,195.0
169.0,128.0,173.0,135.0,183.0
184.0,149.0,170.0,128.0,185.0
183.0,130.0,162.0,86.0,117.0
102.0,98.0,115.0,134.0,131.0
191.0,181.0,179.0,178.0,130.0
170.0,139.0,172.0,148.0,184.0
122.0,144.0,300.0,147.0,150.0
118.0,130.0,126.0,113.0,119.0
105.0,83.0,173.0,115.0,136.0
163.0,188.0,191.0,300.0,97.0
96.0,120.0,154.0,154.0,114.0
151.0,137.0,166.0,169.0,132.0
153.0,96.0,179.0,158.0,150.0
188.0,196.0,154.0,154.0,165.0
160.0,129.0,177.0,93.0,145.0
166.0,162.0,144.0,300.0,156.0
99.0,150.0,168.0,129.0,129.0
157.0,136.0,145.0,98.0,134.0
100.0,101.0,110.0,102.0,107.0
176.0,171.0,170.0,116.0,168.0
140.0,119.0,139.0,160.0,113.0
119.0,75.0,143.0,140.0,98.0
112.0,119.0,130.0,152.0,123.0
186.0,192.0,195.0,154.0,184.0
120.0,171.0,141.0,144.0,120.0
151.0,173.0,131.0,152.0,109.0
98.0,147.0,149.0,153.0,114.0
189.0,177.0,148.0,150.0,137.0
170.0,165.0,187.0,149.0,123.0
162.0,203.0,147.0,154.0,132.0
163.0,103.0,164.0,152.0,154.0
115.0,123.0,105.0,155.0,96.0
142.0,163.0,163.0,123.0,145.0
115.0,100.0,133.0,126.0,148.0
129.0,102.0,166.0,156.0,120.0
157.0,145.0,141.0,168.0,121.0
192.0,203.0,300.0,188.0,198.0
177.0,113.0,117.0,119.0,147.0
155.0,164.0,176.0,154.0,148.0
196.0,189.0,215.0,169.0,171.0
176.0,147.0,202.0,117.0,166.0
194.0,166.0,164.0,124.0,138.0
152.0,113.0,137.0,156.0,167.0
124.0,136.0,148.0,171.0,93.0
212.0,155.0,139.0,146.0,156.0
183.0,158.0,192.0,160.0,73.0
205.0,157.0,155.0,150.0,181.0
145.0,165.0,121.0,174.0,187.0
148.0,114.0,137.0,102.0,119.0
145.0,107.0,128.0,159.0,148.0
161.0,167.0,132.0,128.0,166.0
157.0,128.0,149.0,116.0,156.0
141.0,164.0,111.0,152.0,151.0
166.0,162.0,139.0,147.0,174.0
146.0,137.0,122.0,171.0,103.0
129.0,119.0,111.0,165.0,87.0
153.0,118.0,126.0,148.0,161.0
151.0,85.0,163.0,126.0,110.0
170.0,154.0,190.0,147.0,181.0
140.0,154.0,117.0,125.0,106.0
147.0,141.0,155.0,121.0,149.0
141.0,144.0,159.0,116.0,108.0
144.0,154.0,153.0,119.0,172.0
194.0,222.0,225.0,164.0,142.0
169.0,127.0,160.0,116.0,149.0
185.0,156.0,214.0,156.0,154.0
202.0,171.0,202.0,170.0,160.0
201.0,216.0,228.0,178.0,88.0
167.0,147.0,202.0,193.0,147.0
146.0,140.0,186.0,129.0,134.0
179.0,192.0,191.0,89.0,144.0
161.0,175.0,203.0,114.0,157.0
165.0,179.0,195.0,0.0,74.0
132.0,150.0,160.0,149.0,152.0
178.0,171.0,194.0,132.0,181.0
123.0,118.0,151.0,127.0,132.0
123.0,126.0,153.0,0.0,149.0
140.0,146.0,123.0,147.0,138.0
149.0,172.0,186.0,122.0,153.0
165.0,143.0,165.0,174.0,164.0
91.0,93.0,173.0,111.0,74.0
127.0,127.0,130.0,121.0,110.0
161.0,141.0,190.0,169.0,155.0
173.0,145.0,166.0,116.0,138.0
205.0,180.0,218.0,174.0,191.0
133.0,161.0,178.0,165.0,171.0
149.0,138.0,151.0,148.0,128.0
134.0,162.0,145.0,0.0,113.0
184.0,156.0,170.0,121.0,134.0
138.0,128.0,118.0,133.0,116.0
220.0,201.0,300.0,157.0,215.0
106.0,143.0,157.0,122.0,161.0
110.0,136.0,153.0,123.0,112.0
138.0,146.0,124.0,0.0,140.0
200.0,208.0,186.0,119.0,184.0
151.0,100.0,146.0,148.0,144.0
194.0,176.0,179.0,300.0,182.0
193.0,188.0,171.0,159.0,176.0
111.0,145.0,192.0,156.0,112.0
91.0,141.0,185.0,103.0,127.0
195.0,156.0,156.0,153.0,165.0
147.0,162.0,154.0,98.0,156.0
177.0,157.0,194.0,173.0,171.0
113.0,105.0,109.0,125.0,105.0
161.0,140.0,178.0,152.0,165.0
144.0,119.0,133.0,122.0,160.0
104.0,98.0,96.0,0.0,96.0
175.0,174.0,169.0,150.0,126.0
149.0,152.0,186.0,161.0,148.0
185.0,157.0,157.0,164.0,142.0
122.0,99.0,156.0,0.0,92.0
157.0,178.0,105.0,174.0,128.0
142.0,139.0,138.0,0.0,145.0
150.0,167.0,145.0,152.0,154.0
125.0,116.0,106.0,113.0,118.0
138.0,125.0,109.0,97.0,111.0
101.0,123.0,122.0,118.0,101.0
142.0,168.0,145.0,90.0,114.0
153.0,158.0,153.0,132.0,124.0
195.0,180.0,194.0,194.0,158.0
121.0,105.0,109.0,170.0,93.0
159.0,140.0,157.0,0.0,106.0
131.0,167.0,142.0,156.0,160.0
134.0,105.0,116.0,168.0,133.0
173.0,126.0,179.0,153.0,110.0
134.0,129.0,126.0,105.0,120.0
157.0,193.0,142.0,147.0,166.0
99.0,111.0,102.0,85.0,88.0
141.0,132.0,126.0,129.0,170.0
170.0,178.0,177.0,145.0,181.0
88.0,103.0,148.0,137.0,108.0
102.0,81.0,111.0,142.0,83.0
166.0,187.0,176.0,171.0,139.0
163.0,177.0,154.0,140.0,163.0
188.0,174.0,152.0,176.0,187.0
145.0,119.0,124.0,84.0,135.0
177.0,169.0,154.0,151.0,157.0
130.0,104.0,124.0,172.0,142.0
190.0,158.0,142.0,126.0,158.0
185.0,166.0,189.0,157.0,200.0
169.0,156.0,131.0,147.0,113.0
131.0,106.0,123.0,130.0,155.0
102.0,95.0,109.0,0.0,87.0
155.0,148.0,160.0,138.0,164.0
187.0,145.0,154.0,114.0,183.0
167.0,156.0,173.0,179.0,150.0
200.0,199.0,206.0,122.0,197.0
116.0,96.0,117.0,0.0,94.0
109.0,113.0,119.0,111.0,97.0
131.0,180.0,153.0,169.0,138.0
179.0,155.0,124.0,0.0,169.0
159.0,147.0,145.0,120.0,164.0
175.0,168.0,163.0,184.0,179.0
167.0,150.0,148.0,155.0,155.0
121.0,120.0,139.0,133.0,137.0
150.0,153.0,160.0,154.0,151.0
168.0,157.0,161.0,176.0,178.0
132.0,151.0,130.0,127.0,132.0
171.0,162.0,137.0,0.0,186.0
93.0,74.0,89.0,121.0,87.0
163.0,198.0,212.0,164.0,201.0
122.0,168.0,135.0,114.0,175.0
163.0,149.0,175.0,157.0,133.0
155.0,154.0,162.0,123.0,111.0
165.0,142.0,170.0,202.0,142.0
175.0,157.0,164.0,165.0,142.0
146.0,97.0,132.0,145.0,138.0
166.0,140.0,143.0,114.0,166.0
159.0,165.0,167.0,154.0,152.0
111.0,101.0,127.0,122.0,89.0
163.0,152.0,150.0,111.0,147.0
143.0,130.0,121.0,123.0,101.0
133.0,128.0,153.0,145.0,131.0
104.0,129.0,116.0,107.0,86.0
185.0,168.0,183.0,158.0,151.0
203.0,185.0,199.0,122.0,192.0
150.0,128.0,124.0,155.0,129.0
147.0,103.0,151.0,169.0,134.0
149.0,168.0,166.0,171.0,156.0
133.0,150.0,160.0,124.0,106.0
177.0,173.0,162.0,165.0,151.0
97.0,103.0,151.0,0.0,90.0
117.0,116.0,135.0,183.0,135.0
105.0,124.0,111.0,112.0,121.0
155.0,136.0,204.0,300.0,165.0
126.0,98.0,176.0,124.0,132.0
183.0,196.0,146.0,159.0,157.0
178.0,157.0,203.0,169.0,188.0
180.0,199.0,196.0,79.0,182.0
95.0,95.0,131.0,117.0,131.0
147.0,125.0,136.0,106.0,123.0
151.0,153.0,113.0,87.0,166.0
186.0,201.0,224.0,199.0,167.0
105.0,96.0,181.0,74.0,86.0
158.0,152.0,144.0,154.0,159.0
171.0,183.0,166.0,146.0,101.0
123.0,202.0,164.0,0.0,179.0
117.0,134.0,170.0,115.0,134.0
138.0,157.0,139.0,114.0,133.0
150.0,165.0,127.0,123.0,127.0
148.0,164.0,153.0,189.0,137.0
129.0,113.0,143.0,131.0,113.0
185.0,192.0,158.0,176.0,189.0
130.0,115.0,139.0,113.0,132.0
184.0,192.0,153.0,117.0,121.0
160.0,139.0,141.0,158.0,140.0
117.0,95.0,149.0,116.0,149.0
200.0,190.0,202.0,170.0,189.0
191.0,168.0,208.0,155.0,137.0
123.0,133.0,122.0,157.0,108.0
122.0,132.0,128.0,0.0,131.0
150.0,140.0,171.0,117.0,123.0
118.0,151.0,137.0,146.0,126.0
171.0,163.0,211.0,138.0,107.0
157.0,143.0,158.0,155.0,160.0
202.0,193.0,197.0,131.0,162.0
161.0,139.0,156.0,116.0,175.0
163.0,68.0,154.0,116.0,139.0
152.0,92.0,138.0,87.0,155.0
183.0,100.0,208.0,170.0,195.0
94.0,85.0,113.0,147.0,79.0
129.0,115.0,111.0,125.0,96.0
149.0,107.0,126.0,89.0,115.0
174.0,132.0,188.0,153.0,148.0
133.0,128.0,137.0,89.0,107.0
177.0,141.0,199.0,144.0,173.0
104.0,80.0,99.0,171.0,102.0
142.0,156.0,108.0,175.0,187.0
93.0,141.0,125.0,86.0,114.0
117.0,109.0,156.0,161.0,149.0
156.0,126.0,201.0,118.0,151.0
174.0,173.0,165.0,120.0,84.0
168.0,180.0,149.0,130.0,160.0
156.0,119.0,132.0,127.0,137.0
130.0,137.0,151.0,143.0,101.0
119.0,137.0,167.0,164.0,119.0
146.0,146.0,155.0,149.0,101.0
208.0,196.0,228.0,160.0,198.0
155.0,139.0,134.0,185.0,159.0
178.0,162.0,184.0,169.0,173.0
180.0,180.0,164.0,118.0,163.0
201.0,223.0,209.0,164.0,222.0
152.0,117.0,124.0,125.0,125.0
134.0,141.0,156.0,126.0,124.0
164.0,154.0,149.0,114.0,185.0
202.0,156.0,214.0,169.0,179.0
174.0,138.0,170.0,160.0,121.0
136.0,135.0,190.0,159.0,119.0
150.0,105.0,131.0,177.0,159.0
180.0,204.0,147.0,172.0,159.0
153.0,115.0,134.0,162.0,128.0
128.0,84.0,195.0,169.0,182.0
151.0,166.0,165.0,124.0,157.0
148.0,109.0,162.0,154.0,108.0
159.0,174.0,188.0,149.0,159.0
154.0,132.0,162.0,153.0,152.0
118.0,141.0,116.0,152.0,102.0
147.0,130.0,148.0,112.0,126.0
141.0,174.0,115.0,152.0,131.0
151.0,97.0,141.0,169.0,139.0
163.0,170.0,189.0,166.0,176.0
149.0,143.0,138.0,145.0,149.0
169.0,176.0,200.0,114.0,170.0
140.0,120.0,141.0,142.0,127.0
125.0,149.0,114.0,110.0,103.0
199.0,177.0,189.0,165.0,202.0
172.0,186.0,196.0,132.0,182.0
99.0,164.0,158.0,168.0,115.0
125.0,93.0,141.0,0.0,146.0
150.0,168.0,167.0,167.0,129.0
152.0,142.0,120.0,130.0,148.0
173.0,174.0,160.0,125.0,195.0
101.0,117.0,151.0,153.0,143.0
198.0,188.0,300.0,154.0,200.0
155.0,114.0,159.0,150.0,101.0
176.0,158.0,156.0,148.0,130.0
138.0,133.0,152.0,139.0,134.0
153.0,174.0,148.0,149.0,208.0
140.0,116.0,113.0,151.0,118.0
156.0,85.0,144.0,165.0,155.0
80.0,90.0,105.0,147.0,90.0
146.0,140.0,113.0,120.0,113.0
169.0,187.0,95.0,177.0,122.0
117.0,109.0,129.0,161.0,98.0
89.0,87.0,105.0,0.0,116.0
87.0,131.0,108.0,119.0,131.0
133.0,105.0,128.0,168.0,118.0
202.0,196.0,149.0,117.0,188.0
109.0,105.0,138.0,123.0,135.0
123.0,113.0,172.0,155.0,159.0
167.0,195.0,161.0,178.0,160.0
151.0,149.0,110.0,0.0,115.0
174.0,145.0,130.0,140.0,140.0
110.0,108.0,115.0,128.0,131.0
139.0,121.0,163.0,153.0,149.0
161.0,148.0,165.0,181.0,178.0
133.0,123.0,145.0,193.0,76.0
146.0,135.0,127.0,165.0,121.0
165.0,170.0,195.0,143.0,181.0
102.0,68.0,153.0,149.0,131.0
170.0,134.0,154.0,164.0,152.0
129.0,136.0,127.0,0.0,100.0
188.0,199.0,198.0,165.0,158.0
124.0,88.0,185.0,0.0,207.0
144.0,104.0,146.0,153.0,121.0
150.0,156.0,141.0,173.0,176.0
125.0,87.0,126.0,180.0,129.0
169.0,154.0,158.0,129.0,196.0
199.0,210.0,198.0,156.0,177.0
111.0,122.0,151.0,160.0,122.0
136.0,141.0,141.0,117.0,90.0
124.0,138.0,147.0,122.0,118.0
195.0,191.0,201.0,141.0,169.0
170.0,82.0,214.0,134.0,179.0
94.0,115.0,128.0,0.0,99.0
113.0,124.0,97.0,165.0,99.0
113.0,150.0,167.0,176.0,169.0
93.0,115.0,123.0,120.0,144.0
169.0,185.0,214.0,154.0,167.0
155.0,168.0,133.0,118.0,145.0
209.0,188.0,219.0,201.0,163.0
115.0,108.0,182.0,159.0,137.0
163.0,143.0,154.0,126.0,191.0
176.0,169.0,195.0,172.0,226.0
147.0,133.0,145.0,126.0,149.0
148.0,97.0,112.0,0.0,130.0
93.0,90.0,104.0,124.0,110.0
172.0,151.0,162.0,160.0,173.0
164.0,180.0,183.0,171.0,173.0
132.0,109.0,120.0,154.0,127.0
129.0,112.0,135.0,122.0,127.0
105.0,119.0,122.0,94.0,118.0
158.0,130.0,151.0,123.0,72.0
125.0,163.0,189.0,126.0,131.0
164.0,166.0,201.0,179.0,153.0
157.0,137.0,133.0,120.0,131.0
125.0,109.0,129.0,144.0,101.0
99.0,117.0,122.0,126.0,90.0
162.0,129.0,155.0,121.0,163.0
142.0,112.0,106.0,156.0,172.0
104.0,103.0,124.0,106.0,105.0
160.0,141.0,166.0,166.0,174.0
222.0,191.0,209.0,168.0,221.0
174.0,178.0,300.0,164.0,153.0
133.0,124.0,153.0,174.0,113.0
119.0,122.0,127.0,0.0,87.0
145.0,135.0,161.0,0.0,168.0
136.0,153.0,152.0,0.0,147.0
128.0,106.0,159.0,181.0,110.0
158.0,168.0,106.0,0.0,145.0
150.0,153.0,155.0,126.0,134.0
178.0,188.0,199.0,152.0,127.0
162.0,171.0,201.0,177.0,188.0
213.0,206.0,215.0,159.0,184.0
169.0,172.0,130.0,167.0,134.0
189.0,132.0,172.0,195.0,159.0
132.0,100.0,119.0,118.0,120.0
124.0,124.0,120.0,120.0,65.0
102.0,95.0,114.0,144.0,114.0
119.0,110.0,139.0,148.0,119.0
146.0,152.0,152.0,168.0,103.0
199.0,172.0,205.0,179.0,175.0
171.0,158.0,151.0,116.0,126.0
144.0,154.0,156.0,117.0,116.0
163.0,127.0,132.0,166.0,155.0
172.0,166.0,158.0,161.0,156.0
192.0,175.0,200.0,123.0,171.0
111.0,116.0,94.0,129.0,141.0
144.0,98.0,109.0,118.0,83.0
158.0,159.0,162.0,152.0,150.0
143.0,147.0,142.0,124.0,188.0
106.0,103.0,124.0,121.0,99.0
118.0,126.0,114.0,170.0,89.0
197.0,174.0,212.0,186.0,163.0
186.0,159.0,197.0,121.0,202.0
123.0,101.0,122.0,114.0,139.0
125.0,115.0,124.0,116.0,151.0
153.0,137.0,157.0,107.0,161.0
179.0,171.0,155.0,152.0,97.0
192.0,167.0,110.0,0.0,131.0
156.0,146.0,191.0,0.0,171.0
99.0,116.0,109.0,115.0,122.0
138.0,122.0,148.0,113.0,104.0
210.0,179.0,193.0,124.0,221.0
162.0,172.0,196.0,149.0,205.0
143.0,166.0,127.0,163.0,157.0
143.0,148.0,137.0,166.0,95.0
197.0,198.0,189.0,154.0,199.0
144.0,140.0,128.0,115.0,131.0
98.0,112.0,168.0,96.0,124.0
156.0,180.0,174.0,122.0,156.0
152.0,130.0,114.0,152.0,110.0
149.0,175.0,172.0,111.0,145.0
197.0,182.0,201.0,185.0,208.0
144.0,137.0,198.0,165.0,186.0
194.0,214.0,200.0,169.0,221.0
154.0,153.0,137.0,169.0,155.0
154.0,144.0,198.0,161.0,116.0
111.0,108.0,134.0,115.0,73.0
149.0,167.0,173.0,146.0,172.0
118.0,127.0,108.0,126.0,102.0
148.0,139.0,151.0,104.0,128.0
164.0,144.0,165.0,119.0,137.0
143.0,135.0,158.0,148.0,129.0
124.0,112.0,171.0,117.0,114.0
164.0,174.0,214.0,170.0,187.0
175.0,104.0,152.0,168.0,146.0
92.0,118.0,135.0,129.0,120.0
187.0,182.0,214.0,149.0,171.0
300.0,189.0,220.0,162.0,182.0
175.0,135.0,177.0,159.0,191.0
106.0,89.0,114.0,175.0,137.0
131.0,143.0,117.0,122.0,117.0
141.0,129.0,157.0,123.0,131.0
188.0,159.0,126.0,116.0,174.0
141.0,164.0,147.0,157.0,146.0
178.0,181.0,198.0,149.0,139.0
202.0,206.0,221.0,300.0,156.0
165.0,167.0,135.0,108.0,156.0
202.0,188.0,182.0,182.0,198.0
178.0,171.0,184.0,157.0,194.0
186.0,160.0,187.0,167.0,192.0
116.0,149.0,144.0,178.0,116.0
164.0,169.0,152.0,127.0,133.0
118.0,129.0,146.0,106.0,120.0
179.0,177.0,125.0,170.0,156.0
159.0,168.0,151.0,131.0,181.0
201.0,184.0,194.0,142.0,184.0
187.0,178.0,167.0,118.0,156.0
164.0,125.0,176.0,145.0,199.0
107.0,149.0,138.0,148.0,130.0
154.0,160.0,196.0,112.0,131.0
187.0,184.0,165.0,121.0,119.0
209.0,210.0,215.0,171.0,139.0
192.0,161.0,158.0,164.0,168.0
144.0,142.0,147.0,150.0,130.0
167.0,189.0,212.0,122.0,154.0
139.0,180.0,186.0,123.0,107.0
161.0,151.0,163.0,130.0,107.0
141.0,156.0,148.0,111.0,123.0
155.0,174.0,187.0,171.0,203.0
129.0,123.0,130.0,132.0,150.0
157.0,143.0,157.0,153.0,151.0
206.0,200.0,300.0,172.0,192.0
136.0,104.0,102.0,173.0,116.0
100.0,92.0,132.0,141.0,101.0
126.0,87.0,127.0,158.0,117.0
183.0,209.0,202.0,158.0,160.0
178.0,176.0,213.0,174.0,191.0
164.0,163.0,158.0,116.0,120.0
132.0,131.0,161.0,118.0,114.0
198.0,160.0,198.0,118.0,191.0
145.0,164.0,159.0,174.0,132.0
187.0,167.0,119.0,167.0,159.0
149.0,134.0,133.0,120.0,122.0
175.0,155.0,200.0,168.0,150.0
132.0,137.0,156.0,143.0,108.0
128.0,145.0,136.0,165.0,152.0
114.0,146.0,110.0,100.0,115.0
151.0,146.0,126.0,166.0,140.0
115.0,106.0,171.0,79.0,121.0
137.0,156.0,147.0,162.0,145.0
147.0,112.0,158.0,122.0,136.0
179.0,189.0,193.0,154.0,208.0
132.0,101.0,124.0,125.0,82.0
208.0,177.0,147.0,160.0,160.0
137.0,150.0,123.0,124.0,162.0
186.0,174.0,170.0,118.0,176.0
182.0,207.0,180.0,174.0,159.0
124.0,123.0,137.0,119.0,120.0
97.0,105.0,119.0,0.0,107.0
174.0,150.0,195.0,134.0,170.0
172.0,186.0,150.0,177.0,176.0
136.0,84.0,118.0,149.0,101.0
199.0,167.0,171.0,189.0,189.0
182.0,111.0,169.0,147.0,162.0
160.0,164.0,190.0,169.0,146.0
164.0,178.0,117.0,129.0,156.0
170.0,165.0,157.0,148.0,139.0
119.0,104.0,108.0,83.0,132.0
147.0,171.0,147.0,160.0,128.0
179.0,163.0,154.0,172.0,166.0
146.0,134.0,158.0,134.0,115.0
156.0,145.0,148.0,147.0,122.0
99.0,100.0,134.0,142.0,122.0
126.0,211.0,211.0,174.0,178.0
112.0,95.0,137.0,123.0,98.0
149.0,153.0,115.0,121.0,140.0
137.0,171.0,144.0,151.0,158.0
129.0,163.0,149.0,92.0,124.0
154.0,160.0,169.0,113.0,110.0
145.0,180.0,142.0,173.0,149.0
116.0,96.0,127.0,152.0,146.0
214.0,207.0,226.0,174.0,300.0
133.0,103.0,167.0,173.0,129.0
188.0,195.0,184.0,143.0,173.0
116.0,120.0,127.0,115.0,130.0
183.0,189.0,190.0,176.0,167.0
161.0,139.0,145.0,132.0,177.0
128.0,163.0,145.0,0.0,85.0
198.0,210.0,199.0,190.0,177.0
76.0,104.0,150.0,164.0,95.0
176.0,177.0,142.0,152.0,165.0
204.0,204.0,208.0,128.0,181.0
191.0,215.0,155.0,156.0,164.0
173.0,186.0,187.0,175.0,222.0
167.0,193.0,222.0,154.0,188.0
178.0,175.0,183.0,146.0,175.0
169.0,169.0,160.0,161.0,140.0
116.0,105.0,109.0,127.0,128.0
227.0,219.0,194.0,109.0,222.0
170.0,103.0,155.0,134.0,158.0
183.0,188.0,202.0,189.0,182.0
173.0,139.0,128.0,146.0,200.0
185.0,201.0,191.0,132.0,195.0
181.0,173.0,142.0,124.0,147.0
208.0,169.0,182.0,170.0,150.0
188.0,171.0,197.0,170.0,190.0
171.0,168.0,116.0,164.0,136.0
184.0,199.0,146.0,145.0,151.0
130.0,103.0,164.0,119.0,100.0
194.0,182.0,220.0,169.0,142.0
135.0,167.0,106.0,145.0,133.0
153.0,128.0,148.0,116.0,165.0
185.0,162.0,157.0,118.0,170.0
162.0,93.0,102.0,148.0,165.0
144.0,169.0,162.0,147.0,130.0
168.0,150.0,195.0,125.0,126.0
153.0,88.0,165.0,136.0,155.0
146.0,132.0,142.0,153.0,125.0
184.0,170.0,220.0,125.0,154.0
120.0,134.0,137.0,72.0,145.0
174.0,142.0,160.0,151.0,138.0
135.0,100.0,109.0,146.0,113.0
139.0,145.0,151.0,118.0,144.0
145.0,180.0,156.0,124.0,179.0
158.0,166.0,191.0,172.0,159.0
222.0,224.0,223.0,300.0,209.0
188.0,191.0,163.0,155.0,185.0
124.0,153.0,123.0,129.0,159.0
138.0,139.0,164.0,172.0,134.0
177.0,151.0,145.0,0.0,132.0
157.0,163.0,141.0,117.0,122.0
195.0,197.0,175.0,161.0,211.0
152.0,103.0,165.0,147.0,182.0
131.0,136.0,134.0,132.0,133.0
168.0,195.0,138.0,118.0,164.0
113.0,117.0,149.0,91.0,138.0
192.0,194.0,185.0,171.0,106.0
172.0,144.0,125.0,114.0,173.0
158.0,115.0,197.0,125.0,165.0
159.0,170.0,181.0,143.0,122.0
195.0,194.0,189.0,170.0,180.0
144.0,146.0,131.0,149.0,172.0
137.0,127.0,181.0,172.0,167.0
172.0,174.0,217.0,146.0,106.0
112.0,93.0,159.0,115.0,121.0
175.0,191.0,190.0,188.0,115.0
161.0,173.0,159.0,117.0,137.0
173.0,191.0,173.0,117.0,177.0
145.0,172.0,141.0,167.0,130.0
143.0,147.0,138.0,199.0,168.0
183.0,223.0,181.0,149.0,144.0
181.0,175.0,150.0,129.0,115.0
143.0,144.0,152.0,165.0,132.0
161.0,160.0,130.0,87.0,86.0
97.0,82.0,93.0,82.0,83.0
191.0,180.0,208.0,124.0,145.0
167.0,158.0,209.0,129.0,173.0
117.0,132.0,150.0,148.0,124.0
101.0,106.0,104.0,0.0,100.0
148.0,173.0,150.0,153.0,167.0
139.0,188.0,163.0,166.0,155.0
168.0,148.0,175.0,161.0,117.0
196.0,179.0,157.0,144.0,151.0
126.0,86.0,132.0,78.0,124.0
161.0,142.0,119.0,144.0,177.0
145.0,122.0,154.0,121.0,117.0
129.0,119.0,140.0,177.0,105.0
154.0,166.0,134.0,160.0,112.0
184.0,163.0,220.0,148.0,134.0
134.0,161.0,153.0,110.0,141.0
149.0,147.0,165.0,118.0,156.0
149.0,150.0,192.0,143.0,117.0
190.0,184.0,174.0,0.0,172.0
192.0,167.0,196.0,114.0,142.0
143.0,189.0,151.0,148.0,138.0
159.0,122.0,106.0,194.0,119.0
149.0,158.0,118.0,111.0,133.0
105.0,94.0,133.0,0.0,97.0
198.0,208.0,192.0,156.0,199.0
118.0,110.0,184.0,154.0,101.0
186.0,170.0,211.0,163.0,169.0
154.0,172.0,154.0,118.0,172.0
156.0,130.0,159.0,138.0,116.0
161.0,181.0,189.0,133.0,184.0
201.0,177.0,300.0,173.0,159.0
122.0,98.0,128.0,141.0,135.0
125.0,114.0,169.0,125.0,136.0
164.0,160.0,198.0,172.0,158.0
168.0,173.0,166.0,170.0,178.0
174.0,161.0,173.0,123.0,185.0
101.0,120.0,110.0,148.0,125.0
132.0,145.0,155.0,113.0,91.0
157.0,143.0,122.0,170.0,109.0
125.0,117.0,138.0,118.0,140.0
104.0,149.0,126.0,165.0,101.0
213.0,201.0,226.0,159.0,195.0
178.0,103.0,205.0,128.0,190.0
127.0,194.0,124.0,143.0,138.0
163.0,147.0,167.0,187.0,156.0
156.0,118.0,126.0,114.0,155.0
178.0,169.0,125.0,148.0,148.0
170.0,193.0,173.0,167.0,87.0
144.0,138.0,163.0,0.0,132.0
156.0,155.0,158.0,152.0,165.0
173.0,195.0,177.0,165.0,202.0
177.0,167.0,150.0,120.0,161.0
179.0,163.0,198.0,174.0,132.0
175.0,181.0,193.0,178.0,137.0
135.0,156.0,187.0,153.0,104.0
156.0,142.0,145.0,0.0,157.0
137.0,148.0,133.0,176.0,174.0
194.0,183.0,193.0,124.0,189.0
121.0,103.0,157.0,165.0,151.0
162.0,109.0,121.0,128.0,180.0
160.0,111.0,163.0,114.0,142.0
182.0,216.0,190.0,166.0,183.0
188.0,188.0,179.0,165.0,219.0
89.0,88.0,152.0,126.0,95.0
160.0,154.0,154.0,136.0,140.0
163.0,127.0,158.0,172.0,165.0
113.0,151.0,164.0,157.0,176.0
170.0,159.0,167.0,103.0,139.0
148.0,154.0,163.0,147.0,161.0
91.0,107.0,79.0,169.0,110.0
120.0,89.0,138.0,123.0,108.0
164.0,146.0,164.0,161.0,167.0
183.0,183.0,184.0,163.0,173.0
197.0,188.0,163.0,124.0,193.0
139.0,138.0,131.0,147.0,182.0
114.0,155.0,140.0,152.0,132.0
131.0,130.0,158.0,152.0,70.0
154.0,157.0,175.0,171.0,134.0
116.0,168.0,122.0,70.0,138.0
145.0,167.0,130.0,157.0,137.0
117.0,162.0,167.0,124.0,169.0
155.0,157.0,162.0,0.0,154.0
138.0,138.0,167.0,166.0,163.0
130.0,136.0,157.0,148.0,109.0
154.0,146.0,223.0,164.0,189.0
181.0,163.0,155.0,145.0,179.0
164.0,139.0,161.0,175.0,175.0
173.0,173.0,176.0,168.0,178.0
164.0,157.0,143.0,168.0,164.0
148.0,123.0,106.0,127.0,158.0
166.0,156.0,147.0,153.0,131.0
156.0,159.0,140.0,71.0,199.0
182.0,184.0,202.0,159.0,124.0
184.0,202.0,203.0,160.0,193.0
149.0,143.0,140.0,162.0,143.0
134.0,131.0,205.0,130.0,116.0
137.0,141.0,144.0,138.0,150.0
146.0,172.0,145.0,147.0,132.0
120.0,163.0,168.0,125.0,177.0
189.0,187.0,210.0,99.0,139.0
194.0,189.0,0.0,0.0,148.0
108.0,140.0,148.0,121.0,130.0
159.0,191.0,163.0,168.0,150.0
135.0,114.0,146.0,136.0,94.0
164.0,131.0,145.0,166.0,151.0
153.0,157.0,146.0,166.0,138.0
143.0,141.0,185.0,0.0,139.0
187.0,167.0,186.0,126.0,126.0
127.0,100.0,141.0,138.0,104.0
183.0,139.0,93.0,134.0,131.0
168.0,192.0,173.0,120.0,163.0
200.0,190.0,162.0,130.0,187.0
131.0,108.0,125.0,146.0,89.0
188.0,155.0,179.0,187.0,173.0
115.0,81.0,126.0,161.0,82.0
130.0,116.0,187.0,117.0,138.0
135.0,104.0,130.0,159.0,108.0
213.0,164.0,199.0,161.0,163.0
155.0,177.0,124.0,174.0,147.0
145.0,148.0,180.0,165.0,149.0
144.0,148.0,139.0,0.0,143.0
93.0,110.0,151.0,170.0,120.0
126.0,125.0,134.0,164.0,142.0
151.0,172.0,130.0,125.0,101.0
151.0,142.0,158.0,164.0,125.0
174.0,149.0,194.0,300.0,165.0
145.0,148.0,139.0,147.0,177.0
113.0,125.0,121.0,92.0,130.0
137.0,123.0,161.0,116.0,123.0
156.0,175.0,151.0,133.0,144.0
135.0,158.0,150.0,130.0,112.0
209.0,170.0,164.0,170.0,204.0
193.0,201.0,207.0,130.0,169.0
202.0,171.0,198.0,132.0,196.0
141.0,116.0,128.0,116.0,123.0
148.0,135.0,137.0,113.0,104.0
142.0,136.0,153.0,126.0,141.0
130.0,134.0,125.0,121.0,142.0
192.0,178.0,206.0,156.0,157.0
120.0,139.0,126.0,141.0,129.0
115.0,132.0,107.0,129.0,130.0
149.0,112.0,167.0,0.0,166.0
125.0,129.0,132.0,147.0,136.0
113.0,95.0,136.0,127.0,100.0
126.0,161.0,144.0,168.0,102.0
214.0,191.0,201.0,118.0,176.0
177.0,161.0,158.0,121.0,192.0
184.0,145.0,151.0,120.0,193.0
175.0,199.0,198.0,159.0,186.0
152.0,119.0,164.0,118.0,131.0
141.0,157.0,177.0,154.0,108.0
144.0,157.0,171.0,167.0,169.0
149.0,125.0,112.0,147.0,124.0
137.0,118.0,154.0,181.0,168.0
164.0,169.0,142.0,161.0,169.0
164.0,174.0,147.0,135.0,158.0
149.0,132.0,134.0,128.0,135.0
174.0,186.0,190.0,158.0,80.0
159.0,154.0,162.0,144.0,151.0
147.0,150.0,129.0,142.0,141.0
122.0,129.0,116.0,94.0,120.0
175.0,166.0,200.0,160.0,184.0
144.0,115.0,135.0,117.0,139.0
142.0,135.0,112.0,115.0,125.0
156.0,169.0,150.0,126.0,111.0
132.0,108.0,138.0,176.0,121.0
186.0,168.0,219.0,192.0,209.0
106.0,112.0,113.0,198.0,74.0
163.0,135.0,184.0,164.0,152.0
135.0,136.0,158.0,164.0,160.0
177.0,162.0,162.0,122.0,169.0
114.0,106.0,144.0,132.0,126.0
175.0,141.0,166.0,126.0,116.0
121.0,128.0,123.0,300.0,154.0
144.0,150.0,110.0,123.0,127.0
123.0,137.0,120.0,0.0,112.0
176.0,117.0,212.0,123.0,125.0
169.0,163.0,145.0,140.0,150.0
172.0,103.0,159.0,134.0,150.0
148.0,117.0,183.0,127.0,124.0
142.0,122.0,196.0,167.0,175.0
118.0,125.0,128.0,132.0,132.0
183.0,168.0,181.0,122.0,194.0
196.0,182.0,192.0,146.0,197.0
119.0,138.0,140.0,83.0,150.0
142.0,96.0,187.0,163.0,143.0
116.0,114.0,94.0,127.0,124.0
120.0,123.0,150.0,150.0,170.0
148.0,117.0,152.0,171.0,140.0
185.0,159.0,194.0,190.0,174.0
178.0,192.0,206.0,143.0,217.0
174.0,183.0,188.0,173.0,171.0
145.0,178.0,141.0,171.0,156.0
137.0,142.0,123.0,126.0,141.0
160.0,173.0,173.0,151.0,136.0
202.0,184.0,214.0,164.0,162.0
154.0,174.0,173.0,115.0,190.0
128.0,88.0,112.0,0.0,102.0
117.0,91.0,115.0,112.0,112.0
104.0,118.0,123.0,0.0,72.0
133.0,116.0,146.0,180.0,126.0
191.0,187.0,218.0,185.0,213.0
123.0,111.0,143.0,125.0,123.0
120.0,116.0,150.0,82.0,155.0
164.0,139.0,136.0,145.0,164.0
129.0,135.0,122.0,166.0,125.0
156.0,174.0,158.0,0.0,106.0
156.0,124.0,143.0,160.0,149.0
153.0,158.0,162.0,167.0,146.0
183.0,186.0,180.0,152.0,75.0
172.0,127.0,185.0,151.0,201.0
184.0,179.0,181.0,138.0,202.0
176.0,178.0,162.0,147.0,161.0
175.0,121.0,156.0,123.0,163.0
164.0,193.0,137.0,168.0,139.0
112.0,112.0,107.0,140.0,112.0
169.0,137.0,181.0,160.0,95.0
176.0,142.0,193.0,177.0,164.0
85.0,93.0,96.0,0.0,69.0
137.0,136.0,151.0,123.0,121.0
158.0,159.0,127.0,161.0,143.0
151.0,128.0,166.0,163.0,164.0
132.0,136.0,121.0,86.0,139.0
140.0,118.0,123.0,153.0,84.0
197.0,198.0,122.0,122.0,155.0
121.0,121.0,136.0,0.0,135.0
151.0,188.0,201.0,157.0,172.0
198.0,184.0,162.0,171.0,144.0
148.0,115.0,137.0,0.0,116.0
116.0,89.0,111.0,0.0,137.0
183.0,127.0,199.0,171.0,201.0
198.0,205.0,219.0,133.0,189.0
153.0,154.0,142.0,126.0,149.0
149.0,155.0,138.0,120.0,162.0
127.0,100.0,124.0,130.0,75.0
162.0,164.0,139.0,152.0,135.0
216.0,205.0,181.0,138.0,194.0
140.0,116.0,106.0,119.0,187.0
184.0,181.0,208.0,152.0,181.0
174.0,155.0,172.0,124.0,121.0
175.0,173.0,180.0,148.0,139.0
203.0,180.0,209.0,151.0,209.0
169.0,149.0,140.0,171.0,120.0
151.0,147.0,181.0,117.0,106.0
183.0,175.0,164.0,130.0,113.0
221.0,164.0,165.0,152.0,188.0
151.0,111.0,155.0,146.0,151.0
185.0,191.0,204.0,124.0,193.0
143.0,121.0,110.0,128.0,166.0
103.0,122.0,125.0,115.0,128.0
174.0,152.0,169.0,180.0,119.0
153.0,150.0,160.0,175.0,130.0
189.0,186.0,167.0,147.0,151.0
125.0,91.0,118.0,166.0,105.0
115.0,138.0,133.0,186.0,138.0
161.0,150.0,180.0,127.0,144.0
164.0,130.0,117.0,150.0,150.0
127.0,146.0,155.0,158.0,126.0
132.0,121.0,144.0,0.0,102.0
150.0,151.0,175.0,170.0,138.0
165.0,168.0,177.0,151.0,147.0
167.0,178.0,181.0,124.0,170.0
102.0,82.0,108.0,133.0,146.0
195.0,142.0,185.0,135.0,173.0
107.0,116.0,142.0,106.0,92.0
209.0,109.0,195.0,167.0,176.0
135.0,132.0,132.0,138.0,136.0
158.0,146.0,156.0,131.0,122.0
225.0,182.0,226.0,145.0,205.0
141.0,135.0,156.0,112.0,156.0
116.0,113.0,127.0,159.0,129.0
91.0,102.0,111.0,126.0,123.0
95.0,137.0,165.0,157.0,130.0
167.0,153.0,161.0,148.0,121.0
123.0,130.0,0.0,0.0,152.0
152.0,122.0,148.0,146.0,137.0
141.0,125.0,174.0,163.0,133.0
158.0,145.0,122.0,119.0,129.0
127.0,109.0,138.0,76.0,126.0
121.0,159.0,127.0,156.0,173.0
136.0,128.0,144.0,118.0,163.0
125.0,138.0,136.0,144.0,118.0
157.0,103.0,184.0,129.0,197.0
142.0,145.0,134.0,134.0,148.0
158.0,137.0,147.0,0.0,154.0
87.0,127.0,124.0,116.0,73.0
166.0,143.0,146.0,120.0,154.0
170.0,178.0,174.0,175.0,193.0
135.0,114.0,161.0,0.0,113.0
96.0,153.0,155.0,161.0,131.0
202.0,209.0,219.0,163.0,182.0
185.0,182.0,183.0,148.0,157.0
153.0,164.0,190.0,164.0,207.0
126.0,93.0,146.0,97.0,126.0
188.0,163.0,107.0,120.0,221.0
122.0,104.0,170.0,149.0,185.0
114.0,94.0,146.0,126.0,136.0
130.0,86.0,129.0,156.0,134.0
107.0,110.0,137.0,0.0,94.0
134.0,148.0,131.0,0.0,189.0
143.0,127.0,128.0,153.0,118.0
183.0,167.0,217.0,155.0,117.0
163.0,127.0,188.0,0.0,104.0
191.0,173.0,176.0,154.0,171.0
164.0,136.0,152.0,165.0,160.0
139.0,143.0,150.0,150.0,147.0
164.0,109.0,196.0,155.0,144.0
164.0,164.0,130.0,175.0,176.0
198.0,223.0,162.0,170.0,168.0
122.0,106.0,139.0,178.0,140.0
198.0,185.0,189.0,119.0,185.0
165.0,165.0,125.0,123.0,174.0
160.0,156.0,124.0,160.0,142.0
197.0,208.0,206.0,162.0,206.0
168.0,120.0,152.0,118.0,128.0
157.0,165.0,169.0,115.0,151.0
130.0,141.0,155.0,153.0,144.0
108.0,139.0,138.0,119.0,84.0
133.0,98.0,140.0,160.0,123.0
175.0,161.0,161.0,173.0,165.0
149.0,123.0,121.0,161.0,119.0
170.0,180.0,191.0,145.0,172.0
188.0,130.0,162.0,0.0,168.0
139.0,159.0,152.0,169.0,117.0
129.0,133.0,121.0,126.0,111.0
141.0,90.0,157.0,167.0,118.0
118.0,122.0,144.0,163.0,137.0
76.0,92.0,150.0,170.0,102.0
91.0,119.0,138.0,120.0,121.0
123.0,154.0,151.0,156.0,145.0
172.0,177.0,191.0,132.0,151.0
175.0,160.0,171.0,183.0,141.0
174.0,194.0,169.0,144.0,140.0
145.0,100.0,134.0,108.0,121.0
142.0,145.0,157.0,82.0,116.0
88.0,95.0,123.0,160.0,144.0
195.0,216.0,188.0,188.0,158.0
158.0,164.0,119.0,196.0,153.0
98.0,104.0,122.0,128.0,114.0
104.0,77.0,113.0,137.0,90.0
186.0,168.0,210.0,147.0,196.0
184.0,174.0,218.0,157.0,198.0
175.0,172.0,152.0,168.0,99.0
167.0,160.0,173.0,179.0,139.0
180.0,169.0,179.0,0.0,169.0
204.0,145.0,187.0,177.0,117.0
123.0,141.0,142.0,160.0,109.0
121.0,95.0,172.0,147.0,125.0
120.0,130.0,111.0,159.0,122.0
149.0,139.0,133.0,125.0,140.0
124.0,109.0,150.0,134.0,101.0
132.0,165.0,198.0,135.0,183.0
117.0,139.0,132.0,144.0,102.0
163.0,139.0,126.0,118.0,190.0
93.0,94.0,119.0,0.0,90.0
197.0,171.0,137.0,132.0,153.0
168.0,150.0,151.0,158.0,137.0
174.0,203.0,181.0,163.0,227.0
131.0,137.0,157.0,134.0,176.0
95.0,72.0,131.0,141.0,101.0
147.0,188.0,131.0,178.0,158.0
141.0,133.0,148.0,116.0,175.0
205.0,215.0,300.0,187.0,188.0
161.0,136.0,129.0,95.0,123.0
108.0,75.0,95.0,121.0,115.0
136.0,120.0,104.0,161.0,131.0
138.0,139.0,148.0,122.0,139.0
109.0,115.0,128.0,130.0,110.0
186.0,180.0,195.0,149.0,155.0
199.0,174.0,183.0,121.0,169.0
192.0,191.0,205.0,131.0,152.0
98.0,102.0,77.0,0.0,115.0
147.0,129.0,203.0,157.0,150.0
156.0,104.0,181.0,112.0,165.0
177.0,150.0,197.0,163.0,153.0
166.0,145.0,138.0,119.0,103.0
180.0,177.0,214.0,113.0,142.0
190.0,175.0,204.0,160.0,108.0
132.0,134.0,155.0,165.0,160.0
190.0,132.0,130.0,109.0,139.0
199.0,197.0,143.0,102.0,183.0
140.0,172.0,180.0,172.0,152.0
108.0,143.0,133.0,154.0,112.0
127.0,134.0,122.0,117.0,119.0
155.0,128.0,179.0,173.0,160.0
171.0,165.0,177.0,138.0,150.0
162.0,181.0,173.0,200.0,148.0
145.0,168.0,130.0,114.0,147.0
143.0,121.0,155.0,0.0,127.0
115.0,109.0,123.0,126.0,104.0
174.0,187.0,209.0,140.0,196.0
149.0,151.0,129.0,166.0,167.0
121.0,89.0,106.0,108.0,118.0
132.0,98.0,99.0,123.0,112.0
137.0,109.0,156.0,124.0,112.0
134.0,108.0,134.0,142.0,103.0
152.0,132.0,138.0,129.0,175.0
156.0,180.0,172.0,134.0,147.0
188.0,127.0,166.0,163.0,102.0
135.0,134.0,176.0,148.0,132.0
127.0,126.0,144.0,119.0,117.0
140.0,148.0,178.0,177.0,148.0
140.0,141.0,120.0,166.0,149.0
164.0,109.0,105.0,115.0,131.0
139.0,109.0,129.0,127.0,154.0
218.0,186.0,216.0,125.0,159.0
153.0,146.0,134.0,134.0,114.0
180.0,178.0,171.0,161.0,133.0
150.0,177.0,140.0,154.0,133.0
162.0,154.0,174.0,149.0,152.0
127.0,125.0,171.0,147.0,132.0
138.0,138.0,166.0,117.0,79.0
158.0,155.0,140.0,116.0,96.0
193.0,197.0,217.0,171.0,145.0
80.0,198.0,176.0,157.0,100.0
215.0,185.0,228.0,169.0,193.0
172.0,173.0,122.0,155.0,114.0
137.0,164.0,145.0,115.0,114.0
181.0,161.0,178.0,179.0,160.0
156.0,149.0,155.0,136.0,130.0
122.0,166.0,153.0,122.0,121.0
170.0,175.0,144.0,181.0,129.0
127.0,156.0,129.0,118.0,118.0
205.0,185.0,300.0,126.0,202.0
172.0,168.0,214.0,166.0,179.0
168.0,189.0,190.0,176.0,188.0
135.0,164.0,170.0,183.0,119.0
166.0,149.0,134.0,168.0,95.0
96.0,103.0,145.0,121.0,151.0
198.0,202.0,300.0,166.0,162.0
109.0,89.0,159.0,0.0,128.0
159.0,173.0,147.0,121.0,171.0
153.0,157.0,127.0,120.0,101.0
153.0,123.0,147.0,161.0,116.0
193.0,300.0,205.0,131.0,198.0
107.0,100.0,133.0,125.0,107.0
159.0,169.0,168.0,166.0,128.0
116.0,128.0,139.0,125.0,126.0
173.0,91.0,0.0,148.0,138.0
179.0,163.0,177.0,151.0,133.0
170.0,150.0,139.0,129.0,158.0
172.0,89.0,177.0,180.0,169.0
145.0,115.0,115.0,154.0,133.0
133.0,103.0,133.0,181.0,107.0
183.0,186.0,184.0,169.0,121.0
152.0,169.0,157.0,166.0,136.0
114.0,140.0,130.0,0.0,104.0
112.0,107.0,133.0,152.0,135.0
123.0,137.0,150.0,0.0,139.0
152.0,165.0,123.0,153.0,160.0
102.0,153.0,112.0,109.0,70.0
200.0,187.0,219.0,189.0,199.0
176.0,166.0,160.0,149.0,153.0
177.0,163.0,150.0,165.0,197.0
149.0,133.0,171.0,173.0,150.0
151.0,142.0,172.0,124.0,137.0
180.0,172.0,144.0,154.0,157.0
175.0,182.0,169.0,165.0,200.0
156.0,203.0,198.0,0.0,192.0
102.0,95.0,160.0,83.0,193.0
150.0,114.0,138.0,0.0,142.0
167.0,164.0,155.0,126.0,151.0
106.0,111.0,104.0,126.0,111.0
102.0,97.0,120.0,0.0,99.0
177.0,154.0,193.0,164.0,123.0
131.0,136.0,146.0,169.0,148.0
121.0,140.0,135.0,129.0,108.0
199.0,161.0,140.0,122.0,152.0
157.0,140.0,134.0,128.0,142.0
141.0,110.0,137.0,125.0,137.0
172.0,167.0,165.0,150.0,187.0
138.0,139.0,150.0,79.0,150.0
198.0,196.0,200.0,166.0,147.0
146.0,175.0,198.0,172.0,99.0
145.0,154.0,146.0,123.0,120.0
146.0,128.0,132.0,164.0,129.0
120.0,133.0,118.0,166.0,151.0
142.0,87.0,105.0,142.0,176.0
147.0,107.0,144.0,123.0,85.0
123.0,136.0,148.0,187.0,152.0
172.0,133.0,164.0,149.0,134.0
103.0,161.0,168.0,134.0,179.0
128.0,147.0,128.0,110.0,155.0
150.0,162.0,134.0,147.0,125.0
139.0,102.0,115.0,170.0,131.0
191.0,152.0,117.0,0.0,108.0
118.0,172.0,131.0,168.0,136.0
162.0,166.0,134.0,121.0,175.0
155.0,166.0,149.0,120.0,108.0
186.0,190.0,193.0,172.0,155.0
186.0,200.0,189.0,181.0,197.0
142.0,116.0,150.0,169.0,196.0
173.0,186.0,168.0,123.0,145.0
128.0,122.0,143.0,120.0,121.0
205.0,187.0,189.0,181.0,177.0
173.0,142.0,180.0,130.0,132.0
170.0,168.0,144.0,155.0,186.0
73.0,110.0,116.0,145.0,92.0
162.0,152.0,155.0,127.0,174.0
118.0,156.0,183.0,157.0,137.0
161.0,130.0,156.0,114.0,101.0
141.0,130.0,105.0,116.0,153.0
161.0,158.0,216.0,168.0,175.0
133.0,124.0,158.0,135.0,163.0
181.0,180.0,163.0,127.0,179.0
176.0,148.0,148.0,151.0,148.0
172.0,140.0,207.0,129.0,125.0
121.0,93.0,106.0,134.0,104.0
194.0,177.0,195.0,300.0,160.0
153.0,146.0,110.0,154.0,149.0
174.0,140.0,170.0,110.0,142.0
166.0,164.0,211.0,112.0,140.0
151.0,100.0,153.0,111.0,143.0
109.0,95.0,137.0,125.0,104.0
116.0,136.0,150.0,178.0,133.0
145.0,102.0,93.0,0.0,110.0
137.0,118.0,146.0,194.0,183.0
174.0,178.0,146.0,169.0,149.0
161.0,113.0,147.0,154.0,126.0
162.0,164.0,203.0,151.0,172.0
186.0,211.0,300.0,170.0,213.0
134.0,169.0,146.0,118.0,153.0
148.0,121.0,143.0,172.0,103.0
193.0,134.0,171.0,121.0,179.0
199.0,154.0,181.0,161.0,186.0
198.0,188.0,192.0,189.0,152.0
173.0,172.0,206.0,151.0,133.0
181.0,181.0,205.0,148.0,197.0
187.0,178.0,300.0,168.0,216.0
117.0,126.0,133.0,186.0,136.0
185.0,190.0,215.0,152.0,192.0
144.0,170.0,165.0,0.0,152.0
152.0,164.0,168.0,132.0,171.0
134.0,95.0,147.0,123.0,172.0
99.0,75.0,121.0,116.0,78.0
171.0,170.0,177.0,155.0,203.0
150.0,87.0,149.0,121.0,141.0
169.0,155.0,176.0,155.0,166.0
137.0,129.0,106.0,148.0,133.0
131.0,109.0,124.0,125.0,103.0
178.0,184.0,160.0,143.0,187.0
160.0,142.0,142.0,116.0,128.0
143.0,84.0,165.0,128.0,168.0
153.0,171.0,175.0,152.0,167.0
134.0,124.0,132.0,134.0,140.0
157.0,162.0,125.0,119.0,152.0
192.0,234.0,214.0,117.0,168.0
137.0,161.0,127.0,81.0,170.0
173.0,184.0,142.0,149.0,174.0
87.0,112.0,154.0,144.0,112.0
154.0,145.0,156.0,119.0,143.0
165.0,144.0,125.0,123.0,128.0
94.0,110.0,129.0,0.0,101.0
154.0,113.0,150.0,127.0,106.0
177.0,147.0,172.0,113.0,140.0
177.0,170.0,163.0,191.0,145.0
120.0,105.0,137.0,112.0,126.0
121.0,122.0,153.0,145.0,95.0
116.0,119.0,184.0,146.0,143.0
120.0,119.0,128.0,165.0,101.0
141.0,161.0,154.0,93.0,164.0
111.0,120.0,150.0,172.0,136.0
159.0,130.0,139.0,0.0,141.0
136.0,137.0,148.0,176.0,173.0
161.0,157.0,151.0,161.0,159.0
104.0,110.0,161.0,123.0,109.0
193.0,177.0,190.0,144.0,191.0
155.0,185.0,204.0,175.0,178.0
154.0,114.0,161.0,119.0,140.0
190.0,184.0,216.0,93.0,131.0
147.0,148.0,159.0,0.0,102.0
147.0,140.0,181.0,149.0,143.0
166.0,178.0,135.0,127.0,181.0
128.0,120.0,139.0,109.0,155.0
202.0,195.0,160.0,153.0,160.0
142.0,161.0,144.0,167.0,128.0
179.0,155.0,175.0,122.0,131.0
170.0,184.0,156.0,177.0,153.0
124.0,101.0,143.0,169.0,105.0
185.0,169.0,204.0,166.0,229.0
159.0,172.0,152.0,121.0,100.0
111.0,95.0,135.0,0.0,96.0
153.0,165.0,148.0,165.0,177.0
158.0,146.0,146.0,127.0,127.0
134.0,148.0,179.0,125.0,128.0
151.0,164.0,160.0,148.0,172.0
196.0,222.0,160.0,123.0,153.0
161.0,166.0,140.0,168.0,183.0
203.0,202.0,202.0,136.0,196.0
95.0,135.0,160.0,110.0,205.0
160.0,168.0,150.0,131.0,128.0
147.0,162.0,210.0,193.0,131.0
133.0,129.0,166.0,155.0,140.0
127.0,156.0,152.0,128.0,163.0
147.0,127.0,155.0,110.0,89.0
172.0,187.0,154.0,174.0,169.0
153.0,122.0,172.0,155.0,139.0
168.0,130.0,149.0,133.0,175.0
175.0,169.0,141.0,165.0,100.0
120.0,114.0,131.0,111.0,152.0
179.0,196.0,146.0,0.0,147.0
84.0,106.0,107.0,0.0,115.0
138.0,117.0,118.0,126.0,132.0
189.0,206.0,210.0,173.0,190.0
150.0,184.0,152.0,83.0,175.0
124.0,118.0,153.0,147.0,122.0
117.0,128.0,147.0,0.0,152.0
123.0,154.0,176.0,81.0,143.0
156.0,166.0,194.0,76.0,116.0
127.0,116.0,153.0,123.0,138.0
173.0,182.0,190.0,168.0,153.0
166.0,183.0,212.0,143.0,117.0
130.0,163.0,132.0,80.0,137.0
118.0,89.0,136.0,123.0,118.0
166.0,135.0,155.0,173.0,107.0
173.0,152.0,166.0,115.0,145.0
160.0,163.0,154.0,145.0,155.0
115.0,154.0,118.0,154.0,111.0
150.0,162.0,165.0,121.0,159.0
157.0,142.0,117.0,151.0,150.0
153.0,140.0,168.0,126.0,151.0
146.0,139.0,171.0,155.0,162.0
145.0,142.0,149.0,129.0,172.0
146.0,140.0,179.0,117.0,138.0
177.0,153.0,184.0,165.0,105.0
212.0,186.0,182.0,147.0,188.0
160.0,124.0,160.0,174.0,141.0
170.0,149.0,114.0,124.0,144.0
153.0,161.0,177.0,123.0,131.0
160.0,147.0,189.0,132.0,190.0
151.0,129.0,147.0,124.0,133.0
218.0,202.0,216.0,156.0,230.0
155.0,71.0,134.0,155.0,114.0
193.0,181.0,208.0,200.0,211.0
103.0,119.0,162.0,128.0,168.0
133.0,100.0,180.0,109.0,92.0
174.0,175.0,159.0,143.0,153.0
169.0,174.0,161.0,126.0,172.0
157.0,149.0,121.0,126.0,110.0
112.0,137.0,143.0,149.0,152.0
195.0,197.0,150.0,120.0,179.0
133.0,111.0,146.0,120.0,164.0
211.0,199.0,200.0,159.0,167.0
137.0,136.0,156.0,188.0,132.0
202.0,178.0,216.0,133.0,142.0
176.0,161.0,181.0,177.0,162.0
118.0,121.0,148.0,168.0,157.0
167.0,182.0,144.0,177.0,113.0
144.0,162.0,102.0,149.0,194.0
183.0,191.0,183.0,182.0,162.0
143.0,149.0,202.0,123.0,182.0
161.0,126.0,149.0,111.0,177.0
161.0,135.0,151.0,150.0,170.0
186.0,178.0,183.0,115.0,89.0
123.0,116.0,107.0,132.0,123.0
197.0,221.0,216.0,156.0,199.0
164.0,98.0,188.0,122.0,75.0
106.0,109.0,113.0,177.0,91.0
111.0,105.0,140.0,178.0,155.0
149.0,93.0,151.0,119.0,122.0
191.0,185.0,224.0,119.0,185.0
119.0,106.0,132.0,121.0,87.0
110.0,95.0,153.0,171.0,139.0
152.0,173.0,155.0,152.0,197.0
195.0,189.0,215.0,122.0,202.0
178.0,159.0,163.0,150.0,141.0
116.0,149.0,113.0,132.0,135.0
141.0,129.0,156.0,126.0,139.0
115.0,109.0,120.0,118.0,104.0
201.0,173.0,193.0,113.0,184.0
167.0,168.0,163.0,145.0,135.0
153.0,136.0,145.0,125.0,116.0
148.0,157.0,170.0,0.0,129.0
161.0,162.0,150.0,125.0,150.0
188.0,186.0,200.0,153.0,173.0
188.0,183.0,199.0,172.0,173.0
164.0,119.0,169.0,156.0,138.0
178.0,133.0,111.0,122.0,177.0
159.0,108.0,144.0,178.0,118.0
200.0,194.0,186.0,176.0,227.0
115.0,99.0,158.0,117.0,101.0
190.0,178.0,154.0,125.0,175.0
172.0,222.0,148.0,154.0,186.0
166.0,111.0,201.0,186.0,105.0
169.0,157.0,170.0,124.0,151.0
105.0,100.0,124.0,121.0,139.0
104.0,76.0,119.0,116.0,79.0
109.0,87.0,135.0,141.0,97.0
195.0,182.0,197.0,159.0,193.0
173.0,164.0,176.0,173.0,181.0
116.0,104.0,125.0,140.0,127.0
102.0,96.0,112.0,0.0,62.0
131.0,111.0,121.0,93.0,133.0
149.0,156.0,171.0,115.0,174.0
107.0,117.0,142.0,178.0,183.0
162.0,135.0,127.0,158.0,108.0
96.0,153.0,146.0,111.0,144.0
204.0,201.0,180.0,173.0,184.0
129.0,155.0,133.0,157.0,157.0
133.0,77.0,88.0,163.0,185.0
161.0,136.0,109.0,152.0,139.0
169.0,129.0,114.0,171.0,119.0
205.0,174.0,190.0,184.0,158.0
149.0,136.0,131.0,0.0,108.0
148.0,106.0,122.0,0.0,80.0
151.0,147.0,153.0,155.0,175.0
113.0,136.0,140.0,0.0,92.0
140.0,122.0,119.0,153.0,112.0
168.0,160.0,149.0,0.0,164.0
128.0,89.0,131.0,159.0,141.0
158.0,184.0,145.0,152.0,182.0
128.0,151.0,167.0,114.0,154.0
159.0,149.0,132.0,130.0,162.0
163.0,152.0,177.0,154.0,124.0
100.0,123.0,147.0,153.0,171.0
103.0,107.0,152.0,188.0,81.0
130.0,123.0,124.0,182.0,109.0
166.0,180.0,152.0,119.0,105.0
114.0,95.0,132.0,107.0,99.0
146.0,168.0,160.0,136.0,158.0
144.0,134.0,119.0,122.0,116.0
102.0,97.0,109.0,83.0,128.0
146.0,133.0,122.0,121.0,133.0
189.0,142.0,202.0,153.0,73.0
129.0,157.0,138.0,131.0,138.0
106.0,110.0,130.0,0.0,118.0
154.0,117.0,116.0,145.0,82.0
138.0,115.0,124.0,117.0,150.0
168.0,159.0,181.0,124.0,147.0
195.0,184.0,156.0,136.0,125.0
127.0,95.0,135.0,128.0,138.0
188.0,128.0,172.0,152.0,182.0
180.0,199.0,158.0,144.0,153.0
187.0,170.0,142.0,171.0,182.0
124.0,144.0,111.0,178.0,82.0
149.0,144.0,118.0,127.0,131.0
168.0,191.0,195.0,160.0,221.0
157.0,134.0,125.0,0.0,122.0
151.0,124.0,124.0,185.0,147.0
133.0,111.0,131.0,108.0,105.0
143.0,91.0,125.0,150.0,106.0
162.0,169.0,156.0,165.0,212.0
210.0,197.0,224.0,170.0,173.0
154.0,137.0,137.0,174.0,137.0
172.0,155.0,187.0,149.0,130.0
122.0,104.0,102.0,154.0,133.0
162.0,156.0,207.0,180.0,153.0
138.0,164.0,103.0,300.0,141.0
90.0,110.0,134.0,127.0,85.0
154.0,157.0,195.0,178.0,128.0
166.0,143.0,146.0,165.0,155.0
114.0,121.0,177.0,119.0,127.0
113.0,106.0,140.0,0.0,111.0
88.0,111.0,130.0,0.0,119.0
124.0,103.0,104.0,0.0,92.0
123.0,116.0,138.0,173.0,78.0
233.0,208.0,300.0,163.0,188.0
148.0,74.0,168.0,129.0,123.0
149.0,133.0,133.0,151.0,128.0
209.0,178.0,125.0,189.0,202.0
141.0,84.0,83.0,159.0,164.0
169.0,136.0,196.0,119.0,99.0
159.0,133.0,200.0,151.0,159.0
170.0,191.0,159.0,148.0,161.0
130.0,138.0,163.0,125.0,137.0
133.0,122.0,171.0,166.0,143.0
125.0,85.0,98.0,91.0,97.0
195.0,204.0,194.0,174.0,190.0
169.0,214.0,178.0,163.0,89.0
158.0,142.0,145.0,116.0,164.0
150.0,163.0,129.0,154.0,123.0
157.0,189.0,191.0,131.0,194.0
161.0,141.0,156.0,121.0,99.0
203.0,213.0,206.0,300.0,162.0
139.0,146.0,117.0,150.0,110.0
121.0,86.0,105.0,129.0,117.0
128.0,168.0,155.0,128.0,103.0
132.0,120.0,108.0,117.0,129.0
194.0,180.0,212.0,180.0,197.0
126.0,98.0,127.0,115.0,134.0
187.0,190.0,161.0,166.0,146.0
138.0,166.0,150.0,168.0,143.0
134.0,141.0,169.0,135.0,109.0
120.0,112.0,180.0,123.0,176.0
150.0,104.0,119.0,122.0,104.0
195.0,175.0,183.0,156.0,168.0
171.0,164.0,141.0,129.0,100.0
183.0,155.0,151.0,108.0,86.0
182.0,162.0,203.0,124.0,107.0
117.0,159.0,110.0,140.0,97.0
123.0,133.0,119.0,143.0,140.0
138.0,123.0,107.0,119.0,136.0
141.0,129.0,145.0,167.0,135.0
152.0,131.0,157.0,118.0,117.0
92.0,125.0,109.0,106.0,116.0
212.0,145.0,198.0,156.0,225.0
99.0,99.0,111.0,120.0,81.0
180.0,173.0,111.0,147.0,113.0
99.0,139.0,138.0,152.0,143.0
154.0,154.0,162.0,127.0,162.0
142.0,106.0,108.0,0.0,112.0
159.0,176.0,184.0,141.0,167.0
118.0,81.0,116.0,144.0,157.0
168.0,144.0,178.0,144.0,119.0
224.0,194.0,216.0,206.0,205.0
116.0,122.0,126.0,139.0,72.0
177.0,155.0,226.0,159.0,155.0
117.0,120.0,156.0,121.0,184.0
212.0,171.0,144.0,132.0,163.0
193.0,186.0,207.0,184.0,164.0
148.0,113.0,161.0,173.0,181.0
147.0,141.0,137.0,127.0,123.0
121.0,89.0,116.0,123.0,131.0
166.0,146.0,141.0,169.0,183.0
177.0,158.0,157.0,118.0,196.0
206.0,182.0,210.0,174.0,140.0
178.0,150.0,180.0,128.0,110.0
118.0,135.0,129.0,144.0,122.0
166.0,160.0,172.0,150.0,146.0
117.0,107.0,148.0,119.0,126.0
160.0,126.0,198.0,157.0,178.0
119.0,115.0,112.0,121.0,141.0
127.0,132.0,119.0,141.0,105.0
167.0,126.0,186.0,175.0,173.0
170.0,149.0,177.0,160.0,168.0
116.0,152.0,144.0,167.0,132.0
141.0,170.0,137.0,94.0,147.0
152.0,135.0,184.0,129.0,139.0
177.0,182.0,211.0,99.0,180.0
174.0,175.0,155.0,158.0,156.0
112.0,150.0,111.0,137.0,127.0
145.0,119.0,148.0,164.0,166.0
161.0,90.0,133.0,150.0,110.0
119.0,135.0,123.0,162.0,106.0
166.0,186.0,160.0,170.0,190.0
166.0,137.0,164.0,148.0,198.0
161.0,148.0,166.0,173.0,156.0
128.0,164.0,176.0,170.0,107.0
195.0,192.0,215.0,157.0,175.0
165.0,201.0,150.0,118.0,129.0
160.0,173.0,208.0,168.0,146.0
202.0,159.0,210.0,181.0,147.0
159.0,93.0,119.0,158.0,129.0
168.0,167.0,151.0,144.0,109.0
101.0,82.0,127.0,119.0,144.0
138.0,124.0,137.0,0.0,96.0
136.0,118.0,167.0,142.0,97.0
140.0,152.0,165.0,0.0,150.0
137.0,162.0,109.0,170.0,144.0
138.0,150.0,164.0,151.0,152.0
111.0,97.0,134.0,101.0,120.0
172.0,147.0,145.0,151.0,156.0
141.0,111.0,123.0,0.0,149.0
209.0,177.0,182.0,127.0,164.0
140.0,147.0,121.0,131.0,104.0
157.0,139.0,144.0,133.0,132.0
206.0,166.0,300.0,160.0,220.0
177.0,140.0,176.0,158.0,160.0
132.0,167.0,163.0,112.0,141.0
146.0,147.0,133.0,122.0,128.0
148.0,133.0,134.0,167.0,137.0
111.0,95.0,144.0,112.0,89.0
140.0,153.0,164.0,132.0,126.0
192.0,179.0,183.0,167.0,76.0
187.0,132.0,179.0,194.0,183.0
175.0,185.0,203.0,175.0,184.0
160.0,100.0,164.0,128.0,168.0
127.0,75.0,136.0,124.0,122.0
113.0,104.0,84.0,130.0,99.0
133.0,137.0,162.0,109.0,139.0
142.0,197.0,203.0,146.0,193.0
150.0,139.0,183.0,179.0,116.0
163.0,108.0,150.0,120.0,112.0
186.0,169.0,224.0,165.0,190.0
159.0,176.0,155.0,149.0,157.0
202.0,159.0,188.0,163.0,153.0
137.0,132.0,130.0,157.0,113.0
152.0,149.0,127.0,124.0,143.0
152.0,123.0,138.0,168.0,122.0
168.0,150.0,144.0,157.0,163.0
184.0,198.0,153.0,0.0,164.0
110.0,125.0,106.0,146.0,123.0
169.0,159.0,200.0,161.0,156.0
164.0,83.0,139.0,122.0,156.0
178.0,156.0,163.0,122.0,159.0
106.0,91.0,110.0,119.0,175.0
146.0,165.0,124.0,181.0,118.0
125.0,129.0,147.0,144.0,138.0
127.0,86.0,123.0,121.0,95.0
115.0,150.0,117.0,0.0,105.0
126.0,131.0,159.0,0.0,114.0
93.0,128.0,128.0,124.0,161.0
177.0,176.0,167.0,180.0,195.0
185.0,186.0,199.0,163.0,181.0
141.0,139.0,165.0,177.0,113.0
197.0,191.0,204.0,123.0,147.0
172.0,164.0,201.0,151.0,170.0
199.0,172.0,157.0,172.0,176.0
182.0,152.0,181.0,138.0,179.0
117.0,93.0,168.0,185.0,112.0
159.0,133.0,139.0,176.0,112.0
202.0,167.0,164.0,130.0,152.0
123.0,132.0,168.0,152.0,80.0
121.0,144.0,132.0,156.0,135.0
154.0,132.0,189.0,168.0,100.0
122.0,118.0,142.0,117.0,98.0
134.0,120.0,139.0,119.0,124.0
198.0,200.0,212.0,122.0,179.0
123.0,134.0,106.0,0.0,97.0
152.0,170.0,161.0,82.0,159.0
178.0,140.0,162.0,130.0,160.0
144.0,108.0,151.0,172.0,127.0
155.0,173.0,169.0,90.0,144.0
119.0,162.0,110.0,161.0,136.0
131.0,119.0,143.0,103.0,134.0
119.0,111.0,110.0,80.0,93.0
141.0,114.0,117.0,158.0,131.0
184.0,160.0,163.0,84.0,183.0
113.0,122.0,163.0,148.0,88.0
133.0,132.0,160.0,170.0,148.0
122.0,104.0,119.0,162.0,168.0
149.0,152.0,150.0,125.0,167.0
141.0,131.0,131.0,128.0,128.0
196.0,188.0,165.0,185.0,178.0
142.0,142.0,153.0,120.0,118.0
170.0,179.0,197.0,187.0,171.0
182.0,185.0,212.0,168.0,160.0
123.0,90.0,191.0,147.0,176.0
123.0,136.0,117.0,154.0,118.0
93.0,104.0,125.0,148.0,92.0
187.0,181.0,164.0,149.0,177.0
186.0,175.0,216.0,174.0,197.0
141.0,130.0,104.0,139.0,138.0
212.0,192.0,199.0,127.0,170.0
186.0,159.0,216.0,151.0,197.0
214.0,191.0,211.0,182.0,217.0
149.0,175.0,170.0,130.0,136.0
149.0,149.0,184.0,145.0,180.0
150.0,143.0,210.0,170.0,167.0
141.0,169.0,153.0,168.0,150.0
186.0,189.0,187.0,162.0,188.0
137.0,145.0,164.0,165.0,128.0
123.0,112.0,133.0,122.0,123.0
175.0,157.0,145.0,150.0,126.0
76.0,75.0,134.0,121.0,92.0
184.0,96.0,156.0,131.0,102.0
93.0,88.0,123.0,163.0,133.0
148.0,132.0,159.0,170.0,172.0
99.0,108.0,130.0,179.0,132.0
146.0,144.0,136.0,119.0,133.0
173.0,161.0,153.0,130.0,144.0
114.0,93.0,127.0,96.0,78.0
172.0,183.0,211.0,176.0,143.0
189.0,170.0,165.0,114.0,178.0
145.0,115.0,156.0,113.0,137.0
148.0,161.0,137.0,118.0,139.0
125.0,105.0,134.0,124.0,135.0
209.0,194.0,161.0,172.0,190.0
160.0,161.0,165.0,166.0,134.0
137.0,137.0,113.0,128.0,125.0
145.0,141.0,142.0,125.0,135.0
137.0,116.0,112.0,115.0,154.0
200.0,200.0,211.0,128.0,190.0
94.0,122.0,121.0,122.0,124.0
144.0,124.0,145.0,207.0,147.0
195.0,198.0,199.0,156.0,175.0
115.0,142.0,127.0,0.0,135.0
174.0,107.0,135.0,142.0,170.0
124.0,137.0,132.0,154.0,153.0
129.0,145.0,154.0,169.0,125.0
149.0,138.0,117.0,118.0,148.0
175.0,134.0,199.0,166.0,154.0
129.0,136.0,134.0,160.0,122.0
95.0,93.0,126.0,141.0,117.0
122.0,84.0,112.0,112.0,138.0
134.0,98.0,134.0,133.0,118.0
160.0,179.0,141.0,115.0,117.0
120.0,104.0,101.0,145.0,114.0
193.0,175.0,193.0,176.0,165.0
191.0,188.0,191.0,152.0,161.0
125.0,131.0,134.0,114.0,109.0
136.0,142.0,165.0,114.0,135.0
161.0,182.0,149.0,154.0,147.0
137.0,146.0,124.0,115.0,93.0
151.0,153.0,130.0,148.0,148.0
95.0,95.0,130.0,85.0,89.0
178.0,173.0,169.0,125.0,133.0
215.0,190.0,223.0,185.0,217.0
130.0,127.0,139.0,95.0,112.0
170.0,147.0,123.0,138.0,175.0
181.0,95.0,175.0,167.0,197.0
113.0,86.0,110.0,112.0,131.0
148.0,148.0,156.0,153.0,134.0
117.0,162.0,167.0,120.0,155.0
129.0,109.0,116.0,157.0,97.0
130.0,153.0,150.0,0.0,158.0
137.0,126.0,143.0,153.0,136.0
130.0,155.0,157.0,123.0,164.0
150.0,141.0,127.0,124.0,124.0
154.0,123.0,104.0,113.0,173.0
181.0,146.0,169.0,145.0,110.0
180.0,142.0,151.0,180.0,167.0
164.0,159.0,153.0,168.0,133.0
173.0,168.0,157.0,176.0,181.0
85.0,0.0,0.0,167.0,79.0
189.0,195.0,300.0,163.0,175.0
179.0,197.0,154.0,150.0,156.0
170.0,184.0,169.0,170.0,202.0
179.0,189.0,164.0,131.0,174.0
133.0,102.0,144.0,121.0,135.0
194.0,224.0,205.0,182.0,197.0
103.0,104.0,152.0,157.0,109.0
155.0,147.0,161.0,152.0,159.0
135.0,161.0,138.0,120.0,151.0
162.0,153.0,125.0,167.0,156.0
152.0,110.0,175.0,71.0,146.0
155.0,174.0,148.0,126.0,181.0
116.0,153.0,115.0,118.0,140.0
166.0,132.0,170.0,124.0,171.0
110.0,84.0,94.0,0.0,107.0
192.0,200.0,185.0,184.0,209.0
144.0,166.0,131.0,175.0,127.0
129.0,142.0,135.0,115.0,180.0
160.0,219.0,157.0,150.0,193.0
100.0,73.0,132.0,142.0,116.0
159.0,181.0,139.0,120.0,158.0
180.0,164.0,161.0,119.0,142.0
124.0,87.0,165.0,177.0,162.0
152.0,110.0,143.0,0.0,150.0
117.0,138.0,134.0,146.0,157.0
174.0,199.0,160.0,147.0,181.0
120.0,135.0,107.0,0.0,116.0
153.0,154.0,155.0,181.0,155.0
155.0,162.0,192.0,132.0,177.0
157.0,161.0,157.0,118.0,149.0
133.0,120.0,130.0,166.0,119.0
106.0,81.0,126.0,87.0,88.0
129.0,114.0,105.0,163.0,93.0
161.0,113.0,120.0,115.0,122.0
222.0,218.0,192.0,184.0,177.0
180.0,175.0,192.0,0.0,203.0
120.0,102.0,133.0,176.0,125.0
145.0,149.0,158.0,147.0,141.0
181.0,135.0,155.0,118.0,160.0
157.0,155.0,186.0,130.0,150.0
111.0,109.0,111.0,138.0,130.0
107.0,117.0,120.0,0.0,114.0
153.0,151.0,131.0,117.0,128.0
135.0,132.0,114.0,131.0,117.0
148.0,148.0,161.0,164.0,124.0
166.0,155.0,159.0,153.0,154.0
161.0,145.0,130.0,124.0,115.0
187.0,188.0,146.0,151.0,77.0
198.0,178.0,185.0,126.0,191.0
77.0,100.0,119.0,0.0,99.0
121.0,107.0,144.0,86.0,89.0
133.0,96.0,129.0,144.0,100.0
146.0,150.0,145.0,159.0,190.0
165.0,155.0,136.0,203.0,169.0
115.0,108.0,156.0,116.0,130.0
126.0,105.0,166.0,140.0,124.0
102.0,89.0,114.0,0.0,118.0
95.0,103.0,128.0,181.0,113.0
122.0,117.0,113.0,149.0,144.0
140.0,179.0,162.0,116.0,115.0
175.0,167.0,141.0,121.0,111.0
102.0,110.0,119.0,168.0,133.0
128.0,124.0,126.0,164.0,112.0
135.0,145.0,179.0,120.0,152.0
155.0,160.0,161.0,134.0,124.0
146.0,121.0,171.0,151.0,128.0
103.0,123.0,93.0,138.0,87.0
116.0,92.0,112.0,147.0,116.0
111.0,115.0,126.0,79.0,89.0
133.0,114.0,143.0,129.0,120.0
130.0,95.0,118.0,122.0,99.0
83.0,124.0,167.0,173.0,144.0
148.0,122.0,131.0,0.0,116.0
160.0,156.0,144.0,65.0,121.0
152.0,140.0,156.0,152.0,169.0
187.0,199.0,183.0,165.0,152.0
127.0,118.0,147.0,0.0,113.0
192.0,108.0,164.0,131.0,179.0
207.0,209.0,181.0,188.0,173.0
153.0,195.0,126.0,166.0,132.0
166.0,170.0,145.0,144.0,150.0
156.0,130.0,186.0,168.0,175.0
188.0,179.0,144.0,115.0,157.0
144.0,81.0,101.0,142.0,103.0
208.0,191.0,216.0,181.0,173.0
138.0,136.0,128.0,114.0,115.0
153.0,128.0,174.0,161.0,117.0
177.0,180.0,146.0,0.0,170.0
140.0,151.0,121.0,179.0,119.0
109.0,151.0,155.0,86.0,135.0
123.0,134.0,153.0,67.0,108.0
151.0,132.0,104.0,159.0,150.0
159.0,150.0,196.0,129.0,127.0
197.0,197.0,158.0,179.0,173.0
161.0,153.0,155.0,129.0,155.0
128.0,104.0,139.0,129.0,151.0
184.0,188.0,151.0,115.0,174.0
137.0,148.0,132.0,160.0,172.0
169.0,173.0,196.0,153.0,175.0
99.0,108.0,95.0,120.0,72.0
128.0,113.0,147.0,93.0,114.0
179.0,167.0,163.0,173.0,137.0
227.0,187.0,208.0,134.0,171.0
145.0,134.0,179.0,106.0,191.0
178.0,187.0,148.0,149.0,191.0
201.0,184.0,159.0,125.0,178.0
130.0,124.0,189.0,163.0,179.0
161.0,166.0,137.0,175.0,130.0
142.0,166.0,133.0,111.0,119.0
129.0,87.0,166.0,147.0,185.0
138.0,120.0,111.0,0.0,128.0
175.0,119.0,195.0,176.0,155.0
149.0,130.0,124.0,151.0,133.0
195.0,199.0,183.0,167.0,133.0
153.0,163.0,194.0,151.0,154.0
126.0,111.0,203.0,159.0,156.0
151.0,145.0,149.0,127.0,118.0
157.0,92.0,181.0,118.0,104.0
150.0,136.0,144.0,129.0,123.0
145.0,157.0,137.0,122.0,128.0
194.0,191.0,202.0,156.0,203.0
164.0,177.0,160.0,144.0,130.0
148.0,177.0,161.0,89.0,155.0
190.0,203.0,179.0,204.0,176.0
106.0,125.0,115.0,137.0,85.0
127.0,133.0,137.0,125.0,145.0
147.0,181.0,164.0,147.0,148.0
143.0,99.0,77.0,129.0,94.0
123.0,115.0,117.0,100.0,101.0
204.0,187.0,194.0,173.0,164.0
177.0,187.0,193.0,162.0,162.0
124.0,146.0,126.0,103.0,130.0
166.0,181.0,178.0,153.0,177.0
167.0,191.0,131.0,128.0,100.0
127.0,138.0,149.0,94.0,141.0
181.0,194.0,191.0,156.0,108.0
174.0,156.0,151.0,143.0,152.0
134.0,146.0,126.0,158.0,144.0
162.0,143.0,149.0,152.0,150.0
113.0,112.0,97.0,0.0,101.0
179.0,154.0,193.0,168.0,146.0
168.0,173.0,188.0,123.0,195.0
144.0,128.0,119.0,114.0,156.0
138.0,125.0,149.0,126.0,164.0
133.0,100.0,139.0,115.0,106.0
127.0,98.0,139.0,145.0,108.0
163.0,157.0,143.0,139.0,170.0
150.0,143.0,128.0,144.0,138.0
156.0,139.0,128.0,165.0,154.0
151.0,149.0,140.0,91.0,125.0
160.0,82.0,160.0,154.0,159.0
109.0,104.0,100.0,120.0,127.0
171.0,168.0,180.0,134.0,190.0
125.0,122.0,113.0,129.0,128.0
136.0,148.0,170.0,157.0,143.0
131.0,125.0,144.0,178.0,109.0
148.0,151.0,123.0,133.0,141.0
143.0,127.0,146.0,121.0,139.0
184.0,168.0,174.0,148.0,170.0
224.0,212.0,223.0,153.0,300.0
139.0,140.0,141.0,0.0,144.0
142.0,83.0,138.0,150.0,117.0
172.0,156.0,131.0,167.0,114.0
197.0,193.0,216.0,153.0,167.0
143.0,118.0,149.0,121.0,133.0
126.0,110.0,154.0,125.0,139.0
138.0,91.0,175.0,145.0,82.0
93.0,85.0,115.0,0.0,118.0
201.0,155.0,165.0,158.0,187.0
199.0,196.0,203.0,182.0,181.0
128.0,153.0,136.0,157.0,157.0
146.0,99.0,119.0,129.0,145.0
140.0,135.0,137.0,79.0,151.0
150.0,133.0,104.0,144.0,135.0
153.0,120.0,137.0,161.0,150.0
110.0,168.0,139.0,113.0,143.0
219.0,206.0,221.0,190.0,221.0
152.0,144.0,141.0,127.0,118.0
167.0,165.0,177.0,158.0,134.0
186.0,218.0,152.0,155.0,180.0
163.0,98.0,100.0,0.0,104.0
148.0,121.0,150.0,132.0,103.0
140.0,129.0,124.0,130.0,124.0
134.0,146.0,114.0,120.0,123.0
194.0,193.0,155.0,167.0,183.0
176.0,152.0,171.0,172.0,147.0
168.0,146.0,129.0,117.0,129.0
131.0,93.0,115.0,0.0,121.0
147.0,146.0,153.0,148.0,164.0
169.0,182.0,171.0,174.0,154.0
93.0,187.0,179.0,127.0,174.0
137.0,148.0,164.0,85.0,155.0
164.0,170.0,119.0,0.0,115.0
161.0,157.0,149.0,130.0,167.0
183.0,134.0,152.0,125.0,157.0
121.0,124.0,137.0,122.0,108.0
235.0,190.0,204.0,98.0,188.0
164.0,182.0,173.0,145.0,163.0
193.0,208.0,193.0,155.0,210.0
136.0,119.0,150.0,121.0,102.0
151.0,159.0,110.0,117.0,109.0
124.0,114.0,141.0,120.0,145.0
121.0,95.0,145.0,129.0,130.0
96.0,91.0,147.0,132.0,102.0
147.0,202.0,119.0,109.0,160.0
196.0,193.0,169.0,148.0,166.0
144.0,132.0,151.0,120.0,140.0
154.0,188.0,164.0,113.0,121.0
137.0,98.0,151.0,121.0,112.0
167.0,171.0,146.0,126.0,150.0
137.0,155.0,124.0,85.0,138.0
160.0,166.0,104.0,0.0,115.0
134.0,157.0,182.0,104.0,154.0
188.0,178.0,163.0,124.0,170.0
118.0,114.0,111.0,128.0,119.0
154.0,135.0,201.0,163.0,135.0
115.0,82.0,141.0,119.0,116.0
135.0,147.0,152.0,113.0,110.0
178.0,137.0,180.0,130.0,186.0
169.0,148.0,144.0,175.0,128.0
95.0,204.0,300.0,131.0,142.0
132.0,124.0,131.0,147.0,141.0
195.0,193.0,157.0,164.0,150.0
132.0,115.0,122.0,153.0,123.0
126.0,105.0,119.0,122.0,155.0
151.0,116.0,126.0,127.0,208.0
160.0,156.0,165.0,145.0,131.0
158.0,186.0,176.0,118.0,180.0
166.0,98.0,113.0,152.0,143.0
150.0,179.0,117.0,162.0,115.0
143.0,175.0,190.0,0.0,136.0
158.0,167.0,165.0,155.0,81.0
175.0,147.0,161.0,104.0,143.0
172.0,182.0,171.0,171.0,184.0
111.0,137.0,144.0,125.0,129.0
191.0,199.0,149.0,166.0,136.0
101.0,113.0,122.0,125.0,89.0
196.0,218.0,173.0,127.0,192.0
154.0,106.0,145.0,163.0,130.0
136.0,158.0,166.0,165.0,190.0
184.0,175.0,224.0,123.0,181.0
116.0,130.0,125.0,150.0,111.0
169.0,187.0,162.0,165.0,175.0
129.0,143.0,146.0,123.0,128.0
178.0,191.0,210.0,170.0,138.0
171.0,145.0,181.0,101.0,131.0
171.0,114.0,160.0,0.0,120.0
164.0,138.0,177.0,185.0,139.0
99.0,124.0,125.0,160.0,159.0
133.0,106.0,149.0,183.0,109.0
162.0,196.0,184.0,147.0,152.0
231.0,222.0,195.0,194.0,181.0
139.0,101.0,127.0,144.0,97.0
97.0,94.0,102.0,115.0,85.0
179.0,187.0,194.0,159.0,209.0
142.0,126.0,154.0,112.0,104.0
226.0,205.0,109.0,161.0,161.0
164.0,172.0,181.0,124.0,150.0
168.0,167.0,147.0,145.0,161.0
181.0,186.0,183.0,0.0,151.0
122.0,169.0,128.0,170.0,174.0
140.0,113.0,127.0,160.0,89.0
124.0,158.0,199.0,171.0,135.0
128.0,139.0,175.0,75.0,143.0
211.0,207.0,195.0,183.0,207.0
195.0,212.0,195.0,195.0,162.0
170.0,116.0,194.0,167.0,146.0
149.0,148.0,174.0,127.0,138.0
148.0,166.0,159.0,165.0,145.0
76.0,90.0,110.0,148.0,82.0
150.0,136.0,165.0,127.0,120.0
147.0,138.0,145.0,126.0,115.0
174.0,173.0,161.0,116.0,198.0
134.0,127.0,149.0,123.0,144.0
178.0,150.0,191.0,121.0,140.0
175.0,179.0,174.0,110.0,151.0
159.0,123.0,148.0,150.0,162.0
167.0,136.0,175.0,185.0,158.0
155.0,151.0,132.0,156.0,169.0
234.0,215.0,206.0,190.0,218.0
181.0,165.0,170.0,169.0,196.0
189.0,212.0,171.0,190.0,181.0
155.0,135.0,121.0,174.0,126.0
164.0,161.0,134.0,147.0,107.0
136.0,133.0,112.0,126.0,135.0
97.0,132.0,169.0,140.0,147.0
148.0,171.0,161.0,119.0,124.0
140.0,112.0,126.0,167.0,148.0
118.0,66.0,99.0,118.0,127.0
155.0,120.0,92.0,145.0,100.0
175.0,112.0,180.0,157.0,192.0
184.0,174.0,183.0,166.0,143.0
125.0,139.0,133.0,133.0,138.0
147.0,118.0,131.0,117.0,102.0
110.0,89.0,206.0,167.0,136.0
165.0,149.0,129.0,110.0,158.0
120.0,114.0,132.0,128.0,99.0
207.0,181.0,207.0,123.0,214.0
176.0,148.0,153.0,162.0,129.0
109.0,76.0,118.0,174.0,113.0
159.0,136.0,144.0,160.0,126.0
169.0,133.0,164.0,170.0,156.0
230.0,211.0,217.0,163.0,221.0
129.0,106.0,135.0,130.0,130.0
115.0,86.0,134.0,164.0,102.0
172.0,188.0,201.0,155.0,190.0
148.0,93.0,131.0,156.0,167.0
154.0,142.0,157.0,143.0,153.0
216.0,200.0,212.0,173.0,204.0
132.0,129.0,99.0,175.0,126.0
213.0,193.0,198.0,151.0,185.0
146.0,141.0,138.0,168.0,149.0
193.0,223.0,222.0,127.0,194.0
190.0,200.0,193.0,174.0,210.0
192.0,166.0,193.0,127.0,164.0
115.0,98.0,159.0,129.0,119.0
155.0,146.0,140.0,139.0,152.0
161.0,178.0,167.0,158.0,118.0
162.0,157.0,161.0,182.0,164.0
134.0,89.0,131.0,151.0,117.0
153.0,148.0,131.0,125.0,145.0
126.0,88.0,117.0,130.0,117.0
149.0,154.0,130.0,127.0,152.0
172.0,179.0,150.0,166.0,152.0
161.0,135.0,156.0,156.0,163.0
122.0,83.0,116.0,113.0,136.0
138.0,135.0,147.0,126.0,108.0
162.0,177.0,187.0,181.0,172.0
191.0,193.0,180.0,154.0,156.0
161.0,105.0,183.0,160.0,148.0
107.0,116.0,116.0,152.0,102.0
168.0,194.0,169.0,162.0,165.0
153.0,154.0,160.0,141.0,157.0
175.0,134.0,160.0,148.0,205.0
184.0,178.0,198.0,158.0,140.0
136.0,137.0,103.0,166.0,74.0
226.0,300.0,300.0,198.0,219.0
113.0,116.0,113.0,116.0,116.0
170.0,166.0,182.0,148.0,160.0
166.0,177.0,196.0,168.0,189.0
107.0,101.0,148.0,127.0,127.0
150.0,104.0,119.0,157.0,150.0
132.0,123.0,103.0,156.0,159.0
154.0,151.0,127.0,132.0,168.0
115.0,98.0,188.0,175.0,130.0
187.0,151.0,208.0,147.0,151.0
163.0,143.0,180.0,129.0,135.0
172.0,197.0,175.0,152.0,178.0
185.0,141.0,149.0,162.0,138.0
160.0,107.0,177.0,118.0,142.0
150.0,136.0,131.0,119.0,175.0
165.0,83.0,162.0,153.0,153.0
139.0,135.0,111.0,147.0,123.0
119.0,102.0,125.0,145.0,106.0
135.0,147.0,147.0,116.0,148.0
171.0,180.0,126.0,126.0,150.0
172.0,148.0,162.0,140.0,145.0
128.0,170.0,122.0,119.0,153.0
140.0,132.0,126.0,179.0,69.0
123.0,98.0,127.0,131.0,149.0
159.0,171.0,84.0,166.0,142.0
114.0,113.0,104.0,124.0,101.0
125.0,114.0,150.0,116.0,109.0
110.0,148.0,206.0,127.0,158.0
173.0,156.0,175.0,116.0,170.0
109.0,101.0,137.0,85.0,124.0
170.0,102.0,134.0,118.0,112.0
158.0,188.0,133.0,140.0,154.0
176.0,191.0,171.0,140.0,145.0
105.0,141.0,93.0,95.0,110.0
119.0,133.0,128.0,0.0,141.0
136.0,118.0,136.0,154.0,106.0
126.0,110.0,128.0,88.0,120.0
186.0,185.0,209.0,151.0,139.0
182.0,195.0,192.0,151.0,148.0
161.0,173.0,206.0,124.0,122.0
138.0,156.0,177.0,152.0,162.0
187.0,195.0,211.0,200.0,205.0
130.0,149.0,156.0,157.0,115.0
124.0,147.0,153.0,0.0,122.0
216.0,188.0,212.0,144.0,175.0
108.0,99.0,148.0,115.0,130.0
198.0,170.0,154.0,0.0,153.0
124.0,118.0,126.0,178.0,129.0
127.0,141.0,120.0,0.0,85.0
138.0,124.0,145.0,172.0,134.0
135.0,130.0,122.0,91.0,109.0
85.0,92.0,152.0,72.0,89.0
199.0,168.0,170.0,123.0,154.0
142.0,146.0,156.0,120.0,140.0
111.0,135.0,140.0,123.0,120.0
146.0,135.0,140.0,164.0,140.0
128.0,104.0,122.0,116.0,127.0
148.0,142.0,122.0,0.0,128.0
152.0,159.0,174.0,177.0,159.0
108.0,104.0,84.0,133.0,93.0
122.0,101.0,121.0,101.0,139.0
175.0,163.0,180.0,125.0,190.0
133.0,124.0,140.0,0.0,101.0
189.0,188.0,223.0,122.0,177.0
190.0,174.0,182.0,173.0,156.0
125.0,157.0,198.0,130.0,163.0
136.0,120.0,127.0,140.0,162.0
170.0,166.0,167.0,168.0,166.0
151.0,161.0,133.0,126.0,131.0
179.0,183.0,198.0,164.0,168.0
229.0,201.0,218.0,190.0,174.0
189.0,165.0,194.0,113.0,163.0
129.0,117.0,150.0,171.0,120.0
124.0,129.0,99.0,121.0,136.0
132.0,138.0,131.0,131.0,159.0
128.0,120.0,94.0,107.0,117.0
146.0,119.0,116.0,158.0,113.0
139.0,130.0,151.0,142.0,112.0
169.0,168.0,154.0,189.0,153.0
135.0,136.0,131.0,143.0,152.0
142.0,145.0,149.0,178.0,117.0
162.0,156.0,101.0,119.0,115.0
165.0,168.0,148.0,161.0,152.0
155.0,145.0,142.0,0.0,134.0
149.0,174.0,143.0,171.0,153.0
107.0,94.0,113.0,0.0,136.0
125.0,126.0,152.0,161.0,138.0
173.0,113.0,138.0,122.0,170.0
105.0,135.0,132.0,153.0,144.0
205.0,194.0,200.0,148.0,214.0
201.0,167.0,176.0,111.0,165.0
157.0,126.0,191.0,132.0,141.0
129.0,80.0,103.0,113.0,112.0
118.0,120.0,109.0,0.0,77.0
173.0,153.0,175.0,123.0,175.0
127.0,100.0,112.0,131.0,110.0
205.0,189.0,198.0,149.0,185.0
150.0,153.0,182.0,162.0,178.0
170.0,120.0,131.0,115.0,159.0
151.0,141.0,112.0,155.0,148.0
156.0,150.0,137.0,162.0,145.0
98.0,102.0,153.0,117.0,153.0
148.0,166.0,145.0,114.0,158.0
114.0,119.0,104.0,121.0,131.0
161.0,158.0,139.0,128.0,121.0
141.0,119.0,123.0,157.0,167.0
215.0,201.0,188.0,109.0,159.0
202.0,193.0,207.0,154.0,135.0
137.0,131.0,130.0,127.0,118.0
184.0,188.0,215.0,193.0,180.0
146.0,117.0,205.0,161.0,124.0
172.0,167.0,154.0,175.0,157.0
114.0,110.0,145.0,118.0,103.0
157.0,176.0,153.0,123.0,134.0
157.0,108.0,135.0,117.0,140.0
201.0,211.0,178.0,167.0,179.0
175.0,157.0,174.0,150.0,215.0
114.0,112.0,170.0,146.0,164.0
232.0,300.0,228.0,173.0,225.0
164.0,142.0,131.0,86.0,139.0
168.0,146.0,162.0,120.0,194.0
175.0,174.0,133.0,117.0,137.0
192.0,144.0,136.0,162.0,162.0
170.0,144.0,112.0,167.0,102.0
186.0,146.0,211.0,180.0,166.0
116.0,115.0,121.0,115.0,121.0
123.0,119.0,160.0,169.0,132.0
169.0,160.0,172.0,156.0,109.0
159.0,138.0,129.0,168.0,128.0
138.0,155.0,114.0,162.0,108.0
138.0,120.0,157.0,0.0,160.0
138.0,112.0,115.0,119.0,140.0
162.0,126.0,108.0,170.0,111.0
178.0,207.0,165.0,0.0,184.0
159.0,140.0,165.0,164.0,165.0
105.0,81.0,120.0,0.0,106.0
136.0,123.0,139.0,0.0,96.0
133.0,99.0,168.0,83.0,119.0
154.0,159.0,167.0,86.0,144.0
184.0,82.0,193.0,125.0,168.0
186.0,149.0,85.0,182.0,131.0
154.0,159.0,147.0,153.0,142.0
118.0,120.0,112.0,150.0,134.0
182.0,150.0,188.0,164.0,114.0
142.0,124.0,85.0,0.0,115.0
120.0,99.0,118.0,107.0,123.0
174.0,160.0,204.0,160.0,162.0
150.0,111.0,106.0,163.0,140.0
203.0,175.0,136.0,182.0,170.0
175.0,156.0,205.0,126.0,183.0
134.0,129.0,146.0,149.0,141.0
132.0,145.0,125.0,182.0,126.0
164.0,165.0,140.0,123.0,185.0
184.0,192.0,204.0,154.0,192.0
171.0,183.0,209.0,165.0,216.0
168.0,187.0,165.0,118.0,166.0
162.0,178.0,127.0,136.0,138.0
134.0,175.0,156.0,144.0,114.0
163.0,149.0,208.0,140.0,165.0
97.0,79.0,153.0,165.0,151.0
178.0,171.0,206.0,168.0,165.0
102.0,151.0,114.0,127.0,143.0
178.0,150.0,201.0,166.0,208.0
182.0,188.0,162.0,149.0,186.0
175.0,141.0,147.0,123.0,111.0
114.0,141.0,138.0,115.0,97.0
140.0,120.0,161.0,118.0,115.0
108.0,136.0,114.0,119.0,74.0
147.0,90.0,142.0,151.0,189.0
186.0,192.0,165.0,169.0,163.0
171.0,174.0,197.0,171.0,195.0
188.0,184.0,137.0,168.0,186.0
171.0,200.0,204.0,112.0,162.0
114.0,96.0,162.0,124.0,103.0
139.0,127.0,169.0,120.0,155.0
147.0,155.0,153.0,147.0,124.0
130.0,96.0,138.0,77.0,132.0
139.0,154.0,149.0,171.0,97.0
129.0,124.0,158.0,121.0,170.0
160.0,186.0,121.0,176.0,104.0
157.0,144.0,115.0,161.0,167.0
107.0,69.0,143.0,105.0,143.0
147.0,170.0,146.0,168.0,129.0
174.0,145.0,153.0,158.0,193.0
107.0,126.0,126.0,0.0,123.0
176.0,171.0,198.0,121.0,152.0
145.0,107.0,129.0,117.0,95.0
121.0,120.0,124.0,165.0,125.0
92.0,156.0,153.0,119.0,121.0
183.0,188.0,120.0,127.0,136.0
133.0,96.0,94.0,173.0,155.0
187.0,184.0,155.0,167.0,143.0
113.0,88.0,164.0,131.0,117.0
122.0,124.0,133.0,139.0,131.0
111.0,134.0,97.0,0.0,104.0
161.0,177.0,160.0,0.0,157.0
100.0,128.0,117.0,0.0,130.0
185.0,171.0,211.0,123.0,164.0
172.0,166.0,172.0,144.0,128.0
149.0,120.0,118.0,152.0,125.0
118.0,171.0,206.0,197.0,164.0
144.0,143.0,163.0,157.0,128.0
197.0,183.0,148.0,130.0,167.0
168.0,165.0,164.0,175.0,180.0
186.0,180.0,181.0,179.0,208.0
138.0,143.0,133.0,174.0,142.0
203.0,181.0,191.0,90.0,190.0
138.0,151.0,208.0,156.0,121.0
226.0,206.0,173.0,0.0,300.0
186.0,177.0,185.0,156.0,145.0
186.0,178.0,300.0,167.0,143.0
176.0,141.0,100.0,166.0,172.0
170.0,166.0,161.0,167.0,147.0
158.0,128.0,156.0,126.0,170.0
152.0,159.0,158.0,115.0,132.0
141.0,167.0,155.0,152.0,201.0
91.0,123.0,118.0,113.0,118.0
159.0,138.0,93.0,0.0,166.0
206.0,217.0,225.0,300.0,166.0
135.0,80.0,119.0,146.0,90.0
184.0,162.0,176.0,162.0,174.0
141.0,98.0,111.0,94.0,132.0
84.0,93.0,122.0,128.0,114.0
144.0,176.0,164.0,110.0,141.0
226.0,212.0,205.0,157.0,211.0
170.0,158.0,175.0,174.0,144.0
159.0,154.0,154.0,161.0,141.0
143.0,120.0,112.0,0.0,150.0
153.0,148.0,139.0,0.0,109.0
136.0,106.0,118.0,169.0,106.0
164.0,128.0,171.0,122.0,152.0
110.0,116.0,152.0,120.0,138.0
148.0,123.0,162.0,0.0,150.0
144.0,176.0,166.0,157.0,141.0
167.0,172.0,132.0,137.0,168.0
137.0,137.0,132.0,116.0,120.0
144.0,159.0,137.0,123.0,143.0
167.0,130.0,107.0,142.0,121.0
144.0,137.0,122.0,110.0,148.0
174.0,174.0,164.0,127.0,172.0
168.0,191.0,138.0,187.0,154.0
133.0,151.0,123.0,118.0,129.0
127.0,145.0,136.0,123.0,140.0
159.0,156.0,121.0,158.0,135.0
170.0,152.0,145.0,178.0,115.0
182.0,220.0,182.0,178.0,144.0
153.0,146.0,159.0,158.0,147.0
162.0,147.0,205.0,111.0,173.0
153.0,173.0,185.0,127.0,134.0
113.0,113.0,125.0,134.0,139.0
179.0,191.0,199.0,0.0,159.0
146.0,162.0,156.0,182.0,91.0
150.0,172.0,169.0,120.0,161.0
156.0,159.0,127.0,171.0,150.0
144.0,155.0,129.0,122.0,105.0
130.0,118.0,160.0,114.0,128.0
176.0,163.0,178.0,117.0,167.0
150.0,151.0,165.0,162.0,120.0
171.0,156.0,223.0,115.0,164.0
147.0,126.0,114.0,155.0,86.0
169.0,105.0,170.0,131.0,157.0
154.0,159.0,141.0,173.0,147.0
189.0,179.0,165.0,157.0,177.0
96.0,129.0,122.0,137.0,148.0
157.0,163.0,169.0,172.0,176.0
142.0,128.0,144.0,117.0,105.0
173.0,167.0,206.0,124.0,158.0
128.0,93.0,141.0,176.0,96.0
167.0,186.0,174.0,148.0,161.0
124.0,142.0,167.0,150.0,139.0
171.0,137.0,155.0,179.0,190.0
160.0,149.0,172.0,149.0,96.0
149.0,156.0,181.0,159.0,152.0
146.0,154.0,196.0,123.0,162.0
188.0,183.0,164.0,122.0,80.0
151.0,136.0,142.0,140.0,156.0
218.0,300.0,300.0,200.0,221.0
138.0,134.0,184.0,170.0,155.0
159.0,142.0,132.0,146.0,124.0
130.0,83.0,149.0,0.0,120.0
103.0,86.0,115.0,166.0,103.0
195.0,168.0,184.0,158.0,192.0
184.0,160.0,207.0,113.0,180.0
212.0,201.0,228.0,126.0,194.0
120.0,89.0,100.0,0.0,114.0
132.0,138.0,109.0,79.0,119.0
197.0,192.0,171.0,134.0,122.0
179.0,152.0,137.0,157.0,126.0
172.0,165.0,149.0,177.0,159.0
164.0,185.0,176.0,143.0,135.0
173.0,125.0,195.0,146.0,133.0
128.0,176.0,160.0,166.0,167.0
157.0,168.0,149.0,162.0,149.0
133.0,109.0,131.0,142.0,131.0
147.0,154.0,148.0,132.0,123.0
154.0,182.0,167.0,150.0,129.0
151.0,148.0,143.0,122.0,121.0
136.0,117.0,132.0,111.0,89.0
79.0,116.0,126.0,121.0,117.0
133.0,109.0,134.0,167.0,152.0
166.0,97.0,161.0,151.0,210.0
85.0,117.0,124.0,79.0,96.0
163.0,176.0,200.0,157.0,127.0
179.0,133.0,123.0,125.0,159.0
105.0,124.0,129.0,0.0,121.0
154.0,163.0,152.0,118.0,136.0
152.0,164.0,158.0,133.0,167.0
137.0,145.0,159.0,169.0,150.0
161.0,129.0,153.0,145.0,115.0
131.0,130.0,118.0,88.0,163.0
170.0,176.0,139.0,144.0,161.0
187.0,188.0,186.0,153.0,181.0
146.0,130.0,180.0,146.0,151.0
109.0,136.0,106.0,115.0,98.0
174.0,138.0,154.0,149.0,104.0
137.0,168.0,158.0,126.0,171.0
201.0,153.0,185.0,161.0,183.0
215.0,210.0,300.0,172.0,215.0
183.0,171.0,161.0,119.0,169.0
203.0,191.0,210.0,164.0,140.0
158.0,109.0,104.0,88.0,106.0
159.0,152.0,186.0,179.0,145.0
180.0,158.0,136.0,154.0,162.0
132.0,148.0,163.0,175.0,147.0
154.0,138.0,143.0,151.0,130.0
123.0,143.0,156.0,92.0,113.0
148.0,132.0,106.0,131.0,149.0
151.0,138.0,170.0,133.0,152.0
99.0,89.0,147.0,0.0,155.0
155.0,176.0,121.0,126.0,143.0
136.0,137.0,131.0,91.0,139.0
161.0,106.0,147.0,126.0,162.0
187.0,170.0,202.0,168.0,155.0
217.0,300.0,300.0,164.0,208.0
165.0,163.0,164.0,151.0,149.0
144.0,131.0,127.0,110.0,133.0
300.0,208.0,300.0,155.0,220.0
156.0,120.0,141.0,128.0,121.0
156.0,142.0,128.0,117.0,155.0
162.0,83.0,202.0,176.0,204.0
186.0,162.0,165.0,136.0,128.0
137.0,105.0,157.0,122.0,142.0
129.0,127.0,161.0,147.0,115.0
127.0,79.0,174.0,176.0,126.0
125.0,148.0,149.0,129.0,133.0
177.0,180.0,179.0,122.0,158.0
202.0,206.0,214.0,300.0,168.0
144.0,150.0,121.0,130.0,115.0
183.0,197.0,166.0,158.0,136.0
109.0,96.0,143.0,0.0,77.0
164.0,133.0,106.0,147.0,115.0
198.0,178.0,129.0,165.0,169.0
148.0,92.0,121.0,112.0,107.0
118.0,134.0,146.0,123.0,135.0
180.0,179.0,183.0,76.0,157.0
177.0,190.0,188.0,124.0,175.0
122.0,132.0,127.0,162.0,134.0
126.0,113.0,168.0,109.0,144.0
188.0,193.0,223.0,191.0,156.0
101.0,113.0,108.0,166.0,100.0
141.0,132.0,113.0,147.0,137.0
177.0,196.0,164.0,186.0,142.0
81.0,195.0,157.0,110.0,142.0
137.0,146.0,154.0,119.0,146.0
88.0,114.0,109.0,66.0,114.0
170.0,169.0,153.0,178.0,133.0
175.0,181.0,181.0,144.0,167.0
123.0,131.0,173.0,152.0,153.0
173.0,201.0,147.0,0.0,139.0
136.0,132.0,148.0,144.0,124.0
157.0,139.0,150.0,152.0,155.0
181.0,195.0,126.0,153.0,187.0
111.0,116.0,97.0,145.0,83.0
131.0,139.0,158.0,111.0,110.0
108.0,100.0,134.0,93.0,119.0
138.0,148.0,141.0,148.0,102.0
182.0,176.0,179.0,122.0,189.0
190.0,203.0,160.0,163.0,184.0
140.0,118.0,144.0,94.0,123.0
189.0,179.0,215.0,167.0,155.0
149.0,132.0,145.0,120.0,116.0
131.0,126.0,169.0,0.0,120.0
104.0,115.0,143.0,135.0,127.0
199.0,213.0,227.0,170.0,192.0
166.0,168.0,140.0,115.0,139.0
154.0,140.0,131.0,122.0,121.0
149.0,149.0,155.0,116.0,142.0
135.0,148.0,157.0,132.0,138.0
156.0,140.0,131.0,127.0,157.0
157.0,136.0,153.0,167.0,116.0
200.0,133.0,212.0,117.0,142.0
136.0,102.0,111.0,170.0,130.0
119.0,158.0,104.0,152.0,114.0
211.0,160.0,300.0,170.0,92.0
127.0,100.0,112.0,170.0,148.0
168.0,174.0,188.0,169.0,145.0
131.0,113.0,132.0,150.0,110.0
132.0,142.0,112.0,144.0,84.0
149.0,117.0,150.0,161.0,139.0
184.0,153.0,181.0,81.0,173.0
147.0,173.0,125.0,117.0,118.0
134.0,146.0,154.0,105.0,114.0
157.0,156.0,159.0,162.0,125.0
196.0,201.0,216.0,155.0,201.0
131.0,135.0,137.0,109.0,173.0
156.0,121.0,157.0,119.0,174.0
192.0,177.0,187.0,122.0,157.0
153.0,161.0,154.0,173.0,162.0
204.0,200.0,218.0,164.0,205.0
135.0,153.0,163.0,116.0,132.0
139.0,103.0,158.0,121.0,181.0
204.0,192.0,223.0,148.0,164.0
171.0,110.0,130.0,129.0,131.0
184.0,186.0,168.0,148.0,188.0
129.0,150.0,142.0,120.0,127.0
113.0,88.0,106.0,69.0,121.0
172.0,146.0,161.0,160.0,162.0
154.0,190.0,168.0,128.0,141.0
120.0,140.0,140.0,153.0,130.0
110.0,126.0,136.0,0.0,94.0
170.0,210.0,196.0,138.0,137.0
124.0,102.0,110.0,109.0,99.0
165.0,142.0,137.0,128.0,121.0
149.0,113.0,153.0,164.0,122.0
138.0,152.0,164.0,118.0,131.0
122.0,108.0,117.0,163.0,133.0
144.0,121.0,153.0,169.0,131.0
147.0,148.0,131.0,122.0,106.0
161.0,156.0,117.0,119.0,137.0
125.0,116.0,133.0,145.0,82.0
144.0,169.0,120.0,149.0,101.0
146.0,175.0,159.0,144.0,161.0
180.0,190.0,300.0,119.0,158.0
140.0,102.0,120.0,0.0,134.0
142.0,80.0,126.0,124.0,112.0
145.0,178.0,173.0,165.0,159.0
156.0,179.0,179.0,117.0,160.0
131.0,122.0,111.0,129.0,83.0
105.0,127.0,167.0,117.0,125.0
167.0,139.0,144.0,153.0,136.0
207.0,157.0,205.0,147.0,168.0
127.0,147.0,146.0,149.0,136.0
190.0,204.0,191.0,187.0,92.0
130.0,133.0,172.0,127.0,118.0
207.0,193.0,167.0,114.0,177.0
180.0,167.0,148.0,300.0,116.0
186.0,175.0,118.0,151.0,198.0
106.0,116.0,149.0,162.0,174.0
163.0,197.0,216.0,169.0,178.0
146.0,145.0,101.0,165.0,132.0
202.0,181.0,181.0,129.0,182.0
114.0,111.0,106.0,117.0,113.0
117.0,96.0,140.0,116.0,103.0
182.0,197.0,147.0,175.0,145.0
144.0,123.0,134.0,133.0,154.0
188.0,192.0,184.0,116.0,154.0
167.0,188.0,191.0,154.0,151.0
170.0,126.0,133.0,132.0,122.0
126.0,99.0,145.0,163.0,168.0
168.0,180.0,159.0,108.0,145.0
120.0,125.0,163.0,123.0,114.0
195.0,182.0,213.0,171.0,186.0
123.0,98.0,175.0,146.0,123.0
165.0,147.0,151.0,124.0,123.0
144.0,145.0,153.0,0.0,166.0
212.0,211.0,216.0,151.0,174.0
157.0,182.0,117.0,151.0,155.0
118.0,112.0,119.0,128.0,122.0
144.0,149.0,150.0,113.0,148.0
182.0,181.0,160.0,121.0,152.0
174.0,168.0,193.0,118.0,175.0
154.0,144.0,167.0,123.0,144.0
125.0,131.0,139.0,148.0,125.0
123.0,105.0,180.0,177.0,132.0
155.0,173.0,165.0,132.0,154.0
154.0,134.0,124.0,155.0,108.0
128.0,101.0,120.0,167.0,113.0
151.0,102.0,182.0,171.0,180.0
151.0,175.0,146.0,163.0,106.0
137.0,158.0,132.0,148.0,138.0
161.0,139.0,169.0,123.0,103.0
107.0,145.0,127.0,127.0,151.0
159.0,142.0,122.0,174.0,114.0
154.0,141.0,166.0,125.0,127.0
136.0,161.0,161.0,144.0,150.0
135.0,140.0,130.0,116.0,125.0
147.0,137.0,140.0,149.0,93.0
149.0,78.0,165.0,120.0,178.0
136.0,145.0,149.0,116.0,159.0
169.0,122.0,151.0,136.0,151.0
101.0,108.0,106.0,114.0,101.0
139.0,167.0,187.0,181.0,127.0
119.0,95.0,113.0,116.0,119.0
158.0,131.0,171.0,127.0,173.0
140.0,112.0,124.0,125.0,105.0
131.0,130.0,182.0,128.0,135.0
168.0,176.0,202.0,170.0,191.0
112.0,146.0,134.0,88.0,144.0
203.0,195.0,207.0,189.0,183.0
155.0,118.0,136.0,156.0,149.0
118.0,135.0,169.0,164.0,120.0
188.0,176.0,158.0,158.0,188.0
151.0,153.0,150.0,125.0,132.0
173.0,139.0,203.0,183.0,190.0
197.0,146.0,138.0,119.0,125.0
129.0,141.0,131.0,81.0,114.0
188.0,212.0,231.0,158.0,300.0
100.0,112.0,148.0,153.0,85.0
133.0,129.0,113.0,0.0,103.0
160.0,160.0,109.0,160.0,182.0
190.0,208.0,191.0,170.0,172.0
173.0,146.0,119.0,175.0,151.0
170.0,156.0,197.0,174.0,141.0
116.0,78.0,104.0,113.0,139.0
123.0,104.0,132.0,128.0,119.0
192.0,187.0,170.0,166.0,208.0
136.0,124.0,133.0,140.0,138.0
126.0,112.0,117.0,127.0,107.0
133.0,146.0,147.0,114.0,139.0
205.0,179.0,150.0,109.0,134.0
137.0,166.0,143.0,117.0,188.0
185.0,191.0,183.0,117.0,126.0
174.0,152.0,159.0,155.0,149.0
161.0,164.0,155.0,129.0,138.0
116.0,124.0,117.0,173.0,105.0
193.0,196.0,210.0,125.0,160.0
173.0,151.0,128.0,144.0,119.0
157.0,206.0,137.0,127.0,121.0
177.0,166.0,95.0,124.0,134.0
135.0,124.0,181.0,150.0,123.0
197.0,185.0,210.0,151.0,148.0
149.0,151.0,162.0,113.0,143.0
98.0,128.0,126.0,184.0,126.0
149.0,178.0,157.0,174.0,168.0
137.0,107.0,195.0,147.0,150.0
203.0,181.0,172.0,130.0,130.0
142.0,127.0,133.0,133.0,137.0
128.0,132.0,142.0,124.0,158.0
116.0,116.0,165.0,151.0,120.0
95.0,129.0,131.0,155.0,101.0
187.0,122.0,147.0,151.0,116.0
105.0,93.0,113.0,77.0,80.0
120.0,119.0,110.0,149.0,126.0
147.0,132.0,125.0,161.0,139.0
173.0,169.0,159.0,151.0,165.0
162.0,140.0,173.0,118.0,197.0
170.0,174.0,159.0,124.0,136.0
178.0,187.0,160.0,176.0,150.0
147.0,130.0,116.0,0.0,113.0
160.0,156.0,179.0,150.0,161.0
159.0,169.0,146.0,176.0,188.0
135.0,149.0,151.0,150.0,127.0
201.0,177.0,200.0,160.0,185.0
198.0,137.0,146.0,118.0,161.0
170.0,165.0,167.0,148.0,103.0
155.0,138.0,111.0,178.0,129.0
117.0,108.0,158.0,121.0,116.0
186.0,166.0,189.0,119.0,203.0
192.0,166.0,193.0,158.0,139.0
133.0,150.0,171.0,174.0,144.0
146.0,166.0,109.0,100.0,120.0
162.0,140.0,149.0,181.0,148.0
102.0,119.0,143.0,174.0,100.0
133.0,139.0,119.0,163.0,129.0
136.0,104.0,114.0,159.0,105.0
155.0,122.0,163.0,163.0,130.0
170.0,161.0,159.0,120.0,156.0
164.0,139.0,161.0,122.0,107.0
157.0,161.0,175.0,155.0,152.0
193.0,130.0,159.0,179.0,178.0
154.0,172.0,185.0,119.0,155.0
159.0,164.0,142.0,127.0,156.0
162.0,158.0,149.0,178.0,164.0
158.0,147.0,186.0,115.0,132.0
109.0,93.0,115.0,0.0,82.0
195.0,216.0,209.0,173.0,205.0
146.0,153.0,167.0,0.0,121.0
196.0,181.0,194.0,148.0,227.0
220.0,196.0,180.0,143.0,188.0
118.0,140.0,120.0,0.0,117.0
100.0,128.0,135.0,101.0,138.0
150.0,168.0,109.0,170.0,105.0
152.0,114.0,126.0,0.0,99.0
152.0,127.0,162.0,159.0,192.0
183.0,197.0,232.0,174.0,191.0
151.0,180.0,153.0,118.0,137.0
210.0,178.0,157.0,161.0,128.0
178.0,161.0,147.0,148.0,191.0
152.0,136.0,168.0,116.0,132.0
177.0,168.0,188.0,123.0,153.0
133.0,104.0,159.0,156.0,133.0
119.0,115.0,144.0,116.0,124.0
151.0,111.0,108.0,111.0,130.0
208.0,198.0,225.0,130.0,187.0
210.0,205.0,227.0,179.0,211.0
118.0,114.0,149.0,124.0,110.0
189.0,178.0,219.0,165.0,166.0
159.0,151.0,146.0,124.0,121.0
202.0,211.0,226.0,146.0,221.0
213.0,196.0,194.0,135.0,176.0
219.0,196.0,202.0,154.0,300.0
181.0,187.0,201.0,134.0,140.0
156.0,126.0,132.0,121.0,123.0
138.0,105.0,148.0,157.0,143.0
144.0,141.0,159.0,178.0,113.0
117.0,158.0,167.0,151.0,122.0
182.0,180.0,161.0,169.0,165.0
184.0,202.0,202.0,134.0,142.0
169.0,157.0,136.0,145.0,175.0
120.0,88.0,114.0,114.0,87.0
124.0,180.0,114.0,119.0,107.0
161.0,141.0,152.0,123.0,131.0
161.0,155.0,145.0,117.0,132.0
142.0,144.0,147.0,69.0,108.0
168.0,192.0,225.0,151.0,197.0
137.0,145.0,152.0,123.0,162.0
160.0,141.0,170.0,120.0,172.0
192.0,168.0,213.0,179.0,178.0
174.0,169.0,201.0,0.0,155.0
138.0,127.0,160.0,192.0,136.0
138.0,128.0,111.0,127.0,121.0
151.0,121.0,128.0,123.0,115.0
112.0,78.0,118.0,113.0,101.0
153.0,177.0,152.0,121.0,136.0
182.0,169.0,192.0,166.0,150.0
132.0,98.0,171.0,120.0,127.0
161.0,105.0,217.0,161.0,133.0
156.0,155.0,105.0,124.0,144.0
165.0,149.0,124.0,175.0,121.0
115.0,122.0,124.0,145.0,100.0
139.0,134.0,169.0,147.0,152.0
188.0,130.0,153.0,129.0,126.0
129.0,111.0,158.0,173.0,127.0
205.0,212.0,204.0,170.0,182.0
184.0,185.0,191.0,153.0,141.0
203.0,150.0,159.0,146.0,120.0
136.0,149.0,164.0,156.0,166.0
110.0,94.0,121.0,140.0,98.0
120.0,114.0,94.0,0.0,101.0
149.0,123.0,161.0,114.0,114.0
163.0,180.0,195.0,180.0,200.0
99.0,119.0,105.0,115.0,99.0
147.0,96.0,127.0,149.0,143.0
135.0,108.0,135.0,182.0,121.0
119.0,134.0,154.0,109.0,114.0
185.0,163.0,191.0,119.0,165.0
188.0,175.0,148.0,122.0,161.0
145.0,139.0,135.0,0.0,114.0
181.0,151.0,147.0,152.0,171.0
121.0,201.0,174.0,167.0,153.0
191.0,188.0,167.0,144.0,193.0
177.0,214.0,154.0,165.0,99.0
146.0,150.0,151.0,167.0,131.0
151.0,193.0,168.0,154.0,165.0
199.0,192.0,187.0,0.0,192.0
133.0,158.0,200.0,178.0,168.0
124.0,110.0,113.0,120.0,107.0
133.0,116.0,148.0,115.0,137.0
130.0,104.0,165.0,178.0,140.0
122.0,112.0,119.0,173.0,115.0
120.0,149.0,148.0,76.0,165.0
123.0,137.0,177.0,137.0,176.0
139.0,111.0,119.0,153.0,92.0
189.0,187.0,150.0,169.0,150.0
204.0,213.0,210.0,176.0,212.0
137.0,173.0,202.0,174.0,178.0
116.0,126.0,125.0,0.0,105.0
99.0,87.0,121.0,128.0,91.0
171.0,164.0,153.0,168.0,86.0
124.0,161.0,137.0,207.0,132.0
115.0,101.0,150.0,89.0,112.0
207.0,203.0,214.0,154.0,177.0
152.0,155.0,177.0,112.0,131.0
139.0,141.0,158.0,159.0,173.0
146.0,142.0,107.0,144.0,136.0
127.0,106.0,133.0,119.0,111.0
142.0,134.0,119.0,153.0,79.0
177.0,144.0,186.0,117.0,150.0
130.0,106.0,201.0,144.0,116.0
138.0,125.0,125.0,122.0,129.0
140.0,133.0,127.0,166.0,149.0
224.0,212.0,300.0,166.0,222.0
208.0,188.0,201.0,162.0,164.0
141.0,125.0,150.0,145.0,109.0
165.0,93.0,162.0,198.0,152.0
157.0,151.0,146.0,150.0,150.0
160.0,150.0,160.0,165.0,171.0
137.0,141.0,136.0,161.0,138.0
90.0,138.0,150.0,118.0,148.0
126.0,144.0,132.0,153.0,136.0
212.0,199.0,300.0,164.0,187.0
136.0,146.0,184.0,162.0,136.0
167.0,126.0,156.0,175.0,188.0
151.0,149.0,125.0,89.0,127.0
106.0,141.0,126.0,98.0,113.0
195.0,199.0,197.0,141.0,190.0
129.0,122.0,139.0,91.0,111.0
163.0,180.0,217.0,136.0,97.0
177.0,187.0,195.0,115.0,165.0
154.0,174.0,166.0,123.0,153.0
152.0,111.0,134.0,127.0,85.0
192.0,173.0,183.0,127.0,178.0
110.0,114.0,111.0,128.0,109.0
150.0,103.0,181.0,164.0,81.0
199.0,202.0,214.0,300.0,202.0
188.0,180.0,168.0,156.0,197.0
121.0,154.0,114.0,157.0,131.0
134.0,74.0,118.0,0.0,149.0
113.0,116.0,142.0,153.0,109.0
171.0,118.0,158.0,143.0,122.0
138.0,117.0,153.0,0.0,87.0
163.0,0.0,97.0,136.0,179.0
128.0,106.0,137.0,152.0,144.0
109.0,128.0,148.0,143.0,115.0
147.0,156.0,123.0,113.0,108.0
144.0,134.0,149.0,82.0,133.0
125.0,103.0,123.0,119.0,94.0
138.0,153.0,133.0,114.0,139.0
167.0,191.0,161.0,116.0,151.0
213.0,224.0,300.0,158.0,197.0
129.0,99.0,143.0,136.0,116.0
163.0,169.0,117.0,121.0,135.0
156.0,171.0,168.0,178.0,187.0
136.0,147.0,117.0,128.0,148.0
151.0,169.0,183.0,125.0,150.0
179.0,150.0,170.0,156.0,168.0
169.0,148.0,159.0,163.0,153.0
148.0,117.0,181.0,186.0,100.0
165.0,133.0,118.0,132.0,116.0
193.0,200.0,210.0,199.0,165.0
189.0,171.0,155.0,158.0,151.0
134.0,158.0,102.0,124.0,112.0
126.0,123.0,209.0,126.0,129.0
114.0,107.0,128.0,115.0,103.0
131.0,98.0,93.0,126.0,137.0
112.0,108.0,114.0,0.0,99.0
122.0,96.0,125.0,166.0,91.0
198.0,192.0,164.0,117.0,196.0
215.0,190.0,210.0,164.0,179.0
174.0,145.0,158.0,130.0,160.0
181.0,182.0,177.0,152.0,141.0
152.0,167.0,178.0,155.0,147.0
143.0,141.0,134.0,156.0,121.0
146.0,138.0,131.0,119.0,168.0
138.0,82.0,106.0,130.0,104.0
165.0,168.0,164.0,124.0,163.0
217.0,204.0,197.0,171.0,177.0
177.0,124.0,178.0,163.0,131.0
105.0,132.0,132.0,132.0,143.0
175.0,150.0,143.0,152.0,157.0
165.0,171.0,196.0,180.0,187.0
194.0,74.0,0.0,167.0,146.0
183.0,166.0,187.0,140.0,147.0
141.0,162.0,163.0,119.0,149.0
132.0,179.0,193.0,120.0,119.0
168.0,187.0,168.0,164.0,143.0
115.0,106.0,136.0,148.0,106.0
117.0,136.0,126.0,127.0,107.0
137.0,164.0,154.0,148.0,174.0
155.0,160.0,142.0,169.0,149.0
131.0,125.0,126.0,165.0,121.0
115.0,103.0,160.0,0.0,118.0
172.0,158.0,202.0,153.0,187.0
208.0,209.0,210.0,124.0,219.0
188.0,186.0,195.0,0.0,193.0
172.0,168.0,153.0,85.0,134.0
158.0,150.0,122.0,147.0,107.0
108.0,145.0,0.0,121.0,114.0
172.0,100.0,175.0,195.0,170.0
127.0,136.0,125.0,181.0,143.0
160.0,177.0,159.0,126.0,169.0
146.0,163.0,154.0,130.0,148.0
168.0,197.0,152.0,166.0,170.0
132.0,157.0,164.0,139.0,119.0
148.0,139.0,154.0,147.0,159.0
116.0,127.0,118.0,82.0,86.0
169.0,195.0,163.0,118.0,91.0
144.0,125.0,142.0,184.0,181.0
114.0,91.0,168.0,92.0,122.0
134.0,106.0,163.0,171.0,163.0
106.0,92.0,105.0,0.0,67.0
142.0,129.0,151.0,0.0,127.0
131.0,108.0,137.0,130.0,157.0
139.0,130.0,142.0,115.0,119.0
150.0,155.0,146.0,180.0,126.0
195.0,194.0,300.0,164.0,91.0
112.0,78.0,137.0,0.0,129.0
135.0,114.0,116.0,125.0,96.0
158.0,155.0,112.0,127.0,125.0
111.0,104.0,117.0,96.0,119.0
169.0,191.0,170.0,160.0,127.0
128.0,124.0,108.0,121.0,142.0
120.0,116.0,95.0,85.0,113.0
125.0,140.0,145.0,148.0,152.0
128.0,108.0,133.0,113.0,125.0
169.0,159.0,147.0,121.0,170.0
138.0,102.0,127.0,0.0,117.0
191.0,198.0,202.0,182.0,182.0
155.0,142.0,151.0,150.0,134.0
153.0,153.0,149.0,129.0,149.0
137.0,108.0,115.0,148.0,155.0
199.0,213.0,191.0,109.0,209.0
152.0,153.0,167.0,133.0,159.0
148.0,142.0,136.0,161.0,138.0
161.0,157.0,159.0,159.0,157.0
186.0,88.0,209.0,150.0,131.0
170.0,161.0,215.0,150.0,180.0
180.0,156.0,160.0,124.0,147.0
180.0,176.0,144.0,153.0,149.0
146.0,151.0,177.0,190.0,170.0
160.0,152.0,93.0,187.0,174.0
165.0,142.0,116.0,157.0,133.0
144.0,174.0,153.0,126.0,163.0
94.0,88.0,99.0,117.0,106.0
125.0,94.0,133.0,164.0,109.0
115.0,100.0,181.0,119.0,124.0
137.0,71.0,120.0,98.0,148.0
152.0,122.0,166.0,127.0,118.0
133.0,137.0,125.0,145.0,145.0
162.0,80.0,160.0,95.0,108.0
209.0,192.0,222.0,168.0,209.0
156.0,200.0,166.0,142.0,200.0
165.0,145.0,198.0,156.0,184.0
189.0,127.0,189.0,142.0,70.0
200.0,195.0,300.0,147.0,156.0
145.0,138.0,152.0,112.0,114.0
158.0,156.0,154.0,120.0,166.0
154.0,137.0,154.0,121.0,181.0
173.0,143.0,144.0,146.0,70.0
199.0,191.0,209.0,165.0,190.0
207.0,196.0,216.0,92.0,195.0
153.0,169.0,135.0,154.0,160.0
138.0,138.0,132.0,167.0,124.0
176.0,231.0,126.0,130.0,181.0
149.0,118.0,140.0,114.0,150.0
225.0,207.0,166.0,159.0,190.0
108.0,118.0,167.0,181.0,127.0
89.0,128.0,129.0,120.0,107.0
139.0,163.0,146.0,156.0,181.0
198.0,218.0,203.0,169.0,179.0
123.0,89.0,101.0,122.0,119.0
133.0,119.0,97.0,119.0,146.0
180.0,176.0,211.0,0.0,125.0
117.0,112.0,126.0,78.0,91.0
132.0,133.0,142.0,119.0,127.0
164.0,144.0,157.0,121.0,108.0
180.0,188.0,161.0,127.0,118.0
106.0,98.0,111.0,130.0,100.0
166.0,138.0,103.0,145.0,154.0
215.0,198.0,222.0,300.0,219.0
150.0,127.0,131.0,125.0,149.0
185.0,182.0,186.0,159.0,166.0
212.0,194.0,202.0,121.0,168.0
170.0,166.0,204.0,131.0,161.0
125.0,134.0,108.0,132.0,145.0
189.0,185.0,171.0,143.0,178.0
111.0,123.0,140.0,125.0,152.0
154.0,144.0,168.0,129.0,132.0
125.0,122.0,123.0,154.0,132.0
125.0,135.0,160.0,80.0,186.0
161.0,168.0,161.0,111.0,140.0
101.0,146.0,163.0,154.0,103.0
209.0,202.0,300.0,164.0,300.0
160.0,175.0,163.0,179.0,153.0
138.0,119.0,123.0,126.0,153.0
198.0,162.0,204.0,155.0,140.0
190.0,195.0,176.0,112.0,186.0
150.0,169.0,174.0,120.0,164.0
140.0,134.0,117.0,122.0,139.0
146.0,97.0,165.0,154.0,103.0
148.0,109.0,123.0,93.0,117.0
211.0,192.0,227.0,189.0,176.0
169.0,144.0,161.0,116.0,139.0
130.0,116.0,177.0,0.0,156.0
145.0,127.0,144.0,110.0,127.0
120.0,144.0,136.0,0.0,129.0
107.0,105.0,114.0,118.0,126.0
171.0,185.0,165.0,177.0,157.0
152.0,157.0,182.0,112.0,165.0
154.0,155.0,120.0,134.0,108.0
163.0,165.0,180.0,182.0,173.0
135.0,150.0,132.0,159.0,140.0
182.0,202.0,213.0,162.0,159.0
140.0,136.0,149.0,142.0,125.0
134.0,143.0,135.0,177.0,133.0
172.0,168.0,165.0,182.0,154.0
124.0,147.0,122.0,186.0,139.0
147.0,81.0,175.0,150.0,133.0
143.0,179.0,144.0,129.0,144.0
188.0,163.0,162.0,166.0,143.0
109.0,128.0,150.0,164.0,120.0
185.0,190.0,144.0,124.0,147.0
190.0,185.0,150.0,123.0,189.0
144.0,158.0,123.0,103.0,90.0
135.0,100.0,134.0,178.0,157.0
159.0,156.0,166.0,130.0,162.0
157.0,156.0,185.0,122.0,164.0
111.0,83.0,146.0,119.0,121.0
123.0,170.0,173.0,108.0,142.0
172.0,110.0,145.0,0.0,134.0
151.0,174.0,136.0,167.0,150.0
127.0,125.0,139.0,110.0,110.0
118.0,95.0,180.0,85.0,118.0
195.0,176.0,176.0,183.0,202.0
129.0,105.0,142.0,0.0,111.0
125.0,136.0,160.0,118.0,195.0
127.0,126.0,154.0,201.0,108.0
146.0,182.0,186.0,110.0,118.0
173.0,116.0,132.0,128.0,127.0
156.0,116.0,126.0,0.0,127.0
186.0,145.0,136.0,149.0,183.0
194.0,174.0,213.0,154.0,134.0
125.0,117.0,118.0,85.0,102.0
176.0,130.0,173.0,166.0,181.0
133.0,166.0,200.0,213.0,147.0
91.0,113.0,151.0,152.0,162.0
185.0,145.0,150.0,162.0,132.0
124.0,107.0,133.0,0.0,159.0
174.0,172.0,201.0,191.0,181.0
177.0,158.0,177.0,170.0,142.0
153.0,128.0,139.0,0.0,138.0
168.0,144.0,123.0,170.0,154.0
141.0,112.0,130.0,153.0,114.0
152.0,147.0,161.0,125.0,144.0
141.0,114.0,95.0,182.0,89.0
208.0,192.0,300.0,112.0,191.0
135.0,133.0,167.0,169.0,173.0
120.0,126.0,130.0,132.0,128.0
143.0,123.0,149.0,174.0,151.0
148.0,163.0,193.0,0.0,186.0
115.0,113.0,146.0,0.0,113.0
147.0,137.0,137.0,155.0,129.0
119.0,151.0,137.0,144.0,94.0
199.0,183.0,144.0,173.0,118.0
189.0,169.0,195.0,160.0,139.0
166.0,187.0,145.0,114.0,164.0
124.0,122.0,202.0,151.0,163.0
131.0,129.0,130.0,151.0,135.0
144.0,154.0,138.0,133.0,94.0
187.0,220.0,300.0,192.0,158.0
175.0,160.0,140.0,154.0,140.0
207.0,193.0,147.0,144.0,181.0
148.0,158.0,134.0,162.0,125.0
193.0,209.0,191.0,112.0,136.0
187.0,153.0,197.0,168.0,164.0
115.0,80.0,114.0,130.0,90.0
170.0,197.0,178.0,169.0,196.0
164.0,129.0,132.0,110.0,114.0
200.0,167.0,188.0,111.0,154.0
157.0,105.0,104.0,161.0,145.0
182.0,199.0,169.0,178.0,166.0
99.0,102.0,132.0,79.0,109.0
177.0,138.0,121.0,145.0,164.0
136.0,142.0,175.0,126.0,151.0
171.0,168.0,190.0,117.0,209.0
138.0,124.0,167.0,124.0,183.0
98.0,119.0,138.0,161.0,113.0
189.0,188.0,213.0,123.0,209.0
108.0,116.0,162.0,81.0,133.0
158.0,180.0,104.0,162.0,124.0
162.0,146.0,146.0,144.0,134.0
194.0,172.0,187.0,146.0,125.0
132.0,141.0,170.0,116.0,146.0
174.0,174.0,174.0,172.0,112.0
144.0,164.0,175.0,171.0,125.0
130.0,107.0,149.0,127.0,127.0
165.0,103.0,185.0,196.0,174.0
150.0,168.0,133.0,120.0,129.0
135.0,156.0,169.0,153.0,146.0
102.0,99.0,141.0,144.0,100.0
157.0,164.0,159.0,169.0,145.0
107.0,102.0,153.0,121.0,168.0
161.0,169.0,131.0,151.0,129.0
136.0,130.0,136.0,150.0,112.0
197.0,170.0,226.0,176.0,183.0
143.0,143.0,147.0,116.0,135.0
153.0,143.0,157.0,157.0,190.0
92.0,90.0,161.0,0.0,121.0
129.0,125.0,140.0,155.0,117.0
94.0,85.0,85.0,120.0,116.0
122.0,121.0,110.0,111.0,120.0
181.0,106.0,173.0,126.0,112.0
173.0,167.0,184.0,131.0,185.0
217.0,199.0,197.0,165.0,156.0
159.0,179.0,103.0,86.0,160.0
118.0,127.0,114.0,153.0,161.0
191.0,195.0,121.0,185.0,111.0
182.0,153.0,195.0,127.0,177.0
180.0,170.0,157.0,128.0,176.0
183.0,155.0,194.0,163.0,148.0
153.0,145.0,153.0,0.0,150.0
171.0,169.0,182.0,158.0,133.0
133.0,101.0,150.0,122.0,112.0
159.0,192.0,110.0,134.0,86.0
112.0,125.0,121.0,178.0,121.0
178.0,181.0,189.0,134.0,164.0
158.0,161.0,175.0,177.0,127.0
117.0,104.0,124.0,112.0,114.0
136.0,151.0,169.0,123.0,170.0
151.0,121.0,216.0,0.0,128.0
192.0,177.0,165.0,160.0,171.0
142.0,126.0,152.0,139.0,134.0
141.0,106.0,119.0,161.0,103.0
136.0,104.0,139.0,157.0,125.0
184.0,176.0,183.0,169.0,198.0
146.0,88.0,125.0,0.0,131.0
97.0,105.0,125.0,143.0,91.0
204.0,171.0,222.0,196.0,171.0
152.0,137.0,139.0,110.0,131.0
155.0,154.0,143.0,115.0,143.0
183.0,162.0,172.0,159.0,153.0
197.0,203.0,144.0,164.0,142.0
160.0,171.0,147.0,80.0,147.0
137.0,105.0,181.0,0.0,131.0
210.0,165.0,200.0,146.0,223.0
134.0,150.0,119.0,120.0,145.0
183.0,111.0,167.0,181.0,144.0
185.0,168.0,199.0,180.0,175.0
128.0,116.0,155.0,112.0,128.0
189.0,81.0,175.0,191.0,160.0
139.0,96.0,139.0,145.0,138.0
145.0,121.0,159.0,81.0,115.0
158.0,148.0,119.0,171.0,147.0
123.0,115.0,138.0,128.0,95.0
113.0,112.0,120.0,132.0,137.0
109.0,106.0,114.0,123.0,124.0
137.0,112.0,134.0,168.0,133.0
126.0,97.0,163.0,164.0,143.0
198.0,188.0,151.0,117.0,120.0
162.0,174.0,140.0,172.0,148.0
169.0,116.0,177.0,168.0,166.0
187.0,188.0,201.0,167.0,205.0
172.0,162.0,172.0,109.0,190.0
161.0,151.0,150.0,164.0,137.0
144.0,166.0,186.0,133.0,160.0
171.0,152.0,176.0,177.0,105.0
104.0,89.0,167.0,134.0,59.0
175.0,165.0,171.0,127.0,171.0
179.0,171.0,163.0,117.0,173.0
130.0,117.0,140.0,154.0,129.0
150.0,141.0,124.0,169.0,162.0
143.0,174.0,147.0,116.0,137.0
123.0,174.0,154.0,131.0,131.0
185.0,179.0,201.0,164.0,192.0
128.0,141.0,203.0,118.0,101.0
126.0,124.0,121.0,126.0,96.0
141.0,144.0,169.0,166.0,121.0
179.0,214.0,199.0,163.0,153.0
137.0,115.0,119.0,182.0,134.0
183.0,197.0,215.0,194.0,222.0
136.0,88.0,127.0,160.0,100.0
191.0,207.0,207.0,158.0,161.0
168.0,154.0,159.0,148.0,129.0
120.0,128.0,137.0,163.0,144.0
155.0,129.0,129.0,117.0,86.0
123.0,142.0,135.0,99.0,116.0
129.0,123.0,152.0,158.0,138.0
173.0,155.0,152.0,171.0,157.0
162.0,127.0,112.0,128.0,174.0
196.0,188.0,191.0,151.0,184.0
122.0,103.0,131.0,0.0,163.0
153.0,143.0,170.0,168.0,163.0
175.0,119.0,132.0,0.0,157.0
153.0,154.0,145.0,167.0,118.0
107.0,99.0,111.0,0.0,82.0
152.0,182.0,183.0,158.0,127.0
113.0,121.0,121.0,161.0,93.0
129.0,145.0,197.0,0.0,180.0
171.0,172.0,199.0,154.0,191.0
217.0,228.0,216.0,182.0,194.0
139.0,145.0,167.0,143.0,167.0
161.0,95.0,126.0,149.0,113.0
174.0,199.0,190.0,188.0,149.0
176.0,174.0,211.0,152.0,168.0
157.0,177.0,180.0,161.0,160.0
168.0,160.0,130.0,128.0,131.0
161.0,116.0,146.0,128.0,123.0
176.0,144.0,165.0,169.0,126.0
154.0,154.0,151.0,166.0,156.0
179.0,202.0,172.0,119.0,158.0
171.0,143.0,119.0,150.0,161.0
177.0,159.0,141.0,161.0,147.0
178.0,130.0,155.0,123.0,142.0
116.0,122.0,126.0,118.0,135.0
141.0,94.0,161.0,130.0,166.0
176.0,152.0,146.0,172.0,155.0
174.0,154.0,185.0,110.0,176.0
186.0,169.0,191.0,166.0,152.0
107.0,130.0,112.0,140.0,105.0
124.0,105.0,114.0,132.0,126.0
99.0,101.0,104.0,123.0,87.0
102.0,146.0,117.0,152.0,98.0
176.0,112.0,110.0,115.0,139.0
199.0,175.0,208.0,127.0,115.0
133.0,104.0,104.0,123.0,92.0
131.0,195.0,157.0,162.0,121.0
188.0,161.0,207.0,177.0,179.0
122.0,177.0,148.0,137.0,154.0
147.0,118.0,134.0,124.0,107.0
192.0,186.0,184.0,130.0,164.0
113.0,124.0,130.0,0.0,81.0
176.0,90.0,165.0,125.0,120.0
166.0,181.0,125.0,132.0,197.0
107.0,90.0,138.0,70.0,96.0
153.0,158.0,181.0,156.0,157.0
163.0,122.0,160.0,178.0,174.0
160.0,132.0,171.0,158.0,161.0
129.0,115.0,154.0,76.0,108.0
201.0,178.0,164.0,169.0,208.0
117.0,125.0,117.0,89.0,100.0
196.0,186.0,164.0,156.0,204.0
170.0,145.0,113.0,178.0,158.0
169.0,159.0,149.0,174.0,159.0
144.0,143.0,162.0,111.0,108.0
147.0,151.0,150.0,125.0,137.0
144.0,151.0,143.0,130.0,127.0
139.0,149.0,134.0,128.0,123.0
209.0,199.0,172.0,153.0,164.0
165.0,184.0,163.0,122.0,156.0
121.0,117.0,163.0,140.0,158.0
152.0,164.0,153.0,172.0,162.0
175.0,174.0,164.0,122.0,169.0
148.0,146.0,133.0,117.0,116.0
139.0,116.0,139.0,121.0,162.0
118.0,109.0,129.0,149.0,140.0
175.0,147.0,175.0,120.0,167.0
193.0,181.0,175.0,119.0,110.0
138.0,139.0,184.0,123.0,112.0
108.0,136.0,136.0,121.0,125.0
132.0,136.0,142.0,129.0,133.0
134.0,130.0,121.0,119.0,134.0
173.0,188.0,193.0,120.0,185.0
169.0,193.0,122.0,123.0,170.0
138.0,131.0,153.0,0.0,127.0
117.0,82.0,175.0,167.0,116.0
180.0,170.0,197.0,161.0,148.0
163.0,182.0,201.0,176.0,137.0
94.0,111.0,126.0,167.0,82.0
145.0,116.0,154.0,0.0,152.0
151.0,145.0,183.0,157.0,145.0
136.0,129.0,151.0,149.0,125.0
107.0,130.0,126.0,164.0,141.0
173.0,203.0,300.0,135.0,167.0
206.0,211.0,221.0,185.0,148.0
151.0,140.0,143.0,150.0,131.0
174.0,175.0,147.0,139.0,155.0
115.0,160.0,137.0,0.0,107.0
126.0,146.0,191.0,164.0,170.0
127.0,141.0,106.0,114.0,125.0
151.0,125.0,120.0,164.0,144.0
195.0,161.0,179.0,174.0,139.0
174.0,188.0,215.0,171.0,174.0
99.0,92.0,114.0,117.0,145.0
106.0,96.0,126.0,0.0,115.0
157.0,160.0,166.0,134.0,166.0
122.0,139.0,132.0,173.0,153.0
125.0,134.0,120.0,162.0,171.0
149.0,152.0,149.0,300.0,115.0
138.0,106.0,155.0,121.0,124.0
146.0,174.0,191.0,173.0,177.0
124.0,120.0,114.0,155.0,113.0
172.0,135.0,175.0,166.0,110.0
164.0,121.0,177.0,114.0,129.0
138.0,136.0,170.0,119.0,168.0
175.0,182.0,120.0,171.0,154.0
161.0,182.0,197.0,164.0,161.0
133.0,118.0,131.0,184.0,141.0
213.0,183.0,174.0,176.0,177.0
121.0,120.0,134.0,149.0,132.0
180.0,185.0,165.0,162.0,128.0
145.0,176.0,182.0,180.0,128.0
151.0,164.0,118.0,145.0,147.0
168.0,156.0,204.0,166.0,160.0
162.0,156.0,159.0,151.0,156.0
194.0,168.0,224.0,300.0,152.0
180.0,158.0,163.0,119.0,100.0
163.0,194.0,199.0,163.0,157.0
139.0,143.0,176.0,120.0,156.0
164.0,166.0,125.0,134.0,130.0
169.0,157.0,172.0,124.0,164.0
202.0,188.0,199.0,158.0,201.0
174.0,179.0,150.0,166.0,158.0
190.0,197.0,180.0,118.0,157.0
174.0,129.0,195.0,160.0,174.0
161.0,178.0,151.0,152.0,139.0
181.0,166.0,174.0,0.0,163.0
167.0,207.0,174.0,172.0,205.0
121.0,131.0,117.0,96.0,121.0
148.0,134.0,178.0,165.0,160.0
158.0,131.0,148.0,179.0,131.0
165.0,148.0,161.0,147.0,171.0
132.0,120.0,185.0,167.0,145.0
153.0,132.0,193.0,150.0,137.0
170.0,144.0,150.0,119.0,127.0
190.0,169.0,178.0,120.0,167.0
178.0,171.0,300.0,153.0,191.0
220.0,182.0,209.0,180.0,227.0
128.0,97.0,139.0,123.0,132.0
148.0,92.0,98.0,149.0,118.0
178.0,141.0,175.0,157.0,163.0
203.0,197.0,214.0,154.0,191.0
212.0,208.0,204.0,173.0,216.0
170.0,148.0,150.0,132.0,177.0
142.0,140.0,156.0,165.0,145.0
153.0,150.0,136.0,176.0,189.0
166.0,186.0,168.0,300.0,148.0
148.0,126.0,128.0,175.0,139.0
122.0,133.0,143.0,162.0,145.0
150.0,137.0,110.0,157.0,147.0
189.0,157.0,205.0,182.0,138.0
104.0,141.0,140.0,162.0,166.0
121.0,186.0,196.0,164.0,126.0
141.0,123.0,157.0,0.0,117.0
163.0,165.0,142.0,116.0,120.0
139.0,155.0,156.0,160.0,144.0
194.0,234.0,225.0,155.0,200.0
157.0,167.0,192.0,150.0,183.0
147.0,74.0,133.0,122.0,145.0
162.0,164.0,197.0,161.0,178.0
146.0,136.0,121.0,141.0,180.0
142.0,150.0,137.0,132.0,122.0
140.0,130.0,153.0,115.0,155.0
160.0,148.0,142.0,122.0,108.0
175.0,181.0,152.0,0.0,162.0
158.0,106.0,159.0,129.0,147.0
149.0,152.0,124.0,151.0,138.0
152.0,170.0,155.0,0.0,182.0
144.0,152.0,157.0,112.0,105.0
151.0,163.0,162.0,159.0,167.0
183.0,156.0,182.0,150.0,155.0
136.0,148.0,139.0,133.0,157.0
142.0,146.0,153.0,148.0,131.0
159.0,148.0,161.0,174.0,183.0
211.0,198.0,300.0,124.0,186.0
123.0,115.0,116.0,117.0,128.0
146.0,130.0,151.0,160.0,151.0
122.0,129.0,152.0,300.0,126.0
117.0,80.0,122.0,0.0,127.0
131.0,157.0,113.0,183.0,121.0
158.0,164.0,144.0,140.0,175.0
166.0,160.0,178.0,148.0,149.0
171.0,195.0,154.0,120.0,180.0
157.0,151.0,151.0,124.0,136.0
138.0,130.0,181.0,168.0,103.0
193.0,206.0,227.0,174.0,203.0
125.0,120.0,108.0,142.0,97.0
107.0,114.0,118.0,140.0,97.0
139.0,90.0,93.0,114.0,90.0
156.0,146.0,142.0,164.0,150.0
171.0,176.0,161.0,158.0,144.0
171.0,171.0,172.0,171.0,176.0
179.0,171.0,160.0,172.0,169.0
124.0,99.0,125.0,119.0,130.0
132.0,127.0,117.0,121.0,107.0
186.0,128.0,193.0,145.0,115.0
172.0,134.0,158.0,169.0,119.0
97.0,98.0,131.0,111.0,99.0
146.0,167.0,155.0,138.0,151.0
155.0,162.0,173.0,192.0,144.0
92.0,103.0,105.0,111.0,134.0
209.0,213.0,197.0,0.0,222.0
127.0,164.0,146.0,135.0,159.0
167.0,174.0,178.0,160.0,188.0
199.0,193.0,185.0,173.0,141.0
219.0,194.0,189.0,128.0,173.0
142.0,147.0,154.0,153.0,99.0
184.0,188.0,199.0,169.0,184.0
146.0,134.0,157.0,112.0,142.0
155.0,126.0,155.0,141.0,105.0
194.0,202.0,171.0,128.0,68.0
117.0,116.0,129.0,124.0,90.0
96.0,89.0,128.0,0.0,78.0
194.0,170.0,182.0,141.0,154.0
166.0,177.0,167.0,184.0,157.0
187.0,174.0,181.0,150.0,104.0
211.0,208.0,160.0,155.0,190.0
195.0,193.0,192.0,300.0,214.0
135.0,152.0,150.0,162.0,119.0
172.0,162.0,163.0,164.0,136.0
154.0,146.0,130.0,177.0,106.0
114.0,136.0,124.0,165.0,93.0
181.0,150.0,176.0,140.0,188.0
133.0,134.0,118.0,178.0,141.0
128.0,122.0,109.0,98.0,107.0
212.0,234.0,212.0,176.0,222.0
144.0,128.0,143.0,127.0,117.0
182.0,188.0,204.0,181.0,175.0
115.0,113.0,108.0,126.0,129.0
134.0,112.0,139.0,190.0,123.0
171.0,166.0,137.0,153.0,148.0
171.0,167.0,127.0,185.0,143.0
108.0,121.0,146.0,106.0,89.0
88.0,98.0,101.0,127.0,102.0
159.0,182.0,194.0,99.0,175.0
177.0,153.0,138.0,118.0,143.0
125.0,103.0,130.0,134.0,133.0
132.0,104.0,138.0,0.0,141.0
124.0,114.0,124.0,115.0,110.0
117.0,125.0,137.0,102.0,127.0
149.0,130.0,158.0,129.0,152.0
166.0,141.0,182.0,158.0,129.0
121.0,182.0,131.0,170.0,149.0
154.0,161.0,160.0,147.0,150.0
153.0,152.0,139.0,107.0,160.0
123.0,114.0,138.0,104.0,102.0
156.0,194.0,163.0,118.0,166.0
133.0,119.0,128.0,145.0,136.0
111.0,148.0,132.0,90.0,94.0
135.0,113.0,114.0,119.0,103.0
233.0,207.0,300.0,172.0,216.0
184.0,225.0,186.0,157.0,208.0
174.0,170.0,178.0,132.0,153.0
142.0,171.0,196.0,106.0,84.0
96.0,111.0,135.0,131.0,93.0
165.0,196.0,133.0,139.0,169.0
172.0,193.0,176.0,132.0,139.0
84.0,105.0,216.0,110.0,72.0
140.0,186.0,137.0,173.0,118.0
79.0,98.0,161.0,107.0,114.0
166.0,152.0,117.0,173.0,150.0
160.0,145.0,139.0,141.0,106.0
156.0,160.0,118.0,120.0,144.0
83.0,91.0,108.0,119.0,81.0
189.0,182.0,160.0,150.0,166.0
180.0,175.0,210.0,172.0,184.0
122.0,110.0,111.0,0.0,95.0
122.0,122.0,104.0,88.0,96.0
143.0,196.0,161.0,139.0,144.0
104.0,87.0,148.0,89.0,105.0
219.0,201.0,183.0,300.0,170.0
145.0,162.0,138.0,174.0,130.0
126.0,128.0,101.0,138.0,134.0
164.0,143.0,125.0,136.0,108.0
112.0,109.0,92.0,119.0,113.0
147.0,161.0,123.0,157.0,160.0
179.0,146.0,192.0,124.0,150.0
206.0,203.0,193.0,155.0,160.0
162.0,163.0,150.0,151.0,151.0
195.0,131.0,166.0,147.0,161.0
153.0,163.0,137.0,171.0,116.0
152.0,134.0,133.0,147.0,92.0
111.0,96.0,107.0,0.0,124.0
105.0,116.0,103.0,112.0,112.0
184.0,176.0,195.0,182.0,138.0
211.0,184.0,175.0,177.0,190.0
176.0,175.0,219.0,127.0,132.0
99.0,105.0,105.0,0.0,135.0
137.0,152.0,142.0,125.0,130.0
190.0,165.0,202.0,127.0,162.0
193.0,161.0,155.0,125.0,163.0
214.0,215.0,222.0,180.0,178.0
148.0,145.0,147.0,117.0,115.0
95.0,102.0,117.0,122.0,122.0
159.0,115.0,208.0,154.0,145.0
161.0,149.0,160.0,98.0,85.0
140.0,102.0,148.0,148.0,131.0
134.0,149.0,135.0,131.0,107.0
118.0,105.0,102.0,117.0,110.0
107.0,154.0,196.0,152.0,137.0
178.0,100.0,217.0,178.0,188.0
169.0,169.0,153.0,96.0,157.0
139.0,117.0,153.0,94.0,151.0
153.0,162.0,147.0,153.0,157.0
150.0,163.0,163.0,169.0,134.0
110.0,82.0,123.0,201.0,75.0
218.0,205.0,198.0,159.0,186.0
150.0,137.0,143.0,172.0,136.0
120.0,148.0,105.0,166.0,142.0
194.0,175.0,186.0,175.0,186.0
155.0,113.0,166.0,172.0,120.0
132.0,138.0,156.0,128.0,134.0
173.0,148.0,165.0,0.0,173.0
176.0,163.0,163.0,113.0,180.0
121.0,143.0,152.0,118.0,125.0
137.0,105.0,121.0,145.0,107.0
197.0,189.0,215.0,122.0,195.0
120.0,104.0,103.0,159.0,107.0
180.0,164.0,190.0,72.0,157.0
175.0,170.0,153.0,157.0,166.0
124.0,186.0,202.0,178.0,178.0
181.0,176.0,201.0,122.0,159.0
165.0,168.0,148.0,146.0,157.0
189.0,184.0,219.0,120.0,194.0
160.0,171.0,212.0,79.0,214.0
146.0,157.0,135.0,134.0,122.0
90.0,92.0,113.0,123.0,105.0
151.0,126.0,140.0,115.0,100.0
114.0,79.0,142.0,166.0,96.0
122.0,135.0,161.0,156.0,171.0
165.0,174.0,99.0,179.0,111.0
197.0,210.0,300.0,171.0,223.0
122.0,103.0,126.0,0.0,103.0
187.0,177.0,175.0,172.0,192.0
177.0,168.0,180.0,210.0,188.0
142.0,95.0,146.0,169.0,106.0
103.0,132.0,134.0,142.0,104.0
170.0,185.0,202.0,98.0,146.0
172.0,180.0,150.0,153.0,198.0
166.0,155.0,172.0,139.0,157.0
154.0,122.0,164.0,124.0,153.0
145.0,145.0,141.0,90.0,118.0
132.0,144.0,146.0,0.0,150.0
188.0,194.0,117.0,121.0,142.0
176.0,164.0,145.0,118.0,171.0
123.0,145.0,123.0,92.0,127.0
154.0,103.0,157.0,125.0,145.0
166.0,183.0,169.0,151.0,163.0
187.0,153.0,117.0,165.0,174.0
139.0,115.0,124.0,0.0,131.0
98.0,91.0,156.0,124.0,124.0
126.0,166.0,110.0,140.0,140.0
227.0,213.0,197.0,115.0,180.0
230.0,200.0,182.0,151.0,185.0
148.0,124.0,140.0,159.0,157.0
136.0,103.0,114.0,94.0,110.0
148.0,137.0,125.0,169.0,97.0
119.0,159.0,181.0,128.0,117.0
162.0,171.0,132.0,126.0,139.0
179.0,173.0,201.0,190.0,144.0
160.0,188.0,137.0,170.0,182.0
181.0,196.0,167.0,172.0,178.0
137.0,157.0,127.0,183.0,144.0
143.0,161.0,163.0,0.0,129.0
132.0,142.0,139.0,124.0,112.0
181.0,96.0,168.0,127.0,161.0
200.0,207.0,211.0,118.0,202.0
130.0,131.0,124.0,0.0,123.0
213.0,203.0,178.0,157.0,190.0
162.0,160.0,201.0,175.0,196.0
174.0,174.0,149.0,106.0,139.0
196.0,228.0,191.0,167.0,168.0
185.0,166.0,179.0,169.0,153.0
162.0,173.0,195.0,110.0,171.0
171.0,133.0,124.0,168.0,102.0
136.0,138.0,156.0,93.0,131.0
127.0,163.0,174.0,168.0,128.0
113.0,100.0,129.0,159.0,123.0
138.0,131.0,120.0,120.0,123.0
151.0,137.0,144.0,151.0,150.0
181.0,158.0,149.0,0.0,175.0
123.0,152.0,122.0,163.0,111.0
183.0,182.0,155.0,86.0,174.0
147.0,123.0,143.0,182.0,158.0
165.0,141.0,185.0,116.0,143.0
146.0,154.0,141.0,117.0,110.0
132.0,144.0,190.0,110.0,156.0
202.0,165.0,212.0,178.0,182.0
109.0,138.0,167.0,120.0,114.0
118.0,128.0,111.0,90.0,87.0
143.0,117.0,140.0,155.0,132.0
154.0,160.0,174.0,140.0,156.0
180.0,172.0,167.0,0.0,206.0
171.0,135.0,163.0,120.0,162.0
103.0,109.0,124.0,157.0,120.0
124.0,153.0,159.0,100.0,143.0
161.0,172.0,166.0,175.0,139.0
143.0,115.0,135.0,120.0,113.0
165.0,168.0,157.0,120.0,159.0
75.0,96.0,117.0,0.0,65.0
180.0,213.0,184.0,151.0,168.0
97.0,91.0,111.0,112.0,100.0
95.0,102.0,144.0,146.0,150.0
130.0,129.0,130.0,124.0,132.0
147.0,191.0,155.0,156.0,156.0
155.0,153.0,160.0,158.0,135.0
175.0,158.0,110.0,162.0,150.0
121.0,132.0,104.0,138.0,101.0
142.0,140.0,124.0,117.0,136.0
165.0,186.0,176.0,150.0,153.0
193.0,181.0,222.0,160.0,177.0
192.0,136.0,177.0,108.0,158.0
166.0,148.0,97.0,177.0,125.0
176.0,150.0,156.0,0.0,132.0
95.0,115.0,128.0,101.0,114.0
131.0,111.0,108.0,114.0,130.0
151.0,134.0,175.0,128.0,127.0
178.0,178.0,162.0,143.0,193.0
165.0,120.0,136.0,167.0,127.0
186.0,151.0,179.0,147.0,177.0
168.0,162.0,189.0,167.0,174.0
98.0,112.0,114.0,143.0,123.0
131.0,121.0,156.0,91.0,169.0
163.0,147.0,137.0,173.0,148.0
192.0,175.0,198.0,184.0,167.0
184.0,150.0,149.0,181.0,139.0
137.0,150.0,147.0,167.0,118.0
152.0,147.0,136.0,159.0,113.0
194.0,180.0,173.0,153.0,160.0
172.0,185.0,160.0,120.0,151.0
123.0,112.0,118.0,166.0,127.0
141.0,137.0,167.0,139.0,150.0
146.0,137.0,97.0,161.0,124.0
163.0,154.0,180.0,125.0,164.0
130.0,157.0,138.0,158.0,168.0
157.0,149.0,152.0,191.0,152.0
133.0,145.0,162.0,120.0,130.0
113.0,118.0,190.0,300.0,181.0
179.0,176.0,191.0,174.0,200.0
163.0,175.0,155.0,180.0,129.0
166.0,168.0,163.0,131.0,180.0
190.0,155.0,140.0,130.0,156.0
83.0,79.0,127.0,115.0,101.0
118.0,132.0,117.0,149.0,79.0
165.0,191.0,183.0,148.0,140.0
145.0,112.0,113.0,116.0,136.0
172.0,163.0,178.0,103.0,144.0
167.0,207.0,177.0,138.0,180.0
133.0,115.0,136.0,0.0,138.0
184.0,129.0,138.0,178.0,187.0
214.0,174.0,165.0,151.0,138.0
163.0,163.0,173.0,157.0,171.0
214.0,203.0,184.0,0.0,189.0
121.0,97.0,133.0,121.0,120.0
186.0,180.0,132.0,127.0,134.0
112.0,96.0,111.0,115.0,96.0
97.0,102.0,126.0,170.0,131.0
187.0,175.0,174.0,150.0,159.0
150.0,131.0,162.0,124.0,115.0
126.0,121.0,146.0,116.0,184.0
165.0,146.0,150.0,146.0,141.0
110.0,102.0,110.0,0.0,81.0
167.0,194.0,166.0,150.0,120.0
101.0,92.0,94.0,121.0,88.0
127.0,138.0,120.0,149.0,98.0
173.0,176.0,161.0,117.0,144.0
149.0,187.0,167.0,148.0,177.0
134.0,127.0,119.0,127.0,124.0
165.0,178.0,201.0,120.0,136.0
161.0,169.0,150.0,124.0,106.0
173.0,174.0,166.0,164.0,116.0
146.0,143.0,122.0,102.0,153.0
171.0,151.0,158.0,155.0,80.0
200.0,158.0,212.0,173.0,173.0
176.0,169.0,83.0,174.0,85.0
122.0,129.0,100.0,166.0,102.0
187.0,180.0,164.0,134.0,176.0
182.0,210.0,204.0,113.0,172.0
127.0,135.0,139.0,144.0,132.0
149.0,173.0,160.0,138.0,156.0
178.0,168.0,160.0,167.0,163.0
200.0,189.0,210.0,174.0,175.0
135.0,93.0,119.0,173.0,120.0
125.0,112.0,140.0,122.0,118.0
168.0,192.0,176.0,164.0,111.0
159.0,167.0,161.0,150.0,133.0
180.0,171.0,182.0,118.0,135.0
182.0,192.0,179.0,149.0,157.0
144.0,144.0,162.0,117.0,148.0
152.0,156.0,132.0,136.0,124.0
128.0,129.0,155.0,117.0,109.0
167.0,156.0,202.0,123.0,156.0
154.0,158.0,158.0,149.0,142.0
152.0,202.0,173.0,188.0,220.0
175.0,168.0,193.0,119.0,206.0
130.0,165.0,162.0,162.0,198.0
122.0,98.0,125.0,141.0,147.0
116.0,98.0,165.0,132.0,96.0
176.0,139.0,158.0,129.0,194.0
190.0,167.0,181.0,121.0,168.0
138.0,119.0,162.0,151.0,135.0
173.0,161.0,139.0,159.0,171.0
129.0,124.0,104.0,0.0,116.0
123.0,165.0,136.0,126.0,147.0
200.0,221.0,178.0,190.0,219.0
173.0,167.0,172.0,167.0,113.0
141.0,159.0,151.0,157.0,154.0
145.0,94.0,0.0,150.0,117.0
147.0,91.0,178.0,163.0,93.0
160.0,169.0,183.0,125.0,151.0
159.0,136.0,170.0,145.0,144.0
194.0,192.0,152.0,142.0,194.0
122.0,123.0,130.0,140.0,150.0
153.0,157.0,159.0,133.0,191.0
135.0,116.0,147.0,134.0,115.0
142.0,138.0,116.0,128.0,141.0
179.0,169.0,194.0,172.0,198.0
166.0,191.0,138.0,156.0,153.0
200.0,191.0,187.0,173.0,213.0
183.0,99.0,156.0,145.0,97.0
137.0,169.0,128.0,300.0,132.0
122.0,126.0,160.0,131.0,107.0
110.0,134.0,126.0,82.0,104.0
209.0,204.0,203.0,206.0,194.0
138.0,136.0,136.0,162.0,138.0
175.0,188.0,162.0,108.0,170.0
174.0,128.0,155.0,169.0,151.0
136.0,127.0,131.0,172.0,113.0
118.0,115.0,195.0,173.0,148.0
133.0,150.0,108.0,118.0,120.0
168.0,190.0,169.0,176.0,187.0
173.0,149.0,164.0,111.0,136.0
199.0,200.0,174.0,163.0,181.0
126.0,115.0,139.0,153.0,138.0
188.0,190.0,199.0,176.0,123.0
141.0,125.0,123.0,129.0,115.0
137.0,125.0,188.0,114.0,140.0
181.0,159.0,172.0,124.0,154.0
146.0,144.0,107.0,127.0,118.0
181.0,146.0,149.0,128.0,183.0
216.0,219.0,215.0,147.0,197.0
103.0,107.0,127.0,172.0,86.0
166.0,157.0,182.0,147.0,197.0
151.0,162.0,185.0,178.0,136.0
103.0,91.0,125.0,0.0,105.0
145.0,129.0,121.0,125.0,126.0
172.0,123.0,139.0,166.0,165.0
167.0,194.0,166.0,129.0,117.0
143.0,190.0,138.0,118.0,183.0
160.0,169.0,168.0,146.0,169.0
141.0,127.0,108.0,138.0,109.0
127.0,88.0,115.0,117.0,117.0
129.0,92.0,120.0,127.0,98.0
180.0,182.0,204.0,117.0,166.0
104.0,123.0,92.0,181.0,155.0
167.0,147.0,150.0,0.0,154.0
118.0,91.0,128.0,173.0,85.0
131.0,154.0,136.0,115.0,150.0
141.0,133.0,146.0,118.0,168.0
136.0,153.0,132.0,0.0,129.0
130.0,170.0,221.0,167.0,161.0
147.0,133.0,140.0,140.0,133.0
146.0,134.0,153.0,120.0,165.0
115.0,103.0,128.0,121.0,95.0
112.0,108.0,161.0,163.0,121.0
127.0,141.0,122.0,131.0,148.0
176.0,176.0,191.0,177.0,207.0
162.0,103.0,171.0,112.0,146.0
159.0,143.0,175.0,120.0,146.0
116.0,143.0,153.0,116.0,110.0
195.0,173.0,178.0,111.0,172.0
165.0,189.0,159.0,121.0,159.0
151.0,157.0,152.0,172.0,145.0
135.0,83.0,129.0,127.0,118.0
96.0,140.0,225.0,170.0,98.0
119.0,156.0,162.0,117.0,172.0
130.0,183.0,211.0,174.0,219.0
134.0,125.0,135.0,172.0,146.0
124.0,164.0,101.0,150.0,123.0
151.0,144.0,122.0,153.0,99.0
164.0,169.0,196.0,186.0,192.0
158.0,171.0,158.0,125.0,164.0
113.0,114.0,107.0,116.0,117.0
156.0,153.0,183.0,118.0,163.0
129.0,96.0,132.0,126.0,91.0
148.0,109.0,124.0,132.0,129.0
151.0,151.0,147.0,164.0,135.0
100.0,102.0,128.0,115.0,78.0
161.0,116.0,170.0,84.0,110.0
157.0,151.0,124.0,128.0,169.0
124.0,136.0,211.0,164.0,134.0
121.0,154.0,130.0,132.0,115.0
163.0,153.0,159.0,137.0,165.0
146.0,172.0,190.0,165.0,142.0
209.0,170.0,171.0,179.0,160.0
210.0,215.0,174.0,119.0,181.0
141.0,162.0,189.0,150.0,154.0
151.0,132.0,159.0,117.0,159.0
130.0,108.0,133.0,116.0,147.0
149.0,125.0,139.0,118.0,135.0
171.0,192.0,207.0,116.0,155.0
150.0,141.0,150.0,135.0,154.0
199.0,194.0,214.0,178.0,128.0
111.0,112.0,124.0,127.0,131.0
135.0,134.0,165.0,165.0,164.0
182.0,166.0,158.0,155.0,184.0
117.0,91.0,110.0,0.0,144.0
132.0,111.0,150.0,128.0,127.0
188.0,170.0,177.0,180.0,174.0
127.0,142.0,96.0,144.0,114.0
142.0,150.0,206.0,88.0,123.0
163.0,140.0,150.0,155.0,162.0
211.0,232.0,216.0,168.0,200.0
152.0,112.0,181.0,130.0,168.0
165.0,183.0,168.0,121.0,138.0
200.0,185.0,168.0,148.0,137.0
167.0,177.0,169.0,88.0,109.0
170.0,150.0,179.0,118.0,189.0
145.0,132.0,156.0,0.0,147.0
177.0,183.0,174.0,188.0,184.0
161.0,172.0,203.0,168.0,125.0
139.0,167.0,189.0,123.0,160.0
163.0,168.0,184.0,147.0,130.0
168.0,159.0,166.0,112.0,188.0
126.0,112.0,135.0,134.0,120.0
121.0,80.0,157.0,132.0,159.0
187.0,196.0,140.0,157.0,165.0
149.0,164.0,148.0,181.0,138.0
146.0,149.0,142.0,129.0,158.0
126.0,135.0,141.0,130.0,140.0
100.0,101.0,100.0,162.0,132.0
141.0,82.0,119.0,158.0,175.0
159.0,169.0,200.0,124.0,131.0
141.0,137.0,125.0,0.0,127.0
101.0,90.0,150.0,118.0,84.0
85.0,100.0,136.0,127.0,123.0
152.0,167.0,114.0,120.0,124.0
154.0,132.0,167.0,123.0,135.0
187.0,201.0,121.0,156.0,157.0
186.0,164.0,153.0,172.0,172.0
158.0,161.0,135.0,116.0,155.0
123.0,103.0,118.0,164.0,68.0
154.0,142.0,162.0,123.0,170.0
164.0,141.0,139.0,171.0,114.0
167.0,147.0,163.0,127.0,124.0
143.0,157.0,143.0,0.0,93.0
184.0,200.0,189.0,181.0,161.0
206.0,163.0,189.0,168.0,163.0
125.0,147.0,153.0,139.0,146.0
185.0,117.0,187.0,151.0,180.0
137.0,154.0,122.0,165.0,126.0
196.0,187.0,300.0,300.0,167.0
113.0,157.0,138.0,177.0,111.0
135.0,100.0,166.0,0.0,162.0
123.0,129.0,121.0,155.0,130.0
177.0,149.0,165.0,143.0,125.0
105.0,146.0,95.0,119.0,126.0
161.0,154.0,150.0,120.0,135.0
183.0,179.0,178.0,163.0,214.0
172.0,154.0,143.0,171.0,159.0
128.0,135.0,110.0,152.0,127.0
218.0,206.0,182.0,169.0,185.0
186.0,195.0,300.0,160.0,202.0
184.0,154.0,164.0,127.0,153.0
113.0,96.0,111.0,123.0,108.0
156.0,112.0,170.0,123.0,186.0
160.0,147.0,110.0,134.0,107.0
115.0,127.0,147.0,87.0,105.0
138.0,122.0,181.0,150.0,145.0
175.0,152.0,161.0,191.0,102.0
126.0,138.0,142.0,148.0,155.0
183.0,156.0,300.0,159.0,162.0
89.0,72.0,103.0,0.0,104.0
202.0,150.0,185.0,151.0,203.0
119.0,110.0,127.0,155.0,120.0
133.0,88.0,136.0,106.0,162.0
176.0,191.0,149.0,162.0,120.0
184.0,175.0,208.0,177.0,221.0
163.0,151.0,177.0,175.0,161.0
162.0,146.0,137.0,130.0,115.0
182.0,159.0,176.0,186.0,162.0
165.0,157.0,202.0,127.0,161.0
138.0,116.0,188.0,124.0,183.0
215.0,203.0,212.0,174.0,225.0
192.0,151.0,218.0,131.0,171.0
105.0,149.0,163.0,110.0,123.0
181.0,180.0,205.0,159.0,159.0
109.0,78.0,127.0,82.0,107.0
133.0,140.0,121.0,116.0,99.0
94.0,124.0,135.0,81.0,124.0
149.0,150.0,174.0,129.0,157.0
166.0,171.0,193.0,166.0,186.0
180.0,160.0,159.0,168.0,156.0
181.0,185.0,168.0,127.0,178.0
142.0,152.0,158.0,151.0,182.0
166.0,156.0,191.0,134.0,152.0
100.0,93.0,108.0,86.0,107.0
106.0,134.0,110.0,0.0,130.0
189.0,196.0,163.0,147.0,124.0
105.0,106.0,134.0,121.0,127.0
111.0,113.0,109.0,166.0,85.0
146.0,118.0,169.0,149.0,127.0
174.0,174.0,163.0,176.0,207.0
154.0,154.0,133.0,142.0,125.0
165.0,129.0,139.0,147.0,100.0
162.0,141.0,162.0,164.0,172.0
150.0,152.0,123.0,138.0,137.0
146.0,117.0,115.0,172.0,113.0
176.0,177.0,164.0,155.0,154.0
157.0,161.0,184.0,126.0,150.0
140.0,134.0,145.0,123.0,147.0
170.0,140.0,197.0,120.0,151.0
195.0,182.0,140.0,179.0,144.0
140.0,143.0,161.0,167.0,161.0
168.0,162.0,153.0,122.0,195.0
148.0,124.0,156.0,121.0,151.0
121.0,121.0,158.0,123.0,130.0
115.0,109.0,134.0,128.0,126.0
144.0,127.0,154.0,166.0,166.0
162.0,152.0,208.0,163.0,188.0
145.0,132.0,153.0,147.0,147.0
112.0,117.0,138.0,179.0,108.0
140.0,137.0,159.0,158.0,150.0
131.0,148.0,129.0,83.0,155.0
143.0,158.0,103.0,123.0,107.0
199.0,167.0,201.0,167.0,203.0
193.0,196.0,196.0,168.0,158.0
194.0,173.0,210.0,138.0,190.0
213.0,186.0,154.0,172.0,180.0
183.0,172.0,186.0,180.0,171.0
109.0,103.0,108.0,173.0,161.0
160.0,155.0,139.0,113.0,166.0
175.0,162.0,174.0,118.0,143.0
120.0,101.0,103.0,141.0,120.0
96.0,87.0,117.0,149.0,114.0
211.0,167.0,203.0,122.0,214.0
171.0,157.0,158.0,123.0,172.0
187.0,161.0,214.0,186.0,169.0
187.0,158.0,135.0,182.0,170.0
156.0,162.0,122.0,161.0,139.0
144.0,101.0,122.0,134.0,119.0
147.0,141.0,127.0,118.0,117.0
98.0,116.0,132.0,92.0,114.0
136.0,154.0,153.0,80.0,131.0
109.0,111.0,116.0,117.0,132.0
197.0,201.0,162.0,189.0,159.0
134.0,119.0,83.0,167.0,142.0
128.0,89.0,104.0,117.0,131.0
96.0,91.0,107.0,118.0,87.0
138.0,129.0,154.0,175.0,103.0
120.0,170.0,146.0,125.0,151.0
142.0,156.0,207.0,151.0,168.0
139.0,90.0,148.0,143.0,105.0
118.0,155.0,155.0,142.0,152.0
99.0,108.0,128.0,123.0,108.0
141.0,109.0,119.0,127.0,109.0
113.0,112.0,108.0,61.0,84.0
133.0,156.0,117.0,139.0,198.0
148.0,133.0,160.0,113.0,96.0
173.0,146.0,177.0,141.0,155.0
143.0,138.0,143.0,146.0,124.0
198.0,206.0,177.0,144.0,165.0
161.0,165.0,138.0,167.0,178.0
167.0,118.0,120.0,160.0,148.0
147.0,170.0,163.0,117.0,161.0
153.0,139.0,155.0,132.0,130.0
172.0,125.0,152.0,161.0,149.0
129.0,153.0,155.0,143.0,148.0
177.0,144.0,195.0,118.0,194.0
166.0,94.0,185.0,128.0,124.0
164.0,142.0,125.0,123.0,119.0
111.0,103.0,132.0,169.0,81.0
106.0,95.0,128.0,117.0,94.0
183.0,160.0,201.0,165.0,147.0
134.0,145.0,147.0,119.0,94.0
105.0,106.0,127.0,89.0,102.0
207.0,214.0,185.0,163.0,210.0
212.0,211.0,210.0,156.0,205.0
107.0,112.0,115.0,155.0,110.0
170.0,181.0,183.0,147.0,134.0
102.0,120.0,98.0,0.0,134.0
156.0,156.0,109.0,76.0,134.0
95.0,123.0,148.0,145.0,136.0
155.0,182.0,182.0,135.0,136.0
193.0,168.0,181.0,165.0,136.0
144.0,112.0,142.0,133.0,114.0
123.0,101.0,137.0,132.0,146.0
140.0,187.0,181.0,124.0,125.0
172.0,197.0,115.0,118.0,131.0
184.0,187.0,178.0,159.0,154.0
139.0,91.0,111.0,169.0,134.0
155.0,152.0,131.0,154.0,132.0
149.0,106.0,119.0,86.0,117.0
155.0,104.0,132.0,154.0,136.0
134.0,145.0,143.0,122.0,158.0
199.0,193.0,300.0,145.0,183.0
188.0,203.0,300.0,150.0,167.0
164.0,174.0,300.0,154.0,159.0
112.0,97.0,126.0,126.0,99.0
207.0,204.0,177.0,150.0,149.0
161.0,170.0,221.0,167.0,166.0
147.0,145.0,155.0,165.0,160.0
142.0,172.0,189.0,120.0,117.0
156.0,161.0,152.0,161.0,123.0
144.0,138.0,144.0,187.0,104.0
145.0,169.0,123.0,175.0,100.0
194.0,205.0,202.0,148.0,196.0
116.0,122.0,139.0,140.0,123.0
159.0,178.0,124.0,173.0,157.0
138.0,154.0,139.0,125.0,141.0
208.0,207.0,300.0,181.0,192.0
131.0,113.0,136.0,120.0,136.0
121.0,120.0,126.0,110.0,156.0
204.0,224.0,192.0,124.0,155.0
175.0,169.0,161.0,118.0,139.0
200.0,156.0,193.0,168.0,196.0
202.0,300.0,208.0,150.0,193.0
136.0,93.0,173.0,127.0,153.0
119.0,145.0,155.0,160.0,109.0
146.0,163.0,153.0,145.0,162.0
157.0,152.0,174.0,169.0,168.0
156.0,143.0,168.0,117.0,196.0
200.0,194.0,210.0,192.0,185.0
184.0,172.0,113.0,150.0,136.0
195.0,173.0,162.0,142.0,150.0
148.0,107.0,163.0,126.0,148.0
193.0,177.0,185.0,139.0,170.0
118.0,120.0,116.0,121.0,89.0
171.0,155.0,137.0,0.0,137.0
130.0,149.0,120.0,173.0,146.0
187.0,188.0,230.0,170.0,183.0
86.0,95.0,132.0,129.0,124.0
174.0,208.0,172.0,211.0,168.0
140.0,112.0,168.0,87.0,113.0
116.0,135.0,161.0,0.0,97.0
149.0,125.0,149.0,87.0,142.0
170.0,175.0,161.0,161.0,166.0
177.0,168.0,172.0,155.0,133.0
141.0,154.0,168.0,146.0,169.0
187.0,172.0,157.0,164.0,149.0
142.0,82.0,146.0,121.0,143.0
188.0,165.0,214.0,162.0,189.0
169.0,187.0,185.0,160.0,186.0
111.0,119.0,109.0,124.0,111.0
145.0,120.0,129.0,156.0,94.0
120.0,107.0,197.0,121.0,148.0
132.0,129.0,176.0,148.0,140.0
90.0,92.0,111.0,103.0,92.0
135.0,116.0,163.0,122.0,150.0
122.0,135.0,138.0,127.0,139.0
101.0,106.0,121.0,124.0,86.0
135.0,130.0,122.0,102.0,104.0
161.0,189.0,167.0,119.0,193.0
141.0,104.0,125.0,174.0,97.0
166.0,137.0,178.0,120.0,137.0
158.0,169.0,165.0,159.0,171.0
209.0,169.0,196.0,154.0,184.0
119.0,159.0,148.0,124.0,137.0
184.0,175.0,149.0,171.0,99.0
164.0,161.0,160.0,179.0,161.0
165.0,142.0,152.0,137.0,151.0
142.0,158.0,137.0,127.0,128.0
221.0,186.0,300.0,106.0,198.0
153.0,152.0,95.0,133.0,170.0
151.0,175.0,202.0,137.0,143.0
134.0,87.0,138.0,0.0,112.0
107.0,149.0,136.0,161.0,115.0
141.0,126.0,128.0,0.0,144.0
145.0,146.0,95.0,123.0,146.0
204.0,130.0,188.0,133.0,182.0
205.0,209.0,300.0,105.0,190.0
148.0,126.0,103.0,129.0,119.0
175.0,137.0,186.0,127.0,147.0
161.0,120.0,163.0,118.0,174.0
204.0,214.0,216.0,170.0,213.0
142.0,110.0,121.0,153.0,129.0
107.0,161.0,163.0,0.0,92.0
144.0,146.0,127.0,119.0,137.0
144.0,138.0,132.0,158.0,138.0
170.0,140.0,139.0,141.0,187.0
83.0,162.0,171.0,173.0,175.0
144.0,116.0,146.0,176.0,101.0
200.0,187.0,174.0,165.0,163.0
132.0,113.0,121.0,172.0,148.0
103.0,90.0,130.0,114.0,110.0
132.0,135.0,125.0,124.0,126.0
192.0,160.0,153.0,120.0,161.0
135.0,150.0,153.0,124.0,170.0
153.0,145.0,167.0,172.0,136.0
105.0,146.0,151.0,146.0,125.0
136.0,117.0,151.0,120.0,153.0
136.0,117.0,116.0,75.0,165.0
188.0,210.0,214.0,165.0,192.0
191.0,186.0,191.0,151.0,151.0
139.0,141.0,188.0,151.0,134.0
182.0,176.0,195.0,168.0,149.0
217.0,189.0,300.0,167.0,187.0
201.0,173.0,300.0,158.0,216.0
0.0,0.0,0.0,145.0,106.0
133.0,160.0,157.0,160.0,142.0
133.0,141.0,129.0,145.0,142.0
144.0,152.0,149.0,122.0,122.0
161.0,134.0,100.0,119.0,155.0
160.0,154.0,128.0,118.0,115.0
140.0,75.0,152.0,114.0,151.0
132.0,111.0,111.0,113.0,106.0
145.0,140.0,186.0,117.0,152.0
163.0,175.0,191.0,189.0,182.0
180.0,185.0,194.0,111.0,134.0
201.0,199.0,196.0,104.0,219.0
139.0,126.0,154.0,162.0,175.0
199.0,165.0,179.0,122.0,174.0
115.0,129.0,107.0,125.0,129.0
159.0,190.0,190.0,175.0,170.0
146.0,124.0,133.0,102.0,110.0
143.0,113.0,136.0,179.0,139.0
171.0,111.0,136.0,119.0,151.0
171.0,141.0,172.0,125.0,176.0
152.0,182.0,133.0,152.0,148.0
135.0,129.0,113.0,117.0,147.0
185.0,158.0,172.0,168.0,182.0
147.0,124.0,130.0,135.0,129.0
148.0,127.0,146.0,169.0,185.0
167.0,160.0,194.0,180.0,174.0
172.0,192.0,119.0,182.0,187.0
165.0,148.0,161.0,158.0,198.0
174.0,178.0,209.0,163.0,185.0
150.0,121.0,132.0,143.0,136.0
180.0,171.0,169.0,159.0,177.0
154.0,147.0,162.0,151.0,135.0
128.0,109.0,109.0,0.0,134.0
136.0,133.0,152.0,0.0,107.0
131.0,115.0,136.0,114.0,78.0
129.0,113.0,147.0,0.0,131.0
108.0,145.0,115.0,127.0,170.0
168.0,194.0,170.0,0.0,162.0
192.0,213.0,171.0,192.0,174.0
118.0,130.0,142.0,125.0,103.0
169.0,96.0,194.0,157.0,159.0
147.0,121.0,127.0,145.0,133.0
137.0,122.0,131.0,123.0,117.0
100.0,89.0,121.0,118.0,123.0
154.0,151.0,131.0,134.0,149.0
141.0,112.0,138.0,115.0,114.0
185.0,178.0,185.0,201.0,149.0
162.0,133.0,194.0,125.0,161.0
117.0,126.0,118.0,128.0,68.0
180.0,170.0,147.0,174.0,158.0
139.0,151.0,174.0,184.0,117.0
136.0,112.0,127.0,0.0,150.0
168.0,181.0,202.0,161.0,125.0
131.0,109.0,105.0,123.0,129.0
164.0,154.0,190.0,117.0,143.0
178.0,174.0,133.0,0.0,170.0
202.0,197.0,199.0,158.0,167.0
160.0,195.0,153.0,176.0,162.0
144.0,161.0,177.0,164.0,110.0
162.0,167.0,195.0,172.0,169.0
94.0,139.0,106.0,0.0,74.0
128.0,138.0,153.0,150.0,132.0
131.0,84.0,136.0,124.0,120.0
143.0,110.0,136.0,129.0,92.0
135.0,109.0,155.0,121.0,141.0
65.0,121.0,194.0,128.0,127.0
136.0,101.0,130.0,156.0,138.0
187.0,157.0,157.0,151.0,164.0
203.0,181.0,202.0,172.0,221.0
170.0,68.0,84.0,183.0,187.0
75.0,143.0,138.0,142.0,174.0
105.0,139.0,148.0,142.0,126.0
183.0,208.0,193.0,126.0,220.0
109.0,76.0,149.0,0.0,67.0
172.0,193.0,203.0,162.0,146.0
158.0,167.0,161.0,115.0,164.0
127.0,132.0,137.0,125.0,129.0
101.0,131.0,132.0,138.0,103.0
119.0,183.0,130.0,145.0,125.0
139.0,174.0,170.0,177.0,150.0
183.0,193.0,181.0,147.0,147.0
168.0,143.0,143.0,124.0,135.0
132.0,162.0,138.0,0.0,155.0
185.0,190.0,199.0,181.0,205.0
122.0,145.0,167.0,176.0,104.0
154.0,114.0,127.0,128.0,140.0
120.0,121.0,152.0,115.0,146.0
131.0,97.0,143.0,168.0,182.0
187.0,163.0,163.0,0.0,161.0
141.0,182.0,180.0,159.0,159.0
215.0,225.0,230.0,91.0,300.0
131.0,123.0,159.0,126.0,151.0
205.0,173.0,204.0,158.0,143.0
139.0,118.0,136.0,135.0,121.0
154.0,124.0,140.0,122.0,146.0
180.0,162.0,192.0,157.0,150.0
203.0,187.0,160.0,163.0,211.0
162.0,153.0,120.0,184.0,143.0
169.0,137.0,186.0,149.0,159.0
164.0,161.0,178.0,123.0,189.0
119.0,125.0,123.0,0.0,157.0
136.0,112.0,127.0,107.0,128.0
186.0,124.0,156.0,0.0,153.0
124.0,139.0,117.0,159.0,137.0
139.0,99.0,140.0,113.0,94.0
178.0,107.0,138.0,123.0,165.0
198.0,175.0,204.0,172.0,227.0
178.0,197.0,199.0,127.0,143.0
153.0,125.0,144.0,158.0,191.0
166.0,130.0,163.0,160.0,153.0
175.0,194.0,184.0,160.0,197.0
199.0,179.0,193.0,0.0,170.0
142.0,131.0,139.0,148.0,97.0
165.0,115.0,138.0,126.0,139.0
205.0,192.0,183.0,162.0,207.0
143.0,154.0,145.0,144.0,157.0
129.0,157.0,143.0,143.0,110.0
179.0,186.0,191.0,120.0,154.0
156.0,158.0,176.0,158.0,172.0
187.0,152.0,135.0,160.0,174.0
187.0,138.0,180.0,149.0,138.0
176.0,115.0,197.0,120.0,88.0
184.0,174.0,174.0,138.0,167.0
173.0,176.0,202.0,172.0,193.0
140.0,104.0,137.0,150.0,165.0
107.0,104.0,106.0,123.0,89.0
144.0,152.0,161.0,159.0,152.0
138.0,141.0,101.0,154.0,125.0
125.0,116.0,155.0,126.0,163.0
120.0,107.0,124.0,114.0,137.0
158.0,154.0,197.0,181.0,170.0
172.0,154.0,188.0,168.0,157.0
129.0,154.0,149.0,166.0,143.0
164.0,149.0,175.0,154.0,161.0
164.0,142.0,144.0,114.0,110.0
164.0,163.0,193.0,84.0,166.0
182.0,208.0,192.0,173.0,188.0
159.0,181.0,155.0,150.0,129.0
165.0,142.0,160.0,141.0,148.0
99.0,138.0,135.0,118.0,136.0
161.0,143.0,196.0,159.0,156.0
202.0,208.0,184.0,144.0,179.0
139.0,100.0,116.0,0.0,97.0
142.0,123.0,142.0,120.0,150.0
177.0,181.0,157.0,126.0,153.0
139.0,154.0,111.0,128.0,137.0
222.0,214.0,205.0,162.0,198.0
185.0,159.0,172.0,179.0,134.0
176.0,181.0,184.0,156.0,187.0
165.0,155.0,130.0,122.0,159.0
205.0,179.0,180.0,117.0,118.0
205.0,226.0,191.0,174.0,203.0
204.0,172.0,182.0,117.0,185.0
134.0,129.0,158.0,77.0,104.0
182.0,185.0,189.0,167.0,158.0
169.0,176.0,130.0,129.0,161.0
168.0,181.0,161.0,168.0,148.0
152.0,155.0,151.0,121.0,134.0
195.0,146.0,221.0,157.0,191.0
131.0,168.0,129.0,146.0,118.0
189.0,174.0,212.0,124.0,195.0
135.0,126.0,147.0,111.0,115.0
161.0,136.0,156.0,108.0,121.0
152.0,68.0,143.0,145.0,96.0
174.0,140.0,187.0,124.0,175.0
171.0,158.0,172.0,100.0,169.0
143.0,103.0,121.0,160.0,188.0
142.0,190.0,170.0,107.0,163.0
166.0,175.0,198.0,196.0,160.0
155.0,162.0,184.0,122.0,146.0
160.0,146.0,132.0,171.0,119.0
104.0,91.0,175.0,0.0,109.0
145.0,172.0,183.0,138.0,162.0
154.0,104.0,139.0,87.0,130.0
222.0,188.0,193.0,180.0,202.0
171.0,152.0,132.0,163.0,162.0
106.0,108.0,166.0,154.0,131.0
123.0,116.0,119.0,166.0,119.0
191.0,148.0,147.0,137.0,183.0
157.0,173.0,190.0,125.0,170.0
145.0,160.0,124.0,141.0,90.0
137.0,162.0,133.0,168.0,131.0
102.0,124.0,170.0,112.0,115.0
143.0,88.0,215.0,0.0,196.0
144.0,147.0,133.0,115.0,181.0
176.0,149.0,202.0,161.0,193.0
169.0,176.0,154.0,118.0,156.0
109.0,146.0,103.0,0.0,136.0
150.0,131.0,139.0,171.0,81.0
177.0,152.0,163.0,170.0,160.0
161.0,123.0,129.0,151.0,108.0
169.0,154.0,139.0,124.0,149.0
145.0,177.0,172.0,125.0,144.0
137.0,125.0,141.0,122.0,137.0
157.0,167.0,94.0,168.0,136.0
140.0,142.0,132.0,121.0,155.0
160.0,165.0,183.0,165.0,121.0
226.0,222.0,216.0,128.0,211.0
122.0,92.0,117.0,108.0,91.0
84.0,112.0,131.0,147.0,97.0
168.0,199.0,167.0,300.0,196.0
156.0,173.0,216.0,181.0,156.0
152.0,130.0,181.0,130.0,140.0
193.0,192.0,190.0,128.0,214.0
158.0,215.0,173.0,172.0,123.0
186.0,234.0,167.0,164.0,188.0
176.0,136.0,179.0,148.0,156.0
144.0,146.0,138.0,176.0,141.0
171.0,166.0,150.0,187.0,130.0
156.0,122.0,82.0,0.0,191.0
154.0,130.0,117.0,129.0,91.0
147.0,173.0,147.0,128.0,156.0
139.0,120.0,143.0,126.0,132.0
114.0,126.0,128.0,169.0,122.0
118.0,101.0,173.0,120.0,141.0
174.0,188.0,206.0,183.0,151.0
140.0,116.0,158.0,123.0,116.0
171.0,172.0,189.0,165.0,188.0
219.0,193.0,300.0,191.0,185.0
174.0,159.0,137.0,80.0,165.0
168.0,190.0,160.0,122.0,169.0
150.0,146.0,110.0,0.0,147.0
224.0,220.0,169.0,160.0,185.0
129.0,80.0,159.0,129.0,171.0
144.0,190.0,144.0,118.0,148.0
184.0,188.0,116.0,179.0,141.0
127.0,120.0,128.0,124.0,127.0
120.0,161.0,161.0,123.0,153.0
177.0,170.0,138.0,139.0,110.0
166.0,203.0,204.0,154.0,139.0
105.0,84.0,119.0,0.0,138.0
187.0,195.0,187.0,124.0,82.0
164.0,141.0,211.0,119.0,134.0
169.0,128.0,102.0,167.0,126.0
177.0,162.0,151.0,138.0,175.0
162.0,155.0,153.0,146.0,136.0
184.0,191.0,200.0,172.0,192.0
169.0,196.0,158.0,152.0,179.0
183.0,171.0,192.0,159.0,178.0
173.0,187.0,174.0,153.0,175.0
133.0,116.0,114.0,71.0,128.0
181.0,173.0,158.0,166.0,178.0
152.0,144.0,170.0,0.0,200.0
166.0,182.0,191.0,195.0,144.0
194.0,160.0,164.0,0.0,190.0
133.0,117.0,155.0,122.0,146.0
171.0,119.0,144.0,160.0,124.0
155.0,128.0,144.0,108.0,116.0
99.0,131.0,147.0,168.0,111.0
126.0,114.0,117.0,109.0,103.0
101.0,136.0,151.0,117.0,187.0
161.0,148.0,188.0,162.0,186.0
172.0,187.0,300.0,192.0,148.0
117.0,142.0,120.0,121.0,122.0
183.0,156.0,110.0,0.0,172.0
138.0,174.0,154.0,157.0,147.0
151.0,161.0,176.0,98.0,111.0
173.0,144.0,183.0,118.0,110.0
178.0,190.0,158.0,127.0,164.0
182.0,196.0,125.0,132.0,160.0
210.0,187.0,215.0,170.0,199.0
102.0,122.0,130.0,110.0,83.0
157.0,191.0,152.0,114.0,148.0
184.0,160.0,175.0,153.0,179.0
199.0,179.0,225.0,124.0,149.0
157.0,190.0,156.0,114.0,140.0
207.0,204.0,185.0,172.0,192.0
171.0,150.0,177.0,134.0,148.0
204.0,187.0,300.0,126.0,201.0
140.0,136.0,128.0,169.0,120.0
138.0,153.0,153.0,126.0,117.0
175.0,129.0,182.0,126.0,154.0
164.0,161.0,159.0,116.0,157.0
163.0,162.0,153.0,117.0,156.0
157.0,174.0,212.0,152.0,137.0
142.0,119.0,131.0,144.0,106.0
174.0,177.0,300.0,182.0,209.0
172.0,166.0,166.0,122.0,187.0
138.0,151.0,99.0,135.0,133.0
147.0,139.0,125.0,139.0,132.0
141.0,134.0,113.0,120.0,125.0
157.0,118.0,195.0,167.0,137.0
134.0,116.0,103.0,0.0,72.0
110.0,96.0,114.0,118.0,73.0
174.0,120.0,114.0,118.0,126.0
172.0,176.0,169.0,172.0,167.0
91.0,109.0,82.0,113.0,107.0
130.0,154.0,123.0,127.0,120.0
127.0,142.0,137.0,0.0,119.0
162.0,185.0,179.0,167.0,123.0
162.0,201.0,181.0,114.0,159.0
145.0,89.0,128.0,166.0,155.0
154.0,172.0,149.0,159.0,173.0
193.0,179.0,200.0,132.0,140.0
108.0,104.0,109.0,119.0,118.0
166.0,101.0,129.0,169.0,161.0
213.0,158.0,196.0,185.0,200.0
212.0,214.0,197.0,150.0,204.0
109.0,146.0,98.0,0.0,122.0
151.0,120.0,114.0,166.0,124.0
147.0,170.0,148.0,163.0,158.0
160.0,126.0,143.0,165.0,155.0
146.0,119.0,163.0,151.0,120.0
151.0,123.0,94.0,151.0,149.0
133.0,143.0,103.0,115.0,156.0
102.0,117.0,141.0,111.0,150.0
130.0,115.0,200.0,127.0,211.0
124.0,119.0,165.0,156.0,112.0
178.0,177.0,223.0,128.0,115.0
114.0,85.0,128.0,156.0,100.0
198.0,197.0,192.0,128.0,168.0
154.0,140.0,136.0,157.0,132.0
164.0,142.0,173.0,191.0,123.0
132.0,154.0,145.0,152.0,144.0
137.0,130.0,123.0,118.0,118.0
152.0,140.0,141.0,131.0,96.0
117.0,82.0,77.0,0.0,134.0
150.0,115.0,106.0,122.0,120.0
123.0,104.0,140.0,137.0,114.0
111.0,145.0,100.0,157.0,121.0
172.0,164.0,126.0,160.0,132.0
180.0,187.0,164.0,119.0,215.0
145.0,127.0,120.0,134.0,139.0
173.0,184.0,195.0,167.0,136.0
160.0,164.0,170.0,125.0,166.0
112.0,122.0,174.0,129.0,150.0
108.0,101.0,205.0,0.0,98.0
173.0,176.0,200.0,112.0,153.0
179.0,187.0,155.0,131.0,172.0
111.0,122.0,155.0,155.0,144.0
152.0,124.0,168.0,158.0,176.0
146.0,148.0,149.0,112.0,162.0
141.0,159.0,123.0,124.0,104.0
156.0,162.0,162.0,170.0,141.0
104.0,89.0,149.0,137.0,133.0
142.0,156.0,176.0,0.0,189.0
184.0,152.0,179.0,120.0,168.0
153.0,154.0,125.0,160.0,143.0
163.0,105.0,106.0,0.0,133.0
166.0,149.0,154.0,129.0,186.0
154.0,107.0,154.0,131.0,140.0
170.0,123.0,147.0,122.0,110.0
165.0,153.0,118.0,0.0,130.0
104.0,83.0,111.0,130.0,101.0
138.0,160.0,167.0,121.0,90.0
103.0,122.0,133.0,83.0,115.0
171.0,187.0,168.0,110.0,130.0
180.0,167.0,170.0,121.0,135.0
184.0,131.0,163.0,147.0,161.0
166.0,117.0,116.0,132.0,152.0
181.0,209.0,156.0,153.0,149.0
181.0,152.0,202.0,163.0,189.0
164.0,155.0,173.0,159.0,196.0
162.0,143.0,142.0,128.0,145.0
131.0,149.0,199.0,178.0,150.0
185.0,194.0,192.0,133.0,197.0
158.0,170.0,152.0,134.0,172.0
189.0,172.0,163.0,168.0,195.0
164.0,98.0,102.0,127.0,97.0
92.0,100.0,144.0,125.0,74.0
157.0,77.0,190.0,175.0,110.0
165.0,150.0,158.0,163.0,147.0
164.0,157.0,126.0,152.0,180.0
90.0,93.0,111.0,0.0,75.0
120.0,116.0,141.0,119.0,155.0
205.0,203.0,176.0,115.0,139.0
146.0,123.0,151.0,189.0,196.0
114.0,95.0,119.0,125.0,123.0
166.0,167.0,157.0,175.0,156.0
103.0,93.0,111.0,0.0,82.0
111.0,143.0,158.0,0.0,123.0
155.0,155.0,137.0,101.0,138.0
144.0,126.0,150.0,150.0,157.0
126.0,143.0,155.0,77.0,132.0
155.0,155.0,131.0,117.0,118.0
135.0,137.0,137.0,132.0,150.0
155.0,136.0,150.0,166.0,154.0
145.0,112.0,101.0,175.0,129.0
170.0,144.0,117.0,109.0,141.0
169.0,157.0,209.0,168.0,124.0
130.0,163.0,160.0,0.0,161.0
151.0,134.0,152.0,146.0,156.0
106.0,128.0,146.0,0.0,121.0
166.0,139.0,167.0,180.0,149.0
118.0,137.0,135.0,0.0,92.0
134.0,129.0,183.0,108.0,123.0
161.0,85.0,117.0,0.0,125.0
146.0,114.0,127.0,158.0,128.0
159.0,184.0,190.0,148.0,188.0
203.0,203.0,190.0,194.0,172.0
108.0,90.0,145.0,137.0,148.0
141.0,116.0,116.0,0.0,121.0
159.0,157.0,139.0,128.0,139.0
137.0,154.0,162.0,150.0,140.0
137.0,146.0,135.0,81.0,126.0
159.0,149.0,181.0,154.0,147.0
125.0,123.0,130.0,131.0,171.0
176.0,171.0,124.0,182.0,177.0
203.0,155.0,192.0,154.0,132.0
182.0,232.0,183.0,164.0,181.0
145.0,188.0,202.0,170.0,194.0
136.0,134.0,157.0,148.0,154.0
175.0,214.0,130.0,155.0,162.0
211.0,193.0,191.0,147.0,214.0
115.0,109.0,164.0,115.0,125.0
202.0,164.0,201.0,162.0,158.0
146.0,148.0,105.0,176.0,122.0
143.0,185.0,173.0,128.0,151.0
157.0,191.0,158.0,148.0,124.0
169.0,186.0,132.0,166.0,162.0
151.0,99.0,111.0,88.0,159.0
145.0,146.0,124.0,140.0,155.0
166.0,143.0,133.0,129.0,156.0
93.0,109.0,126.0,109.0,135.0
129.0,136.0,137.0,159.0,120.0
107.0,134.0,130.0,124.0,111.0
113.0,100.0,110.0,122.0,105.0
153.0,91.0,182.0,180.0,109.0
174.0,143.0,113.0,142.0,143.0
149.0,186.0,156.0,152.0,136.0
169.0,167.0,149.0,138.0,185.0
138.0,123.0,129.0,169.0,131.0
155.0,127.0,133.0,158.0,137.0
180.0,139.0,175.0,157.0,144.0
147.0,154.0,177.0,168.0,141.0
171.0,130.0,134.0,127.0,135.0
121.0,116.0,153.0,117.0,174.0
122.0,137.0,152.0,175.0,114.0
123.0,140.0,156.0,118.0,112.0
133.0,130.0,114.0,132.0,110.0
169.0,189.0,179.0,183.0,183.0
167.0,214.0,160.0,147.0,189.0
218.0,183.0,200.0,170.0,226.0
116.0,111.0,126.0,132.0,115.0
171.0,129.0,186.0,122.0,160.0
158.0,161.0,138.0,158.0,122.0
140.0,108.0,108.0,131.0,152.0
153.0,146.0,146.0,0.0,147.0
135.0,136.0,133.0,0.0,120.0
160.0,182.0,202.0,161.0,147.0
193.0,181.0,208.0,175.0,152.0
163.0,131.0,116.0,0.0,142.0
103.0,83.0,101.0,74.0,81.0
139.0,133.0,119.0,153.0,133.0
153.0,114.0,121.0,119.0,111.0
133.0,143.0,120.0,74.0,165.0
118.0,153.0,160.0,119.0,151.0
174.0,198.0,209.0,198.0,176.0
150.0,141.0,137.0,117.0,86.0
201.0,204.0,224.0,175.0,178.0
163.0,161.0,152.0,147.0,163.0
142.0,138.0,156.0,155.0,99.0
137.0,96.0,129.0,112.0,69.0
190.0,172.0,107.0,154.0,116.0
149.0,133.0,128.0,162.0,175.0
101.0,113.0,115.0,159.0,101.0
159.0,116.0,157.0,0.0,155.0
193.0,187.0,190.0,119.0,171.0
140.0,129.0,168.0,122.0,130.0
102.0,119.0,188.0,146.0,137.0
152.0,121.0,168.0,103.0,186.0
186.0,177.0,164.0,159.0,128.0
150.0,138.0,165.0,150.0,169.0
137.0,98.0,149.0,0.0,146.0
209.0,179.0,201.0,155.0,158.0
154.0,154.0,117.0,111.0,134.0
132.0,93.0,167.0,0.0,108.0
127.0,101.0,144.0,128.0,111.0
155.0,155.0,104.0,177.0,145.0
183.0,180.0,189.0,122.0,191.0
107.0,95.0,126.0,140.0,99.0
160.0,128.0,153.0,124.0,99.0
164.0,161.0,144.0,175.0,114.0
217.0,210.0,300.0,188.0,178.0
146.0,152.0,160.0,166.0,173.0
216.0,206.0,229.0,148.0,300.0
165.0,151.0,159.0,133.0,137.0
121.0,96.0,127.0,0.0,101.0
151.0,158.0,102.0,162.0,118.0
144.0,183.0,169.0,126.0,124.0
131.0,146.0,141.0,98.0,135.0
167.0,162.0,166.0,126.0,187.0
177.0,112.0,166.0,130.0,152.0
185.0,190.0,172.0,148.0,60.0
300.0,195.0,204.0,170.0,182.0
164.0,158.0,109.0,124.0,124.0
139.0,138.0,152.0,126.0,115.0
102.0,70.0,111.0,0.0,103.0
180.0,182.0,178.0,129.0,206.0
150.0,114.0,164.0,179.0,134.0
134.0,145.0,165.0,151.0,163.0
174.0,175.0,170.0,174.0,193.0
180.0,144.0,81.0,122.0,139.0
111.0,124.0,155.0,176.0,138.0
147.0,103.0,159.0,158.0,108.0
112.0,125.0,121.0,150.0,118.0
144.0,194.0,215.0,165.0,184.0
172.0,184.0,155.0,117.0,156.0
156.0,166.0,157.0,168.0,161.0
125.0,113.0,170.0,118.0,114.0
209.0,191.0,207.0,120.0,194.0
165.0,142.0,169.0,83.0,136.0
140.0,163.0,178.0,152.0,93.0
158.0,170.0,142.0,124.0,117.0
171.0,95.0,155.0,154.0,183.0
139.0,127.0,139.0,161.0,154.0
81.0,106.0,125.0,113.0,98.0
171.0,149.0,170.0,125.0,130.0
130.0,115.0,110.0,120.0,151.0
139.0,91.0,124.0,167.0,123.0
177.0,161.0,147.0,162.0,131.0
119.0,135.0,136.0,114.0,113.0
205.0,222.0,203.0,96.0,195.0
135.0,181.0,183.0,159.0,123.0
170.0,161.0,133.0,169.0,188.0
113.0,103.0,143.0,127.0,108.0
152.0,135.0,167.0,177.0,94.0
98.0,100.0,192.0,152.0,208.0
165.0,134.0,155.0,118.0,165.0
202.0,200.0,204.0,131.0,162.0
189.0,169.0,110.0,133.0,160.0
189.0,151.0,160.0,122.0,188.0
116.0,106.0,157.0,115.0,116.0
130.0,146.0,164.0,161.0,169.0
99.0,81.0,130.0,142.0,131.0
186.0,173.0,169.0,166.0,158.0
150.0,180.0,155.0,112.0,172.0
161.0,176.0,183.0,168.0,175.0
165.0,142.0,127.0,128.0,116.0
177.0,167.0,186.0,147.0,187.0
182.0,144.0,215.0,189.0,194.0
141.0,95.0,122.0,115.0,116.0
121.0,143.0,138.0,99.0,121.0
169.0,152.0,163.0,138.0,151.0
178.0,168.0,148.0,176.0,151.0
197.0,177.0,147.0,116.0,190.0
163.0,148.0,144.0,159.0,149.0
116.0,101.0,141.0,120.0,95.0
129.0,140.0,141.0,0.0,143.0
145.0,147.0,154.0,172.0,139.0
166.0,123.0,189.0,114.0,172.0
124.0,163.0,134.0,90.0,136.0
152.0,156.0,152.0,172.0,179.0
157.0,171.0,158.0,175.0,157.0
109.0,85.0,156.0,0.0,73.0
152.0,133.0,155.0,109.0,132.0
113.0,95.0,151.0,0.0,171.0
164.0,143.0,135.0,113.0,115.0
216.0,194.0,300.0,165.0,183.0
134.0,97.0,125.0,108.0,139.0
162.0,181.0,153.0,156.0,161.0
100.0,114.0,178.0,170.0,184.0
174.0,125.0,174.0,180.0,171.0
130.0,100.0,115.0,110.0,109.0
175.0,197.0,151.0,186.0,120.0
127.0,128.0,130.0,126.0,187.0
148.0,153.0,146.0,145.0,110.0
234.0,207.0,216.0,117.0,171.0
101.0,84.0,180.0,127.0,185.0
192.0,182.0,160.0,147.0,179.0
192.0,178.0,223.0,118.0,178.0
188.0,196.0,145.0,169.0,103.0
139.0,128.0,94.0,178.0,143.0
161.0,139.0,124.0,125.0,116.0
164.0,173.0,139.0,155.0,155.0
143.0,137.0,166.0,128.0,109.0
125.0,152.0,156.0,170.0,137.0
167.0,192.0,160.0,178.0,156.0
139.0,161.0,129.0,130.0,162.0
144.0,117.0,135.0,104.0,125.0
138.0,156.0,149.0,132.0,137.0
177.0,127.0,161.0,158.0,144.0
197.0,172.0,179.0,150.0,179.0
212.0,198.0,179.0,123.0,145.0
185.0,191.0,146.0,165.0,130.0
149.0,91.0,83.0,0.0,80.0
166.0,151.0,148.0,126.0,94.0
104.0,96.0,130.0,141.0,100.0
90.0,125.0,152.0,143.0,114.0
125.0,101.0,105.0,149.0,106.0
164.0,175.0,200.0,184.0,194.0
138.0,148.0,149.0,120.0,149.0
147.0,155.0,170.0,123.0,134.0
121.0,85.0,170.0,118.0,111.0
166.0,127.0,146.0,105.0,139.0
205.0,193.0,197.0,151.0,183.0
138.0,118.0,152.0,123.0,88.0
141.0,112.0,137.0,181.0,121.0
145.0,137.0,175.0,164.0,67.0
106.0,77.0,112.0,172.0,116.0
185.0,198.0,178.0,150.0,154.0
143.0,167.0,142.0,119.0,124.0
153.0,176.0,133.0,142.0,129.0
118.0,130.0,141.0,122.0,145.0
172.0,101.0,166.0,157.0,168.0
132.0,116.0,113.0,169.0,145.0
120.0,139.0,127.0,171.0,123.0
199.0,172.0,174.0,156.0,153.0
158.0,154.0,133.0,150.0,114.0
155.0,139.0,124.0,130.0,134.0
122.0,101.0,145.0,113.0,215.0
139.0,126.0,148.0,110.0,161.0
162.0,149.0,156.0,160.0,177.0
136.0,96.0,89.0,150.0,128.0
172.0,116.0,169.0,0.0,175.0
163.0,131.0,191.0,165.0,120.0
170.0,161.0,158.0,110.0,133.0
118.0,141.0,129.0,147.0,96.0
168.0,169.0,148.0,155.0,165.0
133.0,90.0,181.0,176.0,121.0
173.0,172.0,136.0,142.0,146.0
151.0,157.0,161.0,149.0,180.0
168.0,133.0,148.0,125.0,161.0
126.0,93.0,146.0,123.0,156.0
131.0,106.0,121.0,138.0,133.0
152.0,135.0,147.0,197.0,102.0
93.0,95.0,154.0,172.0,176.0
204.0,178.0,200.0,179.0,211.0
160.0,169.0,166.0,134.0,164.0
200.0,139.0,179.0,158.0,210.0
171.0,141.0,147.0,170.0,159.0
171.0,118.0,166.0,119.0,187.0
170.0,182.0,158.0,0.0,160.0
141.0,78.0,156.0,134.0,110.0
173.0,197.0,183.0,128.0,196.0
174.0,180.0,187.0,114.0,123.0
141.0,128.0,138.0,164.0,119.0
193.0,186.0,172.0,169.0,188.0
189.0,193.0,300.0,163.0,214.0
164.0,137.0,155.0,105.0,107.0
117.0,75.0,147.0,142.0,112.0
172.0,170.0,176.0,175.0,153.0
182.0,164.0,156.0,169.0,178.0
199.0,196.0,202.0,150.0,190.0
75.0,82.0,199.0,147.0,154.0
126.0,110.0,152.0,114.0,105.0
160.0,143.0,164.0,199.0,181.0
130.0,139.0,162.0,132.0,143.0
113.0,91.0,138.0,130.0,108.0
164.0,158.0,157.0,300.0,145.0
127.0,127.0,114.0,114.0,126.0
121.0,96.0,159.0,127.0,163.0
161.0,192.0,142.0,140.0,155.0
157.0,109.0,124.0,131.0,137.0
118.0,136.0,98.0,177.0,130.0
151.0,156.0,162.0,155.0,160.0
151.0,173.0,201.0,143.0,129.0
150.0,132.0,163.0,113.0,137.0
106.0,105.0,113.0,0.0,99.0
156.0,109.0,148.0,140.0,123.0
101.0,98.0,145.0,132.0,76.0
107.0,143.0,143.0,155.0,145.0
171.0,135.0,158.0,175.0,144.0
184.0,194.0,167.0,125.0,103.0
218.0,189.0,300.0,300.0,156.0
134.0,132.0,147.0,162.0,130.0
131.0,107.0,160.0,0.0,205.0
204.0,190.0,185.0,169.0,210.0
90.0,79.0,125.0,166.0,95.0
113.0,114.0,132.0,143.0,118.0
189.0,186.0,193.0,117.0,160.0
129.0,155.0,156.0,140.0,155.0
107.0,187.0,165.0,97.0,111.0
134.0,166.0,194.0,155.0,153.0
138.0,157.0,182.0,126.0,194.0
157.0,162.0,142.0,176.0,142.0
180.0,142.0,206.0,117.0,153.0
181.0,171.0,146.0,166.0,137.0
182.0,149.0,147.0,185.0,144.0
184.0,174.0,151.0,176.0,140.0
200.0,192.0,207.0,175.0,175.0
99.0,116.0,135.0,111.0,138.0
170.0,153.0,127.0,149.0,170.0
199.0,174.0,177.0,161.0,192.0
167.0,158.0,133.0,154.0,146.0
153.0,120.0,153.0,161.0,120.0
141.0,145.0,150.0,156.0,175.0
162.0,166.0,154.0,160.0,113.0
194.0,183.0,203.0,166.0,159.0
165.0,125.0,128.0,122.0,127.0
161.0,164.0,129.0,0.0,162.0
127.0,141.0,147.0,189.0,96.0
148.0,136.0,179.0,175.0,162.0
150.0,155.0,146.0,89.0,145.0
156.0,143.0,166.0,117.0,136.0
164.0,133.0,120.0,155.0,110.0
106.0,109.0,121.0,161.0,106.0
190.0,168.0,155.0,164.0,180.0
152.0,133.0,110.0,169.0,94.0
138.0,153.0,154.0,115.0,119.0
127.0,112.0,84.0,126.0,137.0
130.0,151.0,148.0,162.0,113.0
186.0,202.0,158.0,111.0,177.0
148.0,146.0,150.0,145.0,125.0
209.0,195.0,202.0,151.0,178.0
161.0,166.0,118.0,133.0,115.0
158.0,170.0,171.0,110.0,167.0
145.0,167.0,116.0,168.0,142.0
156.0,162.0,117.0,188.0,124.0
141.0,161.0,130.0,0.0,167.0
132.0,103.0,137.0,0.0,130.0
153.0,125.0,101.0,172.0,189.0
157.0,143.0,136.0,174.0,162.0
181.0,206.0,127.0,146.0,205.0
157.0,123.0,126.0,0.0,141.0
161.0,143.0,145.0,174.0,128.0
170.0,168.0,198.0,131.0,160.0
188.0,178.0,195.0,170.0,185.0
149.0,151.0,160.0,71.0,147.0
186.0,174.0,128.0,172.0,71.0
135.0,108.0,138.0,122.0,121.0
99.0,126.0,144.0,119.0,100.0
86.0,86.0,99.0,149.0,75.0
142.0,123.0,172.0,172.0,94.0
121.0,103.0,151.0,182.0,146.0
139.0,117.0,128.0,0.0,92.0
149.0,156.0,162.0,161.0,164.0
137.0,132.0,138.0,124.0,143.0
131.0,99.0,141.0,129.0,118.0
183.0,205.0,209.0,166.0,164.0
179.0,173.0,195.0,164.0,215.0
146.0,123.0,182.0,167.0,141.0
169.0,161.0,141.0,83.0,158.0
200.0,184.0,185.0,190.0,190.0
180.0,173.0,137.0,143.0,131.0
156.0,125.0,165.0,89.0,142.0
138.0,143.0,138.0,127.0,128.0
189.0,135.0,181.0,129.0,151.0
170.0,125.0,111.0,142.0,112.0
153.0,157.0,195.0,170.0,167.0
146.0,128.0,144.0,119.0,121.0
147.0,150.0,184.0,115.0,161.0
168.0,149.0,141.0,167.0,112.0
131.0,102.0,155.0,116.0,161.0
196.0,178.0,211.0,188.0,175.0
174.0,196.0,167.0,126.0,183.0
184.0,210.0,214.0,130.0,187.0
135.0,101.0,159.0,150.0,103.0
165.0,169.0,157.0,154.0,118.0
121.0,102.0,155.0,105.0,81.0
151.0,173.0,138.0,118.0,104.0
148.0,131.0,126.0,150.0,137.0
128.0,140.0,169.0,151.0,135.0
125.0,130.0,116.0,172.0,144.0
120.0,112.0,110.0,152.0,119.0
156.0,121.0,187.0,171.0,137.0
211.0,223.0,172.0,174.0,148.0
138.0,166.0,173.0,160.0,133.0
111.0,118.0,156.0,111.0,97.0
111.0,99.0,123.0,163.0,108.0
160.0,183.0,176.0,81.0,194.0
132.0,171.0,137.0,0.0,109.0
133.0,123.0,164.0,173.0,122.0
150.0,84.0,160.0,117.0,141.0
165.0,189.0,160.0,99.0,143.0
164.0,95.0,135.0,177.0,155.0
174.0,172.0,194.0,93.0,164.0
151.0,132.0,112.0,109.0,105.0
172.0,186.0,150.0,148.0,166.0
195.0,195.0,198.0,150.0,201.0
140.0,148.0,147.0,115.0,91.0
147.0,127.0,157.0,123.0,127.0
158.0,138.0,159.0,168.0,119.0
124.0,117.0,105.0,0.0,122.0
141.0,130.0,162.0,126.0,163.0
212.0,197.0,214.0,166.0,206.0
137.0,106.0,135.0,113.0,108.0
145.0,130.0,117.0,104.0,117.0
180.0,161.0,180.0,120.0,143.0
153.0,132.0,147.0,123.0,113.0
144.0,124.0,112.0,132.0,118.0
161.0,180.0,215.0,180.0,196.0
148.0,143.0,152.0,121.0,134.0
120.0,99.0,142.0,124.0,121.0
134.0,147.0,133.0,134.0,144.0
140.0,130.0,158.0,151.0,140.0
164.0,112.0,179.0,153.0,129.0
178.0,177.0,144.0,114.0,115.0
200.0,187.0,197.0,159.0,139.0
171.0,184.0,204.0,0.0,193.0
202.0,210.0,209.0,168.0,177.0
155.0,112.0,126.0,177.0,140.0
151.0,155.0,177.0,132.0,155.0
135.0,123.0,130.0,167.0,129.0
110.0,89.0,125.0,146.0,89.0
137.0,112.0,121.0,109.0,92.0
111.0,109.0,107.0,163.0,86.0
93.0,89.0,135.0,155.0,144.0
209.0,192.0,200.0,170.0,173.0
184.0,221.0,159.0,162.0,138.0
139.0,176.0,144.0,132.0,151.0
147.0,134.0,161.0,145.0,129.0
182.0,178.0,154.0,192.0,143.0
202.0,183.0,300.0,110.0,176.0
100.0,115.0,112.0,148.0,99.0
141.0,109.0,158.0,130.0,98.0
213.0,212.0,220.0,165.0,199.0
140.0,139.0,116.0,96.0,128.0
141.0,191.0,163.0,157.0,154.0
176.0,136.0,162.0,120.0,155.0
127.0,127.0,140.0,128.0,115.0
168.0,155.0,182.0,143.0,151.0
177.0,180.0,193.0,154.0,134.0
162.0,126.0,143.0,159.0,142.0
205.0,208.0,180.0,182.0,161.0
181.0,200.0,213.0,180.0,300.0
130.0,134.0,134.0,118.0,138.0
137.0,144.0,144.0,175.0,135.0
166.0,142.0,160.0,125.0,155.0
172.0,181.0,162.0,167.0,156.0
134.0,131.0,149.0,113.0,133.0
152.0,136.0,151.0,0.0,128.0
194.0,205.0,146.0,167.0,134.0
151.0,194.0,159.0,170.0,168.0
127.0,113.0,134.0,163.0,135.0
140.0,183.0,169.0,126.0,156.0
144.0,127.0,150.0,157.0,143.0
166.0,129.0,165.0,167.0,185.0
193.0,193.0,210.0,173.0,159.0
114.0,98.0,121.0,120.0,100.0
160.0,204.0,197.0,172.0,127.0
145.0,94.0,116.0,155.0,112.0
165.0,151.0,131.0,181.0,181.0
170.0,200.0,179.0,155.0,148.0
155.0,111.0,132.0,121.0,109.0
116.0,153.0,172.0,95.0,128.0
165.0,173.0,137.0,156.0,218.0
194.0,187.0,143.0,158.0,152.0
110.0,108.0,113.0,88.0,90.0
121.0,90.0,168.0,182.0,211.0
187.0,188.0,171.0,115.0,167.0
171.0,114.0,146.0,156.0,119.0
144.0,142.0,139.0,131.0,161.0
142.0,173.0,151.0,144.0,163.0
108.0,97.0,124.0,127.0,110.0
162.0,140.0,140.0,153.0,108.0
185.0,161.0,203.0,189.0,178.0
188.0,169.0,204.0,151.0,110.0
145.0,166.0,150.0,172.0,109.0
180.0,171.0,191.0,300.0,171.0
159.0,152.0,201.0,183.0,149.0
97.0,108.0,125.0,131.0,103.0
158.0,201.0,183.0,186.0,164.0
146.0,147.0,154.0,118.0,113.0
155.0,138.0,158.0,127.0,140.0
176.0,177.0,168.0,173.0,131.0
204.0,158.0,208.0,181.0,186.0
215.0,72.0,182.0,153.0,201.0
164.0,160.0,161.0,159.0,177.0
120.0,147.0,147.0,151.0,112.0
176.0,166.0,178.0,130.0,118.0
183.0,202.0,181.0,146.0,149.0
114.0,111.0,180.0,140.0,151.0
146.0,175.0,144.0,92.0,144.0
143.0,173.0,180.0,138.0,185.0
166.0,170.0,166.0,154.0,215.0
172.0,154.0,183.0,127.0,147.0
121.0,114.0,155.0,119.0,129.0
159.0,126.0,132.0,123.0,92.0
135.0,123.0,169.0,137.0,139.0
145.0,129.0,148.0,118.0,124.0
111.0,118.0,108.0,154.0,112.0
206.0,206.0,221.0,151.0,181.0
187.0,208.0,193.0,186.0,196.0
125.0,144.0,143.0,0.0,173.0
159.0,171.0,162.0,111.0,194.0
158.0,172.0,149.0,135.0,126.0
189.0,170.0,138.0,140.0,129.0
188.0,189.0,166.0,130.0,161.0
214.0,196.0,225.0,300.0,177.0
139.0,179.0,147.0,0.0,91.0
145.0,121.0,143.0,184.0,144.0
126.0,94.0,112.0,167.0,106.0
157.0,141.0,169.0,175.0,155.0
106.0,117.0,101.0,131.0,109.0
112.0,109.0,129.0,149.0,129.0
125.0,134.0,106.0,0.0,103.0
166.0,128.0,114.0,166.0,127.0
186.0,163.0,180.0,162.0,161.0
118.0,124.0,143.0,88.0,106.0
178.0,175.0,170.0,172.0,154.0
226.0,185.0,194.0,170.0,204.0
181.0,136.0,151.0,153.0,125.0
188.0,186.0,209.0,168.0,161.0
140.0,124.0,192.0,118.0,146.0
146.0,175.0,128.0,124.0,108.0
152.0,174.0,198.0,157.0,175.0
183.0,177.0,168.0,178.0,156.0
170.0,175.0,165.0,163.0,176.0
151.0,103.0,211.0,118.0,140.0
163.0,156.0,149.0,150.0,138.0
115.0,134.0,160.0,132.0,153.0
182.0,166.0,207.0,177.0,165.0
176.0,111.0,164.0,128.0,176.0
167.0,154.0,157.0,157.0,117.0
152.0,176.0,181.0,94.0,156.0
117.0,131.0,143.0,111.0,136.0
143.0,170.0,186.0,128.0,151.0
151.0,77.0,144.0,163.0,155.0
173.0,176.0,165.0,0.0,188.0
176.0,170.0,166.0,163.0,157.0
166.0,131.0,176.0,181.0,193.0
160.0,187.0,175.0,177.0,180.0
139.0,121.0,118.0,0.0,125.0
180.0,168.0,186.0,169.0,166.0
157.0,159.0,170.0,157.0,168.0
121.0,115.0,106.0,134.0,115.0
155.0,156.0,148.0,131.0,192.0
108.0,131.0,138.0,113.0,137.0
172.0,162.0,138.0,133.0,142.0
137.0,183.0,172.0,188.0,166.0
215.0,204.0,207.0,149.0,191.0
139.0,126.0,113.0,157.0,112.0
152.0,148.0,144.0,146.0,165.0
114.0,141.0,132.0,167.0,102.0
161.0,108.0,159.0,137.0,162.0
153.0,169.0,138.0,135.0,154.0
127.0,155.0,129.0,108.0,88.0
170.0,165.0,173.0,141.0,143.0
192.0,185.0,184.0,79.0,194.0
162.0,185.0,168.0,118.0,171.0
202.0,178.0,166.0,125.0,156.0
155.0,145.0,167.0,127.0,142.0
210.0,203.0,300.0,170.0,206.0
177.0,189.0,185.0,130.0,178.0
190.0,180.0,201.0,153.0,160.0
100.0,88.0,127.0,0.0,108.0
155.0,137.0,132.0,164.0,88.0
169.0,145.0,148.0,149.0,148.0
139.0,122.0,140.0,157.0,146.0
147.0,129.0,144.0,0.0,132.0
182.0,152.0,171.0,130.0,168.0
103.0,93.0,107.0,116.0,66.0
172.0,180.0,200.0,164.0,148.0
159.0,169.0,190.0,127.0,148.0
110.0,114.0,166.0,129.0,124.0
180.0,146.0,177.0,153.0,142.0
124.0,155.0,178.0,172.0,135.0
123.0,139.0,139.0,113.0,123.0
160.0,197.0,151.0,145.0,132.0
187.0,186.0,164.0,169.0,114.0
131.0,140.0,180.0,141.0,139.0
154.0,153.0,147.0,157.0,114.0
144.0,115.0,143.0,116.0,123.0
137.0,108.0,127.0,113.0,127.0
171.0,176.0,149.0,165.0,137.0
161.0,131.0,196.0,177.0,138.0
109.0,122.0,104.0,135.0,92.0
196.0,202.0,223.0,176.0,158.0
104.0,86.0,136.0,166.0,147.0
157.0,176.0,179.0,151.0,130.0
90.0,102.0,141.0,96.0,107.0
213.0,192.0,218.0,182.0,173.0
140.0,123.0,120.0,115.0,123.0
206.0,193.0,189.0,161.0,185.0
180.0,169.0,300.0,148.0,205.0
129.0,81.0,138.0,121.0,170.0
142.0,98.0,131.0,157.0,113.0
94.0,122.0,212.0,148.0,158.0
139.0,153.0,144.0,175.0,156.0
134.0,143.0,82.0,117.0,171.0
109.0,92.0,134.0,124.0,103.0
148.0,135.0,133.0,124.0,154.0
135.0,112.0,102.0,109.0,92.0
119.0,147.0,199.0,114.0,158.0
152.0,137.0,155.0,169.0,147.0
192.0,162.0,214.0,158.0,138.0
122.0,153.0,131.0,0.0,157.0
156.0,132.0,119.0,151.0,149.0
159.0,143.0,161.0,174.0,178.0
98.0,95.0,134.0,0.0,95.0
188.0,150.0,191.0,157.0,162.0
115.0,151.0,114.0,146.0,109.0
183.0,155.0,158.0,148.0,153.0
162.0,190.0,165.0,153.0,141.0
180.0,164.0,130.0,108.0,132.0
155.0,138.0,168.0,153.0,124.0
181.0,157.0,158.0,167.0,194.0
175.0,195.0,209.0,138.0,178.0
190.0,179.0,158.0,191.0,191.0
167.0,158.0,168.0,117.0,152.0
173.0,168.0,198.0,160.0,171.0
163.0,186.0,163.0,171.0,171.0
129.0,149.0,167.0,155.0,165.0
112.0,107.0,139.0,173.0,109.0
176.0,81.0,168.0,153.0,159.0
174.0,189.0,179.0,121.0,194.0
130.0,111.0,146.0,130.0,93.0
151.0,162.0,155.0,118.0,151.0
182.0,111.0,160.0,116.0,160.0
182.0,136.0,128.0,126.0,174.0
189.0,221.0,182.0,155.0,145.0
130.0,145.0,157.0,121.0,165.0
134.0,132.0,143.0,163.0,138.0
117.0,121.0,129.0,124.0,155.0
163.0,169.0,183.0,180.0,166.0
169.0,181.0,154.0,143.0,165.0
201.0,174.0,167.0,168.0,159.0
141.0,144.0,138.0,121.0,135.0
147.0,121.0,153.0,154.0,163.0
161.0,163.0,183.0,148.0,143.0
201.0,155.0,168.0,0.0,183.0
169.0,168.0,196.0,123.0,139.0
193.0,169.0,163.0,149.0,150.0
167.0,147.0,194.0,125.0,167.0
192.0,180.0,187.0,159.0,187.0
189.0,171.0,144.0,168.0,151.0
149.0,169.0,154.0,179.0,172.0
179.0,171.0,161.0,118.0,145.0
181.0,189.0,183.0,175.0,200.0
180.0,170.0,112.0,116.0,170.0
152.0,137.0,135.0,122.0,103.0
141.0,169.0,111.0,169.0,122.0
167.0,185.0,176.0,171.0,189.0
135.0,161.0,143.0,192.0,134.0
113.0,94.0,126.0,88.0,88.0
168.0,159.0,169.0,0.0,124.0
155.0,151.0,196.0,178.0,138.0
141.0,144.0,127.0,124.0,139.0
153.0,177.0,192.0,161.0,158.0
144.0,121.0,168.0,149.0,164.0
139.0,94.0,155.0,119.0,138.0
169.0,147.0,171.0,168.0,186.0
132.0,135.0,129.0,118.0,118.0
203.0,197.0,224.0,163.0,170.0
168.0,108.0,105.0,133.0,113.0
162.0,131.0,163.0,126.0,169.0
180.0,147.0,201.0,170.0,143.0
137.0,102.0,149.0,125.0,124.0
179.0,187.0,166.0,149.0,166.0
114.0,124.0,85.0,158.0,103.0
96.0,113.0,130.0,129.0,134.0
220.0,185.0,186.0,160.0,205.0
138.0,104.0,186.0,156.0,126.0
172.0,148.0,134.0,124.0,128.0
158.0,138.0,122.0,156.0,160.0
152.0,165.0,157.0,121.0,122.0
152.0,126.0,132.0,117.0,153.0
200.0,173.0,141.0,162.0,148.0
115.0,110.0,137.0,166.0,128.0
86.0,117.0,116.0,114.0,88.0
143.0,123.0,125.0,138.0,130.0
169.0,188.0,177.0,176.0,194.0
205.0,190.0,300.0,188.0,194.0
139.0,159.0,146.0,123.0,130.0
211.0,211.0,188.0,180.0,173.0
185.0,214.0,107.0,174.0,162.0
180.0,169.0,143.0,120.0,99.0
193.0,136.0,173.0,124.0,172.0
107.0,85.0,101.0,0.0,102.0
128.0,123.0,132.0,119.0,136.0
146.0,166.0,140.0,149.0,169.0
157.0,165.0,180.0,164.0,150.0
200.0,187.0,212.0,172.0,195.0
182.0,178.0,176.0,128.0,119.0
160.0,156.0,176.0,125.0,128.0
192.0,218.0,203.0,115.0,213.0
124.0,127.0,159.0,122.0,110.0
133.0,151.0,175.0,0.0,139.0
219.0,202.0,192.0,169.0,189.0
146.0,156.0,160.0,143.0,159.0
131.0,179.0,152.0,115.0,178.0
101.0,97.0,108.0,118.0,90.0
187.0,178.0,101.0,143.0,185.0
106.0,72.0,84.0,117.0,115.0
155.0,143.0,154.0,120.0,146.0
193.0,170.0,201.0,148.0,156.0
174.0,191.0,166.0,190.0,131.0
168.0,188.0,157.0,134.0,177.0
129.0,132.0,187.0,153.0,151.0
152.0,132.0,150.0,123.0,122.0
154.0,140.0,131.0,124.0,120.0
166.0,151.0,125.0,167.0,99.0
124.0,154.0,174.0,117.0,143.0
188.0,205.0,205.0,117.0,189.0
168.0,164.0,223.0,162.0,171.0
110.0,88.0,131.0,0.0,73.0
135.0,100.0,136.0,122.0,106.0
182.0,167.0,174.0,154.0,188.0
123.0,130.0,142.0,193.0,107.0
154.0,147.0,182.0,157.0,141.0
122.0,122.0,111.0,154.0,107.0
177.0,209.0,200.0,177.0,169.0
123.0,105.0,149.0,0.0,93.0
195.0,163.0,180.0,177.0,191.0
171.0,157.0,181.0,165.0,198.0
100.0,186.0,222.0,112.0,91.0
97.0,139.0,129.0,126.0,113.0
122.0,102.0,124.0,79.0,98.0
188.0,150.0,156.0,126.0,112.0
154.0,143.0,166.0,119.0,142.0
174.0,188.0,147.0,124.0,164.0
175.0,127.0,119.0,174.0,121.0
160.0,155.0,144.0,156.0,171.0
153.0,128.0,165.0,152.0,165.0
169.0,141.0,209.0,110.0,105.0
129.0,108.0,108.0,133.0,123.0
167.0,189.0,197.0,154.0,224.0
142.0,135.0,145.0,173.0,158.0
162.0,171.0,167.0,180.0,138.0
190.0,152.0,193.0,145.0,143.0
139.0,138.0,162.0,176.0,130.0
91.0,126.0,121.0,131.0,105.0
122.0,122.0,121.0,113.0,124.0
117.0,109.0,144.0,155.0,120.0
135.0,125.0,195.0,175.0,116.0
133.0,169.0,144.0,0.0,143.0
149.0,89.0,110.0,114.0,122.0
122.0,155.0,134.0,124.0,166.0
142.0,138.0,119.0,129.0,142.0
184.0,185.0,142.0,159.0,173.0
128.0,108.0,129.0,122.0,127.0
100.0,121.0,133.0,138.0,125.0
208.0,197.0,193.0,187.0,152.0
191.0,188.0,228.0,172.0,173.0
131.0,107.0,120.0,102.0,136.0
114.0,121.0,109.0,114.0,123.0
113.0,134.0,122.0,147.0,146.0
190.0,141.0,161.0,119.0,145.0
181.0,164.0,180.0,171.0,206.0
113.0,130.0,135.0,119.0,118.0
131.0,123.0,169.0,166.0,126.0
127.0,102.0,138.0,175.0,143.0
111.0,140.0,142.0,152.0,144.0
126.0,129.0,164.0,156.0,166.0
162.0,149.0,133.0,136.0,166.0
160.0,171.0,151.0,158.0,148.0
149.0,166.0,166.0,126.0,142.0
205.0,206.0,220.0,181.0,192.0
137.0,184.0,130.0,132.0,122.0
130.0,146.0,104.0,162.0,158.0
174.0,165.0,178.0,300.0,168.0
143.0,112.0,120.0,104.0,102.0
164.0,120.0,158.0,0.0,186.0
182.0,185.0,168.0,154.0,150.0
168.0,167.0,97.0,160.0,129.0
177.0,159.0,155.0,0.0,150.0
141.0,154.0,160.0,166.0,115.0
155.0,143.0,152.0,148.0,170.0
136.0,95.0,134.0,181.0,111.0
195.0,205.0,169.0,172.0,174.0
141.0,110.0,103.0,113.0,117.0
178.0,167.0,214.0,169.0,151.0
156.0,164.0,141.0,132.0,187.0
198.0,209.0,300.0,183.0,229.0
163.0,161.0,169.0,148.0,143.0
218.0,185.0,217.0,174.0,204.0
192.0,177.0,193.0,137.0,164.0
151.0,110.0,144.0,118.0,135.0
176.0,130.0,139.0,0.0,142.0
207.0,201.0,216.0,180.0,198.0
155.0,91.0,96.0,123.0,143.0
144.0,143.0,196.0,178.0,141.0
126.0,146.0,111.0,168.0,138.0
136.0,133.0,109.0,154.0,141.0
170.0,170.0,169.0,111.0,131.0
177.0,155.0,131.0,166.0,137.0
162.0,158.0,153.0,126.0,142.0
99.0,103.0,127.0,0.0,123.0
195.0,171.0,0.0,149.0,184.0
157.0,180.0,135.0,140.0,149.0
142.0,138.0,127.0,175.0,120.0
214.0,195.0,223.0,171.0,199.0
192.0,148.0,195.0,124.0,151.0
152.0,140.0,144.0,114.0,123.0
173.0,186.0,179.0,116.0,156.0
141.0,175.0,132.0,165.0,119.0
165.0,188.0,176.0,153.0,159.0
165.0,155.0,124.0,133.0,156.0
110.0,123.0,119.0,118.0,115.0
115.0,105.0,121.0,142.0,117.0
146.0,132.0,144.0,149.0,149.0
161.0,145.0,150.0,133.0,134.0
178.0,184.0,201.0,170.0,171.0
124.0,111.0,116.0,124.0,106.0
126.0,100.0,117.0,0.0,100.0
131.0,141.0,153.0,173.0,167.0
182.0,113.0,119.0,151.0,104.0
137.0,154.0,158.0,114.0,136.0
136.0,163.0,147.0,170.0,145.0
130.0,117.0,130.0,169.0,150.0
154.0,163.0,166.0,0.0,127.0
188.0,138.0,157.0,189.0,211.0
132.0,86.0,180.0,0.0,74.0
127.0,161.0,129.0,161.0,116.0
115.0,95.0,128.0,131.0,102.0
120.0,110.0,108.0,173.0,137.0
198.0,205.0,218.0,181.0,188.0
104.0,101.0,118.0,114.0,105.0
198.0,210.0,163.0,160.0,185.0
165.0,176.0,165.0,0.0,148.0
147.0,105.0,150.0,172.0,118.0
135.0,109.0,154.0,154.0,125.0
131.0,110.0,170.0,151.0,160.0
131.0,108.0,148.0,144.0,84.0
132.0,152.0,117.0,177.0,153.0
122.0,77.0,146.0,107.0,128.0
121.0,90.0,107.0,175.0,151.0
190.0,172.0,186.0,189.0,108.0
185.0,173.0,181.0,149.0,158.0
158.0,149.0,168.0,127.0,146.0
177.0,181.0,157.0,124.0,165.0
115.0,85.0,152.0,121.0,105.0
184.0,180.0,194.0,115.0,174.0
196.0,193.0,168.0,164.0,170.0
119.0,101.0,131.0,164.0,91.0
110.0,124.0,102.0,100.0,152.0
180.0,207.0,193.0,149.0,188.0
127.0,119.0,119.0,121.0,125.0
132.0,119.0,136.0,148.0,142.0
161.0,160.0,146.0,130.0,139.0
131.0,154.0,174.0,147.0,141.0
108.0,112.0,167.0,164.0,159.0
98.0,94.0,112.0,120.0,109.0
140.0,132.0,150.0,151.0,109.0
135.0,164.0,182.0,83.0,138.0
148.0,145.0,128.0,125.0,158.0
168.0,189.0,194.0,161.0,207.0
183.0,179.0,143.0,169.0,160.0
198.0,186.0,152.0,169.0,185.0
167.0,137.0,120.0,183.0,149.0
186.0,197.0,199.0,155.0,227.0
141.0,124.0,104.0,168.0,145.0
118.0,87.0,111.0,120.0,159.0
117.0,114.0,135.0,158.0,121.0
132.0,136.0,145.0,147.0,117.0
131.0,111.0,135.0,141.0,116.0
149.0,156.0,156.0,169.0,180.0
150.0,117.0,163.0,120.0,135.0
216.0,212.0,216.0,300.0,186.0
188.0,190.0,157.0,170.0,143.0
148.0,164.0,164.0,0.0,154.0
101.0,111.0,124.0,119.0,109.0
133.0,174.0,154.0,162.0,170.0
113.0,159.0,102.0,0.0,123.0
182.0,121.0,148.0,164.0,154.0
168.0,154.0,155.0,158.0,156.0
141.0,123.0,107.0,119.0,144.0
152.0,98.0,139.0,164.0,160.0
186.0,196.0,199.0,192.0,163.0
182.0,185.0,197.0,121.0,164.0
108.0,153.0,198.0,127.0,135.0
193.0,202.0,193.0,184.0,206.0
110.0,116.0,130.0,102.0,75.0
155.0,164.0,144.0,162.0,161.0
155.0,156.0,119.0,126.0,125.0
130.0,135.0,120.0,123.0,132.0
108.0,121.0,135.0,0.0,112.0
120.0,116.0,127.0,144.0,139.0
134.0,119.0,126.0,118.0,134.0
151.0,153.0,152.0,184.0,193.0
161.0,161.0,138.0,122.0,144.0
138.0,102.0,133.0,103.0,121.0
193.0,202.0,207.0,146.0,185.0
156.0,167.0,153.0,161.0,181.0
111.0,126.0,125.0,129.0,143.0
193.0,183.0,182.0,175.0,183.0
176.0,197.0,155.0,142.0,182.0
160.0,143.0,94.0,125.0,108.0
195.0,226.0,205.0,167.0,170.0
137.0,123.0,109.0,150.0,105.0
104.0,98.0,130.0,74.0,80.0
162.0,132.0,154.0,166.0,157.0
153.0,142.0,163.0,120.0,109.0
184.0,132.0,159.0,170.0,170.0
156.0,170.0,170.0,143.0,143.0
140.0,149.0,149.0,167.0,148.0
145.0,162.0,120.0,111.0,115.0
101.0,140.0,147.0,0.0,122.0
190.0,178.0,171.0,126.0,143.0
180.0,158.0,190.0,167.0,202.0
179.0,168.0,185.0,120.0,192.0
179.0,154.0,112.0,127.0,107.0
145.0,119.0,174.0,0.0,146.0
120.0,127.0,120.0,116.0,122.0
155.0,154.0,158.0,151.0,192.0
166.0,141.0,154.0,146.0,175.0
156.0,166.0,163.0,116.0,146.0
197.0,206.0,181.0,113.0,152.0
138.0,80.0,165.0,118.0,92.0
131.0,136.0,134.0,167.0,144.0
107.0,93.0,128.0,179.0,130.0
203.0,207.0,174.0,186.0,147.0
186.0,162.0,151.0,171.0,168.0
119.0,107.0,139.0,123.0,184.0
139.0,171.0,143.0,132.0,136.0
138.0,98.0,143.0,159.0,128.0
144.0,124.0,139.0,122.0,147.0
165.0,160.0,196.0,128.0,195.0
166.0,157.0,131.0,169.0,133.0
176.0,189.0,200.0,115.0,180.0
146.0,124.0,83.0,118.0,139.0
190.0,158.0,158.0,129.0,154.0
182.0,144.0,160.0,175.0,144.0
133.0,105.0,124.0,183.0,84.0
131.0,90.0,120.0,171.0,118.0
136.0,91.0,124.0,103.0,114.0
205.0,213.0,210.0,176.0,202.0
172.0,165.0,123.0,195.0,85.0
170.0,177.0,182.0,163.0,181.0
194.0,137.0,200.0,147.0,155.0
140.0,155.0,119.0,112.0,168.0
188.0,174.0,140.0,182.0,145.0
162.0,199.0,184.0,137.0,156.0
136.0,94.0,145.0,160.0,120.0
125.0,143.0,146.0,0.0,126.0
160.0,160.0,131.0,118.0,123.0
176.0,153.0,153.0,147.0,189.0
157.0,114.0,126.0,110.0,108.0
152.0,142.0,158.0,112.0,134.0
164.0,140.0,114.0,132.0,126.0
114.0,156.0,132.0,158.0,115.0
144.0,122.0,126.0,300.0,133.0
142.0,108.0,105.0,92.0,133.0
163.0,112.0,159.0,125.0,116.0
158.0,120.0,152.0,127.0,137.0
205.0,181.0,190.0,159.0,149.0
192.0,166.0,125.0,169.0,164.0
145.0,132.0,166.0,170.0,155.0
104.0,106.0,130.0,0.0,93.0
118.0,103.0,114.0,125.0,100.0
153.0,165.0,132.0,96.0,140.0
187.0,172.0,216.0,165.0,120.0
158.0,154.0,128.0,134.0,100.0
131.0,110.0,138.0,118.0,149.0
211.0,174.0,204.0,156.0,200.0
128.0,89.0,111.0,0.0,126.0
139.0,131.0,117.0,125.0,137.0
141.0,0.0,0.0,144.0,167.0
213.0,225.0,206.0,174.0,193.0
174.0,182.0,164.0,126.0,150.0
191.0,190.0,195.0,166.0,192.0
191.0,147.0,167.0,154.0,142.0
187.0,201.0,189.0,207.0,155.0
167.0,176.0,163.0,0.0,152.0
116.0,104.0,140.0,88.0,116.0
129.0,172.0,197.0,195.0,195.0
129.0,165.0,149.0,118.0,121.0
188.0,169.0,171.0,173.0,203.0
125.0,151.0,158.0,126.0,119.0
187.0,179.0,174.0,146.0,179.0
158.0,112.0,84.0,120.0,142.0
159.0,142.0,177.0,128.0,115.0
102.0,118.0,149.0,81.0,81.0
104.0,119.0,125.0,121.0,138.0
176.0,159.0,118.0,74.0,150.0
144.0,102.0,153.0,122.0,121.0
125.0,145.0,159.0,162.0,148.0
180.0,176.0,210.0,147.0,168.0
114.0,103.0,148.0,84.0,169.0
140.0,93.0,118.0,168.0,103.0
99.0,110.0,122.0,95.0,103.0
150.0,149.0,137.0,128.0,137.0
153.0,163.0,176.0,155.0,170.0
142.0,172.0,139.0,115.0,168.0
194.0,177.0,212.0,172.0,184.0
166.0,170.0,171.0,122.0,150.0
124.0,129.0,153.0,0.0,105.0
126.0,139.0,151.0,173.0,135.0
98.0,115.0,128.0,0.0,92.0
143.0,115.0,138.0,117.0,126.0
154.0,98.0,164.0,123.0,152.0
199.0,205.0,300.0,170.0,131.0
147.0,158.0,196.0,158.0,155.0
207.0,203.0,209.0,159.0,213.0
163.0,143.0,187.0,151.0,121.0
208.0,196.0,215.0,170.0,123.0
111.0,138.0,129.0,124.0,90.0
186.0,198.0,205.0,182.0,180.0
182.0,160.0,185.0,0.0,106.0
145.0,108.0,118.0,170.0,113.0
167.0,167.0,193.0,169.0,94.0
96.0,126.0,113.0,0.0,121.0
134.0,120.0,142.0,131.0,158.0
100.0,119.0,156.0,0.0,132.0
181.0,122.0,128.0,122.0,156.0
114.0,122.0,113.0,151.0,140.0
136.0,154.0,111.0,159.0,162.0
131.0,101.0,118.0,151.0,89.0
211.0,182.0,194.0,113.0,205.0
134.0,165.0,140.0,153.0,145.0
81.0,86.0,177.0,165.0,88.0
83.0,115.0,111.0,162.0,88.0
165.0,138.0,135.0,163.0,154.0
189.0,179.0,189.0,160.0,141.0
172.0,140.0,141.0,142.0,178.0
122.0,99.0,118.0,118.0,121.0
147.0,154.0,149.0,179.0,154.0
197.0,166.0,143.0,151.0,152.0
181.0,196.0,223.0,120.0,220.0
161.0,94.0,144.0,141.0,171.0
125.0,142.0,145.0,147.0,125.0
160.0,125.0,127.0,154.0,159.0
131.0,100.0,121.0,162.0,109.0
157.0,124.0,158.0,150.0,125.0
182.0,153.0,201.0,153.0,155.0
132.0,73.0,132.0,145.0,100.0
137.0,157.0,153.0,131.0,110.0
162.0,176.0,159.0,160.0,173.0
130.0,129.0,122.0,121.0,148.0
145.0,175.0,137.0,167.0,164.0
155.0,140.0,157.0,180.0,143.0
170.0,184.0,182.0,193.0,155.0
155.0,144.0,120.0,143.0,136.0
150.0,184.0,216.0,151.0,150.0
116.0,117.0,116.0,114.0,144.0
129.0,151.0,142.0,127.0,144.0
110.0,119.0,119.0,163.0,91.0
178.0,154.0,163.0,132.0,203.0
161.0,166.0,127.0,144.0,159.0
173.0,144.0,165.0,155.0,156.0
155.0,168.0,201.0,151.0,173.0
149.0,161.0,148.0,144.0,145.0
166.0,149.0,173.0,103.0,151.0
155.0,99.0,137.0,146.0,139.0
190.0,161.0,161.0,0.0,192.0
156.0,141.0,145.0,158.0,196.0
133.0,120.0,112.0,144.0,156.0
114.0,160.0,158.0,155.0,159.0
168.0,157.0,170.0,166.0,144.0
156.0,159.0,218.0,112.0,134.0
95.0,125.0,155.0,121.0,185.0
144.0,100.0,135.0,124.0,134.0
117.0,80.0,156.0,128.0,112.0
207.0,202.0,200.0,154.0,208.0
93.0,102.0,119.0,132.0,94.0
168.0,175.0,189.0,175.0,81.0
146.0,135.0,151.0,0.0,104.0
141.0,145.0,76.0,114.0,147.0
300.0,201.0,230.0,300.0,145.0
156.0,177.0,164.0,119.0,146.0
147.0,143.0,170.0,152.0,137.0
120.0,140.0,118.0,147.0,106.0
151.0,131.0,104.0,115.0,118.0
131.0,154.0,158.0,167.0,120.0
122.0,127.0,137.0,174.0,114.0
124.0,113.0,139.0,89.0,125.0
146.0,125.0,136.0,0.0,157.0
114.0,150.0,131.0,125.0,97.0
150.0,97.0,100.0,152.0,118.0
142.0,146.0,144.0,170.0,151.0
203.0,194.0,191.0,146.0,189.0
85.0,96.0,77.0,151.0,87.0
162.0,142.0,137.0,119.0,118.0
95.0,164.0,131.0,177.0,120.0
225.0,228.0,205.0,188.0,300.0
150.0,145.0,135.0,114.0,128.0
175.0,169.0,153.0,156.0,141.0
170.0,183.0,153.0,112.0,216.0
184.0,164.0,154.0,133.0,161.0
170.0,175.0,169.0,117.0,174.0
146.0,132.0,127.0,126.0,107.0
137.0,139.0,138.0,0.0,107.0
209.0,189.0,153.0,129.0,164.0
111.0,105.0,115.0,128.0,130.0
172.0,189.0,177.0,169.0,163.0
127.0,116.0,161.0,108.0,156.0
132.0,168.0,174.0,168.0,132.0
224.0,200.0,204.0,161.0,217.0
152.0,114.0,167.0,0.0,137.0
194.0,183.0,183.0,200.0,145.0
216.0,198.0,216.0,119.0,215.0
148.0,157.0,163.0,90.0,144.0
187.0,187.0,195.0,128.0,155.0
206.0,202.0,193.0,171.0,99.0
143.0,108.0,171.0,114.0,144.0
101.0,86.0,128.0,121.0,125.0
186.0,126.0,199.0,150.0,205.0
163.0,164.0,134.0,169.0,124.0
185.0,178.0,167.0,166.0,132.0
172.0,158.0,197.0,161.0,159.0
170.0,161.0,191.0,168.0,177.0
154.0,139.0,147.0,130.0,126.0
163.0,140.0,162.0,129.0,112.0
174.0,200.0,192.0,126.0,191.0
172.0,169.0,129.0,155.0,157.0
197.0,186.0,186.0,167.0,159.0
123.0,140.0,135.0,86.0,157.0
131.0,131.0,124.0,0.0,118.0
202.0,172.0,202.0,160.0,169.0
195.0,166.0,201.0,193.0,208.0
183.0,149.0,138.0,0.0,126.0
161.0,170.0,198.0,171.0,141.0
207.0,193.0,198.0,176.0,173.0
169.0,165.0,172.0,156.0,186.0
139.0,147.0,153.0,181.0,130.0
162.0,175.0,159.0,147.0,176.0
181.0,161.0,199.0,176.0,168.0
164.0,181.0,181.0,134.0,124.0
152.0,158.0,138.0,156.0,194.0
150.0,138.0,168.0,167.0,175.0
216.0,191.0,201.0,192.0,155.0
162.0,157.0,165.0,123.0,187.0
184.0,180.0,215.0,180.0,147.0
202.0,190.0,193.0,139.0,160.0
160.0,135.0,150.0,122.0,127.0
162.0,152.0,144.0,171.0,153.0
174.0,186.0,146.0,151.0,138.0
184.0,182.0,168.0,177.0,184.0
206.0,165.0,174.0,300.0,190.0
113.0,96.0,135.0,121.0,109.0
149.0,168.0,188.0,173.0,73.0
156.0,126.0,106.0,125.0,125.0
97.0,87.0,130.0,116.0,164.0
173.0,170.0,183.0,173.0,163.0
190.0,178.0,300.0,114.0,170.0
129.0,150.0,155.0,127.0,143.0
107.0,100.0,116.0,92.0,63.0
173.0,181.0,157.0,147.0,157.0
190.0,196.0,202.0,164.0,231.0
165.0,155.0,150.0,122.0,170.0
150.0,98.0,151.0,128.0,128.0
205.0,191.0,203.0,187.0,218.0
200.0,144.0,161.0,0.0,126.0
116.0,153.0,131.0,144.0,135.0
151.0,178.0,178.0,119.0,152.0
182.0,162.0,152.0,172.0,176.0
125.0,153.0,168.0,164.0,177.0
191.0,191.0,217.0,116.0,210.0
178.0,179.0,224.0,144.0,170.0
110.0,123.0,143.0,163.0,125.0
172.0,181.0,163.0,119.0,134.0
131.0,172.0,180.0,120.0,137.0
183.0,169.0,191.0,152.0,143.0
138.0,163.0,156.0,165.0,148.0
129.0,124.0,139.0,77.0,85.0
169.0,131.0,149.0,0.0,165.0
111.0,135.0,109.0,156.0,139.0
188.0,191.0,151.0,170.0,156.0
129.0,115.0,120.0,0.0,114.0
123.0,171.0,99.0,119.0,148.0
108.0,72.0,170.0,171.0,166.0
116.0,147.0,107.0,128.0,83.0
174.0,183.0,168.0,144.0,175.0
149.0,148.0,156.0,176.0,127.0
138.0,151.0,132.0,173.0,149.0
123.0,86.0,126.0,91.0,157.0
164.0,150.0,106.0,0.0,129.0
144.0,189.0,188.0,124.0,132.0
186.0,150.0,152.0,108.0,179.0
140.0,135.0,124.0,161.0,151.0
150.0,148.0,144.0,131.0,133.0
216.0,197.0,216.0,156.0,192.0
119.0,124.0,145.0,0.0,98.0
144.0,166.0,122.0,128.0,174.0
140.0,124.0,84.0,158.0,157.0
131.0,137.0,138.0,172.0,158.0
114.0,92.0,152.0,176.0,93.0
159.0,140.0,126.0,155.0,120.0
114.0,127.0,156.0,127.0,122.0
122.0,144.0,76.0,151.0,144.0
105.0,125.0,154.0,115.0,129.0
109.0,96.0,139.0,145.0,87.0
160.0,170.0,162.0,0.0,171.0
127.0,147.0,152.0,173.0,147.0
185.0,176.0,166.0,164.0,133.0
153.0,147.0,146.0,162.0,127.0
117.0,101.0,128.0,122.0,116.0
130.0,120.0,133.0,165.0,185.0
130.0,139.0,145.0,87.0,120.0
118.0,120.0,120.0,120.0,114.0
142.0,117.0,178.0,122.0,163.0
148.0,181.0,147.0,136.0,167.0
168.0,122.0,170.0,0.0,120.0
181.0,171.0,204.0,179.0,196.0
172.0,70.0,150.0,173.0,81.0
135.0,81.0,139.0,120.0,122.0
149.0,132.0,93.0,172.0,118.0
194.0,209.0,167.0,164.0,167.0
99.0,119.0,191.0,166.0,86.0
181.0,189.0,188.0,116.0,156.0
116.0,133.0,129.0,113.0,115.0
173.0,159.0,157.0,151.0,191.0
122.0,125.0,145.0,131.0,129.0
90.0,110.0,144.0,116.0,128.0
128.0,157.0,130.0,153.0,153.0
157.0,138.0,157.0,0.0,186.0
109.0,92.0,123.0,164.0,142.0
197.0,196.0,193.0,163.0,168.0
130.0,141.0,156.0,121.0,162.0
121.0,108.0,122.0,114.0,183.0
169.0,131.0,176.0,178.0,143.0
117.0,93.0,104.0,81.0,86.0
163.0,178.0,166.0,132.0,160.0
135.0,139.0,126.0,150.0,114.0
118.0,132.0,145.0,146.0,112.0
95.0,113.0,141.0,176.0,114.0
166.0,136.0,107.0,163.0,194.0
142.0,138.0,165.0,150.0,201.0
164.0,190.0,187.0,150.0,176.0
149.0,144.0,175.0,146.0,142.0
188.0,208.0,193.0,181.0,138.0
128.0,116.0,122.0,112.0,155.0
189.0,172.0,193.0,97.0,233.0
133.0,140.0,182.0,0.0,103.0
151.0,140.0,121.0,149.0,173.0
149.0,178.0,132.0,178.0,131.0
156.0,130.0,131.0,117.0,118.0
152.0,160.0,152.0,176.0,144.0
190.0,188.0,178.0,125.0,142.0
179.0,178.0,164.0,113.0,147.0
201.0,152.0,180.0,118.0,182.0
177.0,133.0,175.0,0.0,196.0
155.0,117.0,156.0,157.0,137.0
149.0,108.0,121.0,155.0,112.0
149.0,158.0,127.0,197.0,156.0
188.0,189.0,171.0,122.0,136.0
170.0,195.0,166.0,177.0,176.0
141.0,155.0,125.0,133.0,181.0
133.0,146.0,141.0,127.0,133.0
128.0,97.0,105.0,150.0,148.0
125.0,129.0,149.0,170.0,106.0
146.0,155.0,134.0,170.0,166.0
158.0,133.0,112.0,121.0,181.0
174.0,188.0,183.0,105.0,196.0
180.0,170.0,175.0,134.0,197.0
181.0,159.0,192.0,125.0,177.0
151.0,109.0,152.0,168.0,114.0
155.0,94.0,135.0,151.0,118.0
175.0,149.0,172.0,168.0,190.0
173.0,156.0,214.0,164.0,169.0
181.0,187.0,201.0,129.0,170.0
130.0,151.0,148.0,124.0,162.0
129.0,133.0,165.0,0.0,87.0
154.0,164.0,142.0,151.0,158.0
205.0,195.0,152.0,147.0,162.0
141.0,92.0,141.0,86.0,123.0
135.0,132.0,108.0,147.0,120.0
76.0,84.0,125.0,0.0,72.0
167.0,153.0,164.0,134.0,132.0
124.0,102.0,111.0,144.0,97.0
149.0,158.0,164.0,164.0,125.0
106.0,110.0,154.0,126.0,86.0
105.0,153.0,145.0,157.0,99.0
118.0,139.0,157.0,142.0,147.0
126.0,120.0,197.0,128.0,103.0
94.0,87.0,158.0,150.0,144.0
184.0,167.0,166.0,170.0,151.0
176.0,186.0,190.0,300.0,199.0
207.0,196.0,185.0,169.0,185.0
146.0,129.0,149.0,184.0,131.0
110.0,122.0,117.0,139.0,94.0
186.0,195.0,157.0,164.0,147.0
155.0,151.0,183.0,173.0,152.0
150.0,121.0,151.0,118.0,138.0
200.0,228.0,204.0,154.0,167.0
158.0,153.0,140.0,121.0,146.0
149.0,191.0,125.0,126.0,146.0
163.0,144.0,155.0,160.0,155.0
129.0,142.0,172.0,171.0,99.0
169.0,198.0,190.0,122.0,150.0
135.0,149.0,150.0,175.0,117.0
156.0,153.0,159.0,0.0,152.0
136.0,154.0,144.0,121.0,128.0
126.0,124.0,117.0,109.0,96.0
148.0,139.0,166.0,164.0,132.0
153.0,147.0,112.0,149.0,107.0
129.0,161.0,129.0,169.0,137.0
186.0,214.0,154.0,175.0,139.0
206.0,189.0,224.0,183.0,185.0
114.0,77.0,127.0,120.0,112.0
197.0,212.0,224.0,164.0,191.0
151.0,170.0,141.0,117.0,121.0
168.0,136.0,142.0,162.0,140.0
200.0,180.0,191.0,127.0,178.0
142.0,126.0,164.0,122.0,139.0
163.0,91.0,185.0,125.0,136.0
156.0,141.0,116.0,177.0,105.0
186.0,183.0,186.0,117.0,205.0
185.0,191.0,168.0,150.0,128.0
145.0,115.0,163.0,134.0,148.0
149.0,125.0,155.0,0.0,105.0
170.0,198.0,119.0,0.0,173.0
177.0,146.0,146.0,172.0,135.0
127.0,114.0,121.0,141.0,110.0
111.0,170.0,150.0,122.0,131.0
148.0,142.0,145.0,126.0,178.0
147.0,108.0,92.0,168.0,119.0
147.0,164.0,174.0,121.0,145.0
136.0,129.0,159.0,119.0,138.0
151.0,90.0,178.0,0.0,145.0
138.0,163.0,154.0,117.0,126.0
178.0,155.0,157.0,125.0,148.0
115.0,91.0,115.0,120.0,112.0
212.0,216.0,194.0,181.0,118.0
122.0,156.0,159.0,155.0,143.0
114.0,113.0,137.0,0.0,126.0
200.0,172.0,166.0,115.0,138.0
138.0,177.0,164.0,173.0,122.0
183.0,179.0,139.0,185.0,180.0
139.0,141.0,129.0,148.0,82.0
146.0,154.0,125.0,143.0,157.0
119.0,115.0,156.0,130.0,110.0
178.0,190.0,202.0,147.0,121.0
124.0,102.0,132.0,119.0,125.0
125.0,95.0,98.0,123.0,106.0
182.0,171.0,210.0,162.0,159.0
112.0,101.0,122.0,149.0,126.0
183.0,182.0,168.0,126.0,146.0
95.0,99.0,101.0,118.0,78.0
162.0,197.0,160.0,155.0,141.0
139.0,132.0,135.0,117.0,146.0
166.0,160.0,129.0,118.0,138.0
134.0,142.0,144.0,164.0,108.0
165.0,147.0,193.0,0.0,132.0
142.0,157.0,148.0,159.0,132.0
207.0,193.0,212.0,163.0,185.0
176.0,178.0,145.0,122.0,140.0
125.0,120.0,180.0,144.0,142.0
172.0,139.0,159.0,157.0,129.0
153.0,169.0,109.0,151.0,139.0
158.0,159.0,128.0,153.0,173.0
233.0,184.0,206.0,159.0,192.0
157.0,144.0,142.0,147.0,154.0
155.0,170.0,172.0,163.0,200.0
202.0,180.0,199.0,149.0,138.0
113.0,73.0,108.0,121.0,139.0
134.0,119.0,143.0,158.0,90.0
173.0,191.0,166.0,92.0,177.0
171.0,92.0,198.0,147.0,159.0
150.0,105.0,135.0,132.0,147.0
134.0,84.0,136.0,180.0,140.0
154.0,128.0,131.0,166.0,128.0
134.0,111.0,106.0,0.0,107.0
166.0,193.0,190.0,188.0,182.0
107.0,84.0,126.0,163.0,135.0
155.0,173.0,114.0,0.0,120.0
158.0,142.0,139.0,145.0,172.0
213.0,159.0,178.0,133.0,179.0
163.0,153.0,157.0,147.0,95.0
122.0,136.0,110.0,117.0,103.0
146.0,118.0,154.0,128.0,137.0
151.0,147.0,151.0,163.0,152.0
186.0,207.0,195.0,122.0,198.0
156.0,186.0,172.0,157.0,131.0
140.0,119.0,118.0,120.0,165.0
196.0,165.0,195.0,150.0,180.0
141.0,169.0,152.0,167.0,139.0
175.0,154.0,173.0,110.0,117.0
133.0,115.0,122.0,144.0,145.0
202.0,158.0,171.0,161.0,88.0
152.0,161.0,120.0,125.0,142.0
152.0,124.0,111.0,170.0,175.0
157.0,166.0,168.0,110.0,155.0
135.0,130.0,153.0,173.0,114.0
174.0,166.0,184.0,118.0,135.0
195.0,157.0,196.0,156.0,166.0
201.0,156.0,124.0,182.0,165.0
195.0,164.0,208.0,114.0,183.0
193.0,162.0,208.0,128.0,128.0
126.0,136.0,155.0,0.0,146.0
166.0,186.0,151.0,174.0,144.0
81.0,93.0,198.0,125.0,113.0
97.0,117.0,113.0,142.0,118.0
136.0,112.0,159.0,140.0,129.0
168.0,169.0,188.0,210.0,151.0
175.0,176.0,162.0,157.0,175.0
202.0,190.0,199.0,161.0,188.0
168.0,105.0,192.0,127.0,99.0
180.0,198.0,174.0,180.0,205.0
136.0,183.0,158.0,157.0,179.0
197.0,199.0,208.0,155.0,199.0
210.0,196.0,209.0,163.0,181.0
182.0,193.0,191.0,146.0,148.0
141.0,110.0,187.0,0.0,181.0
136.0,99.0,107.0,167.0,123.0
135.0,139.0,166.0,124.0,127.0
130.0,143.0,157.0,86.0,138.0
145.0,162.0,120.0,124.0,127.0
176.0,181.0,152.0,125.0,137.0
185.0,136.0,176.0,124.0,164.0
92.0,111.0,143.0,168.0,104.0
150.0,166.0,100.0,149.0,149.0
114.0,109.0,114.0,177.0,114.0
179.0,178.0,158.0,132.0,159.0
112.0,110.0,114.0,117.0,121.0
158.0,151.0,148.0,0.0,123.0
191.0,167.0,145.0,127.0,149.0
184.0,200.0,181.0,155.0,163.0
194.0,199.0,191.0,163.0,195.0
141.0,128.0,169.0,124.0,116.0
137.0,137.0,115.0,124.0,139.0
153.0,157.0,155.0,0.0,167.0
169.0,189.0,191.0,153.0,179.0
139.0,119.0,175.0,154.0,124.0
161.0,158.0,168.0,137.0,129.0
98.0,97.0,143.0,0.0,109.0
155.0,128.0,161.0,124.0,169.0
145.0,170.0,138.0,176.0,115.0
164.0,123.0,180.0,164.0,171.0
121.0,116.0,125.0,128.0,126.0
161.0,171.0,192.0,165.0,141.0
179.0,0.0,156.0,131.0,165.0
148.0,140.0,156.0,151.0,141.0
157.0,109.0,172.0,0.0,158.0
140.0,144.0,154.0,165.0,125.0
146.0,111.0,140.0,89.0,122.0
181.0,154.0,175.0,119.0,141.0
135.0,185.0,153.0,182.0,122.0
130.0,129.0,129.0,150.0,128.0
120.0,107.0,139.0,106.0,130.0
122.0,117.0,95.0,124.0,107.0
168.0,155.0,132.0,122.0,151.0
195.0,186.0,139.0,159.0,197.0
170.0,129.0,138.0,105.0,144.0
116.0,132.0,115.0,164.0,137.0
139.0,133.0,124.0,118.0,119.0
207.0,181.0,200.0,121.0,183.0
225.0,203.0,196.0,193.0,192.0
121.0,188.0,138.0,124.0,139.0
180.0,178.0,221.0,169.0,204.0
108.0,97.0,118.0,150.0,142.0
94.0,106.0,140.0,128.0,82.0
122.0,121.0,155.0,123.0,137.0
180.0,156.0,173.0,123.0,191.0
168.0,140.0,157.0,169.0,149.0
172.0,138.0,132.0,150.0,116.0
158.0,109.0,185.0,122.0,149.0
100.0,97.0,110.0,113.0,108.0
124.0,157.0,154.0,125.0,155.0
150.0,126.0,156.0,117.0,153.0
174.0,80.0,187.0,159.0,156.0
185.0,168.0,181.0,150.0,130.0
185.0,199.0,225.0,155.0,181.0
110.0,88.0,133.0,148.0,83.0
197.0,200.0,191.0,173.0,177.0
144.0,162.0,156.0,0.0,151.0
180.0,189.0,117.0,0.0,147.0
156.0,172.0,165.0,173.0,133.0
129.0,144.0,107.0,0.0,125.0
143.0,117.0,127.0,119.0,158.0
184.0,185.0,179.0,136.0,182.0
193.0,179.0,207.0,174.0,111.0
156.0,161.0,142.0,138.0,158.0
134.0,95.0,120.0,131.0,89.0
137.0,102.0,119.0,149.0,103.0
162.0,186.0,180.0,157.0,179.0
147.0,140.0,141.0,0.0,66.0
136.0,112.0,117.0,127.0,99.0
163.0,131.0,169.0,165.0,192.0
132.0,81.0,130.0,106.0,119.0
113.0,104.0,111.0,122.0,116.0
140.0,145.0,148.0,104.0,88.0
135.0,149.0,124.0,159.0,138.0
159.0,184.0,211.0,121.0,113.0
119.0,142.0,146.0,152.0,116.0
109.0,115.0,134.0,0.0,134.0
131.0,176.0,167.0,172.0,163.0
172.0,136.0,175.0,157.0,109.0
201.0,222.0,213.0,159.0,182.0
143.0,87.0,145.0,104.0,139.0
128.0,128.0,155.0,139.0,158.0
146.0,156.0,128.0,0.0,95.0
128.0,95.0,133.0,172.0,99.0
178.0,130.0,188.0,120.0,152.0
150.0,173.0,156.0,147.0,160.0
198.0,185.0,190.0,151.0,160.0
141.0,108.0,93.0,127.0,92.0
167.0,136.0,177.0,116.0,159.0
151.0,144.0,174.0,91.0,156.0
104.0,110.0,134.0,133.0,148.0
140.0,109.0,117.0,164.0,108.0
168.0,213.0,181.0,166.0,163.0
122.0,102.0,102.0,130.0,151.0
180.0,192.0,203.0,161.0,159.0
148.0,143.0,163.0,177.0,141.0
150.0,134.0,120.0,147.0,176.0
151.0,104.0,124.0,175.0,107.0
115.0,131.0,105.0,0.0,136.0
127.0,131.0,141.0,116.0,126.0
179.0,180.0,208.0,169.0,159.0
188.0,179.0,186.0,171.0,211.0
198.0,154.0,144.0,89.0,161.0
211.0,214.0,185.0,170.0,222.0
135.0,152.0,152.0,133.0,156.0
116.0,131.0,128.0,122.0,139.0
141.0,108.0,156.0,149.0,119.0
179.0,189.0,137.0,85.0,139.0
155.0,170.0,136.0,146.0,112.0
171.0,156.0,137.0,120.0,180.0
119.0,140.0,187.0,180.0,222.0
96.0,141.0,135.0,127.0,137.0
164.0,169.0,181.0,133.0,125.0
108.0,85.0,105.0,110.0,130.0
177.0,184.0,216.0,169.0,160.0
191.0,186.0,195.0,177.0,203.0
146.0,132.0,139.0,172.0,108.0
157.0,117.0,151.0,128.0,189.0
138.0,132.0,201.0,117.0,126.0
132.0,96.0,154.0,92.0,168.0
148.0,101.0,154.0,146.0,146.0
118.0,147.0,118.0,85.0,143.0
138.0,110.0,146.0,171.0,92.0
147.0,146.0,158.0,144.0,176.0
173.0,156.0,195.0,183.0,165.0
197.0,184.0,223.0,147.0,183.0
171.0,174.0,185.0,182.0,184.0
161.0,148.0,131.0,115.0,128.0
125.0,112.0,174.0,130.0,137.0
137.0,145.0,158.0,151.0,154.0
141.0,127.0,115.0,151.0,137.0
150.0,157.0,140.0,196.0,106.0
147.0,187.0,141.0,171.0,157.0
188.0,174.0,195.0,127.0,172.0
214.0,213.0,300.0,185.0,192.0
198.0,195.0,185.0,166.0,196.0
160.0,199.0,209.0,153.0,185.0
179.0,163.0,202.0,119.0,119.0
178.0,163.0,192.0,300.0,157.0
208.0,203.0,187.0,177.0,170.0
96.0,86.0,140.0,165.0,111.0
147.0,151.0,127.0,118.0,110.0
179.0,157.0,192.0,127.0,174.0
156.0,125.0,173.0,0.0,79.0
178.0,161.0,145.0,148.0,141.0
217.0,199.0,221.0,181.0,171.0
131.0,122.0,130.0,184.0,107.0
131.0,152.0,152.0,95.0,162.0
149.0,185.0,198.0,159.0,170.0
147.0,173.0,146.0,162.0,131.0
112.0,86.0,148.0,119.0,104.0
152.0,145.0,147.0,123.0,145.0
123.0,129.0,145.0,154.0,113.0
172.0,136.0,128.0,152.0,145.0
131.0,124.0,113.0,90.0,93.0
156.0,130.0,143.0,119.0,130.0
113.0,159.0,172.0,0.0,164.0
172.0,153.0,172.0,157.0,128.0
173.0,177.0,187.0,125.0,164.0
128.0,107.0,136.0,173.0,154.0
159.0,174.0,159.0,154.0,182.0
150.0,177.0,164.0,115.0,172.0
105.0,105.0,146.0,114.0,110.0
188.0,175.0,181.0,0.0,175.0
153.0,129.0,141.0,182.0,118.0
186.0,204.0,300.0,300.0,300.0
128.0,138.0,172.0,128.0,187.0
127.0,139.0,118.0,171.0,121.0
109.0,136.0,111.0,158.0,130.0
143.0,146.0,157.0,127.0,146.0
174.0,144.0,168.0,113.0,177.0
133.0,143.0,126.0,0.0,135.0
172.0,110.0,140.0,156.0,162.0
172.0,196.0,183.0,127.0,163.0
136.0,155.0,181.0,178.0,192.0
168.0,169.0,175.0,136.0,190.0
138.0,150.0,156.0,125.0,150.0
134.0,139.0,118.0,102.0,107.0
150.0,111.0,125.0,124.0,115.0
135.0,83.0,106.0,119.0,118.0
189.0,179.0,196.0,147.0,207.0
160.0,159.0,123.0,165.0,115.0
107.0,102.0,95.0,124.0,121.0
178.0,149.0,114.0,148.0,146.0
185.0,180.0,157.0,146.0,156.0
186.0,162.0,182.0,133.0,133.0
179.0,180.0,220.0,176.0,176.0
157.0,149.0,162.0,128.0,130.0
121.0,141.0,186.0,130.0,100.0
189.0,175.0,148.0,143.0,169.0
142.0,172.0,191.0,153.0,161.0
108.0,113.0,114.0,87.0,92.0
146.0,129.0,152.0,125.0,162.0
210.0,208.0,300.0,194.0,193.0
152.0,176.0,83.0,134.0,79.0
117.0,152.0,167.0,124.0,154.0
129.0,125.0,154.0,133.0,142.0
133.0,108.0,137.0,126.0,106.0
178.0,151.0,171.0,119.0,205.0
188.0,198.0,182.0,152.0,194.0
161.0,177.0,152.0,300.0,129.0
109.0,132.0,122.0,125.0,85.0
167.0,190.0,148.0,121.0,172.0
155.0,141.0,188.0,124.0,137.0
175.0,177.0,159.0,0.0,124.0
127.0,123.0,151.0,135.0,125.0
141.0,122.0,119.0,126.0,155.0
121.0,110.0,149.0,161.0,108.0
126.0,134.0,129.0,96.0,123.0
116.0,121.0,127.0,129.0,134.0
170.0,134.0,163.0,122.0,170.0
155.0,128.0,114.0,135.0,147.0
125.0,90.0,98.0,97.0,95.0
202.0,214.0,210.0,142.0,192.0
190.0,179.0,152.0,171.0,160.0
135.0,118.0,155.0,126.0,126.0
212.0,216.0,200.0,174.0,183.0
131.0,137.0,171.0,163.0,106.0
194.0,197.0,197.0,195.0,157.0
155.0,150.0,204.0,125.0,145.0
147.0,96.0,117.0,176.0,151.0
169.0,185.0,207.0,169.0,207.0
191.0,212.0,300.0,151.0,149.0
152.0,101.0,105.0,161.0,166.0
109.0,146.0,150.0,121.0,141.0
114.0,124.0,111.0,85.0,137.0
101.0,114.0,138.0,151.0,104.0
130.0,158.0,131.0,129.0,179.0
168.0,152.0,110.0,159.0,134.0
155.0,134.0,150.0,122.0,153.0
182.0,166.0,158.0,166.0,144.0
217.0,208.0,219.0,169.0,225.0
115.0,102.0,135.0,0.0,144.0
144.0,147.0,161.0,148.0,142.0
149.0,140.0,167.0,147.0,162.0
128.0,76.0,116.0,125.0,87.0
126.0,98.0,147.0,127.0,112.0
132.0,122.0,138.0,0.0,120.0
116.0,96.0,131.0,108.0,119.0
145.0,128.0,120.0,171.0,127.0
151.0,143.0,139.0,147.0,186.0
180.0,185.0,169.0,169.0,185.0
133.0,145.0,148.0,127.0,121.0
182.0,174.0,188.0,183.0,133.0
145.0,146.0,139.0,119.0,150.0
138.0,126.0,141.0,126.0,114.0
136.0,136.0,115.0,148.0,123.0
139.0,171.0,165.0,119.0,154.0
211.0,181.0,198.0,156.0,198.0
131.0,125.0,134.0,122.0,130.0
129.0,103.0,120.0,130.0,94.0
220.0,216.0,201.0,176.0,217.0
169.0,147.0,154.0,131.0,157.0
182.0,194.0,159.0,165.0,156.0
171.0,152.0,154.0,156.0,157.0
155.0,131.0,156.0,173.0,142.0
151.0,146.0,163.0,127.0,140.0
138.0,114.0,165.0,162.0,146.0
135.0,100.0,140.0,0.0,133.0
176.0,139.0,195.0,161.0,117.0
163.0,153.0,185.0,118.0,140.0
170.0,160.0,164.0,85.0,157.0
132.0,91.0,140.0,175.0,89.0
134.0,98.0,159.0,115.0,145.0
169.0,129.0,177.0,112.0,152.0
151.0,180.0,149.0,119.0,193.0
105.0,103.0,140.0,116.0,117.0
155.0,182.0,146.0,141.0,156.0
133.0,102.0,163.0,146.0,95.0
115.0,85.0,121.0,164.0,118.0
183.0,160.0,209.0,140.0,158.0
143.0,128.0,154.0,125.0,129.0
148.0,152.0,183.0,165.0,156.0
127.0,89.0,140.0,152.0,106.0
155.0,115.0,145.0,130.0,155.0
106.0,123.0,131.0,144.0,127.0
135.0,99.0,172.0,165.0,204.0
178.0,175.0,171.0,163.0,135.0
186.0,198.0,198.0,179.0,169.0
153.0,148.0,122.0,122.0,123.0
162.0,192.0,300.0,300.0,173.0
204.0,169.0,300.0,171.0,205.0
182.0,170.0,227.0,123.0,125.0
181.0,185.0,200.0,169.0,154.0
148.0,154.0,124.0,126.0,136.0
205.0,164.0,193.0,145.0,221.0
92.0,109.0,118.0,145.0,116.0
178.0,172.0,188.0,172.0,187.0
184.0,202.0,217.0,300.0,196.0
135.0,121.0,144.0,146.0,127.0
107.0,112.0,133.0,158.0,120.0
127.0,109.0,139.0,117.0,215.0
145.0,163.0,150.0,148.0,151.0
172.0,192.0,165.0,175.0,113.0
202.0,190.0,172.0,166.0,204.0
109.0,142.0,159.0,119.0,123.0
140.0,147.0,188.0,167.0,98.0
121.0,100.0,133.0,144.0,144.0
179.0,146.0,157.0,132.0,168.0
168.0,172.0,109.0,168.0,97.0
147.0,129.0,157.0,176.0,176.0
187.0,210.0,172.0,148.0,180.0
169.0,116.0,141.0,130.0,126.0
160.0,135.0,155.0,154.0,123.0
144.0,137.0,146.0,151.0,135.0
118.0,105.0,144.0,131.0,116.0
147.0,122.0,163.0,128.0,155.0
130.0,133.0,132.0,128.0,129.0
185.0,197.0,300.0,147.0,194.0
175.0,183.0,185.0,146.0,174.0
116.0,97.0,113.0,110.0,118.0
212.0,201.0,300.0,176.0,203.0
197.0,224.0,200.0,194.0,154.0
161.0,162.0,152.0,115.0,171.0
117.0,94.0,148.0,121.0,107.0
109.0,109.0,141.0,162.0,108.0
145.0,104.0,161.0,170.0,130.0
191.0,207.0,229.0,156.0,184.0
152.0,148.0,116.0,116.0,118.0
159.0,124.0,122.0,0.0,173.0
167.0,162.0,130.0,130.0,151.0
142.0,151.0,216.0,101.0,143.0
91.0,119.0,123.0,147.0,106.0
149.0,152.0,139.0,127.0,148.0
157.0,127.0,143.0,166.0,109.0
158.0,150.0,148.0,120.0,174.0
159.0,134.0,140.0,115.0,130.0
151.0,129.0,191.0,116.0,143.0
152.0,165.0,141.0,189.0,137.0
183.0,188.0,175.0,159.0,135.0
162.0,169.0,166.0,149.0,68.0
104.0,132.0,160.0,0.0,159.0
126.0,145.0,133.0,125.0,141.0
124.0,100.0,151.0,122.0,146.0
138.0,105.0,117.0,150.0,122.0
167.0,171.0,157.0,170.0,184.0
167.0,161.0,123.0,142.0,196.0
181.0,167.0,141.0,146.0,177.0
167.0,149.0,169.0,150.0,152.0
103.0,91.0,135.0,154.0,110.0
134.0,133.0,140.0,122.0,134.0
165.0,131.0,181.0,123.0,169.0
170.0,190.0,179.0,147.0,180.0
159.0,192.0,187.0,167.0,194.0
124.0,112.0,136.0,99.0,167.0
154.0,176.0,149.0,126.0,189.0
132.0,153.0,165.0,196.0,124.0
202.0,145.0,199.0,128.0,164.0
139.0,98.0,97.0,127.0,112.0
155.0,120.0,155.0,180.0,144.0
173.0,178.0,190.0,113.0,155.0
102.0,83.0,118.0,0.0,89.0
137.0,144.0,166.0,139.0,216.0
166.0,158.0,130.0,126.0,146.0
146.0,125.0,98.0,141.0,173.0
137.0,123.0,110.0,135.0,131.0
146.0,162.0,169.0,152.0,145.0
153.0,176.0,177.0,171.0,191.0
151.0,120.0,118.0,113.0,142.0
127.0,102.0,121.0,168.0,105.0
225.0,191.0,215.0,205.0,212.0
177.0,157.0,190.0,146.0,177.0
134.0,90.0,156.0,142.0,92.0
172.0,141.0,181.0,168.0,167.0
196.0,199.0,219.0,125.0,151.0
135.0,172.0,145.0,145.0,151.0
172.0,158.0,211.0,151.0,180.0
167.0,163.0,154.0,175.0,120.0
123.0,122.0,104.0,134.0,133.0
160.0,164.0,121.0,128.0,153.0
159.0,147.0,179.0,126.0,160.0
195.0,179.0,192.0,147.0,144.0
207.0,164.0,227.0,162.0,166.0
160.0,144.0,98.0,146.0,103.0
126.0,117.0,161.0,123.0,123.0
175.0,187.0,216.0,179.0,150.0
162.0,107.0,128.0,111.0,120.0
194.0,201.0,204.0,156.0,180.0
127.0,118.0,124.0,117.0,119.0
111.0,135.0,118.0,94.0,90.0
169.0,155.0,134.0,113.0,137.0
109.0,116.0,129.0,130.0,88.0
133.0,134.0,135.0,188.0,156.0
168.0,85.0,206.0,165.0,162.0
138.0,157.0,138.0,123.0,158.0
122.0,126.0,124.0,126.0,100.0
183.0,146.0,190.0,150.0,172.0
141.0,147.0,150.0,188.0,126.0
170.0,109.0,169.0,157.0,162.0
121.0,153.0,117.0,121.0,170.0
208.0,187.0,191.0,152.0,173.0
137.0,143.0,142.0,160.0,134.0
184.0,184.0,160.0,162.0,164.0
148.0,158.0,136.0,93.0,171.0
105.0,112.0,102.0,0.0,129.0
176.0,176.0,173.0,128.0,163.0
114.0,98.0,119.0,112.0,104.0
124.0,118.0,118.0,152.0,74.0
185.0,159.0,199.0,173.0,132.0
144.0,121.0,162.0,0.0,113.0
165.0,133.0,168.0,170.0,121.0
166.0,181.0,153.0,134.0,170.0
137.0,121.0,135.0,145.0,138.0
150.0,113.0,186.0,173.0,138.0
181.0,153.0,187.0,123.0,162.0
132.0,133.0,136.0,125.0,99.0
144.0,138.0,177.0,181.0,119.0
191.0,195.0,300.0,177.0,180.0
85.0,135.0,119.0,159.0,144.0
174.0,179.0,147.0,169.0,178.0
157.0,102.0,124.0,153.0,89.0
162.0,170.0,186.0,158.0,135.0
165.0,126.0,214.0,125.0,193.0
137.0,127.0,146.0,154.0,147.0
140.0,149.0,171.0,120.0,99.0
140.0,154.0,119.0,120.0,175.0
134.0,139.0,133.0,158.0,129.0
179.0,155.0,126.0,204.0,148.0
158.0,169.0,157.0,152.0,144.0
114.0,101.0,107.0,0.0,138.0
142.0,116.0,174.0,158.0,145.0
142.0,122.0,107.0,0.0,131.0
162.0,167.0,146.0,126.0,178.0
140.0,181.0,178.0,171.0,172.0
201.0,146.0,226.0,141.0,159.0
183.0,190.0,213.0,172.0,164.0
183.0,165.0,183.0,158.0,177.0
143.0,163.0,151.0,121.0,163.0
159.0,151.0,214.0,142.0,179.0
141.0,153.0,169.0,186.0,129.0
157.0,164.0,140.0,172.0,151.0
110.0,118.0,136.0,189.0,191.0
83.0,102.0,83.0,114.0,80.0
146.0,161.0,170.0,149.0,175.0
204.0,189.0,216.0,183.0,209.0
122.0,102.0,160.0,119.0,93.0
162.0,123.0,183.0,114.0,146.0
96.0,112.0,145.0,0.0,80.0
144.0,111.0,170.0,155.0,131.0
135.0,81.0,168.0,151.0,157.0
142.0,169.0,166.0,153.0,145.0
125.0,120.0,106.0,127.0,115.0
149.0,132.0,126.0,156.0,130.0
140.0,151.0,138.0,147.0,138.0
171.0,185.0,191.0,153.0,145.0
113.0,116.0,130.0,117.0,124.0
166.0,152.0,171.0,112.0,146.0
150.0,133.0,170.0,137.0,141.0
158.0,149.0,171.0,124.0,134.0
111.0,110.0,153.0,126.0,145.0
173.0,145.0,195.0,169.0,170.0
192.0,182.0,213.0,167.0,142.0
138.0,134.0,167.0,167.0,131.0
167.0,161.0,171.0,170.0,154.0
141.0,135.0,178.0,180.0,185.0
135.0,145.0,129.0,185.0,164.0
130.0,126.0,139.0,143.0,123.0
187.0,194.0,202.0,173.0,150.0
186.0,165.0,161.0,126.0,158.0
148.0,143.0,143.0,0.0,127.0
126.0,131.0,119.0,151.0,87.0
188.0,196.0,174.0,174.0,165.0
132.0,133.0,166.0,116.0,130.0
159.0,129.0,189.0,114.0,128.0
188.0,159.0,134.0,119.0,143.0
217.0,214.0,300.0,167.0,200.0
121.0,150.0,152.0,146.0,148.0
103.0,87.0,97.0,130.0,97.0
133.0,138.0,152.0,111.0,127.0
166.0,176.0,160.0,300.0,146.0
146.0,167.0,159.0,172.0,159.0
128.0,101.0,104.0,151.0,86.0
175.0,100.0,160.0,174.0,165.0
156.0,159.0,148.0,119.0,166.0
179.0,161.0,153.0,152.0,173.0
121.0,130.0,171.0,143.0,104.0
150.0,142.0,162.0,125.0,140.0
151.0,109.0,133.0,82.0,96.0
141.0,137.0,132.0,117.0,115.0
156.0,161.0,213.0,154.0,124.0
191.0,161.0,96.0,168.0,178.0
153.0,148.0,129.0,113.0,153.0
182.0,167.0,199.0,170.0,178.0
161.0,141.0,0.0,160.0,145.0
130.0,119.0,134.0,83.0,95.0
140.0,134.0,114.0,158.0,126.0
168.0,163.0,225.0,135.0,195.0
188.0,210.0,178.0,166.0,175.0
144.0,174.0,138.0,178.0,156.0
124.0,166.0,132.0,123.0,156.0
192.0,195.0,205.0,132.0,224.0
110.0,109.0,140.0,111.0,129.0
140.0,143.0,149.0,0.0,120.0
140.0,135.0,144.0,117.0,154.0
176.0,160.0,136.0,113.0,151.0
155.0,170.0,141.0,162.0,137.0
104.0,82.0,111.0,122.0,109.0
195.0,182.0,189.0,173.0,208.0
104.0,99.0,112.0,0.0,83.0
118.0,143.0,132.0,119.0,80.0
74.0,92.0,124.0,147.0,100.0
164.0,162.0,158.0,128.0,134.0
154.0,140.0,135.0,78.0,149.0
169.0,132.0,169.0,111.0,135.0
106.0,134.0,125.0,123.0,110.0
119.0,94.0,102.0,124.0,74.0
138.0,142.0,144.0,147.0,85.0
181.0,170.0,176.0,179.0,174.0
117.0,126.0,152.0,168.0,144.0
113.0,83.0,137.0,122.0,116.0
161.0,158.0,157.0,118.0,158.0
191.0,215.0,136.0,170.0,200.0
165.0,167.0,227.0,166.0,153.0
183.0,186.0,198.0,146.0,197.0
206.0,214.0,181.0,163.0,137.0
197.0,220.0,221.0,178.0,192.0
165.0,159.0,172.0,0.0,122.0
200.0,202.0,203.0,179.0,175.0
158.0,147.0,170.0,175.0,159.0
154.0,144.0,181.0,161.0,150.0
122.0,114.0,132.0,123.0,129.0
91.0,120.0,101.0,117.0,88.0
128.0,101.0,179.0,149.0,97.0
225.0,197.0,203.0,148.0,204.0
109.0,96.0,113.0,125.0,82.0
208.0,201.0,300.0,158.0,211.0
88.0,84.0,137.0,125.0,104.0
87.0,104.0,105.0,150.0,88.0
151.0,179.0,161.0,154.0,149.0
103.0,141.0,170.0,125.0,160.0
183.0,182.0,174.0,181.0,166.0
189.0,200.0,208.0,123.0,198.0
143.0,149.0,142.0,164.0,146.0
136.0,154.0,129.0,149.0,121.0
113.0,78.0,123.0,152.0,108.0
179.0,205.0,196.0,127.0,154.0
151.0,153.0,177.0,164.0,137.0
161.0,157.0,145.0,128.0,126.0
144.0,170.0,128.0,164.0,98.0
155.0,161.0,174.0,158.0,175.0
178.0,185.0,183.0,113.0,163.0
140.0,137.0,181.0,133.0,193.0
150.0,152.0,139.0,152.0,137.0
122.0,132.0,151.0,120.0,95.0
116.0,128.0,115.0,155.0,137.0
157.0,174.0,219.0,154.0,184.0
120.0,110.0,139.0,153.0,99.0
182.0,154.0,133.0,151.0,150.0
199.0,221.0,211.0,151.0,178.0
97.0,114.0,118.0,118.0,99.0
197.0,212.0,170.0,127.0,185.0
114.0,112.0,140.0,146.0,144.0
217.0,189.0,203.0,132.0,200.0
110.0,119.0,136.0,93.0,99.0
224.0,196.0,210.0,119.0,161.0
123.0,115.0,149.0,147.0,150.0
129.0,136.0,129.0,166.0,123.0
153.0,167.0,155.0,161.0,82.0
144.0,88.0,109.0,155.0,131.0
137.0,114.0,114.0,116.0,108.0
134.0,151.0,121.0,153.0,154.0
171.0,146.0,196.0,130.0,149.0
106.0,98.0,139.0,156.0,143.0
129.0,128.0,145.0,166.0,125.0
195.0,197.0,167.0,151.0,126.0
136.0,107.0,106.0,156.0,124.0
125.0,111.0,117.0,139.0,134.0
176.0,199.0,180.0,170.0,172.0
133.0,122.0,144.0,122.0,114.0
148.0,127.0,146.0,120.0,131.0
175.0,162.0,112.0,0.0,147.0
208.0,182.0,192.0,164.0,182.0
179.0,156.0,122.0,117.0,145.0
147.0,149.0,209.0,114.0,120.0
180.0,162.0,169.0,120.0,203.0
161.0,143.0,159.0,111.0,141.0
162.0,171.0,123.0,148.0,131.0
152.0,120.0,116.0,0.0,128.0
119.0,169.0,151.0,123.0,167.0
184.0,187.0,169.0,109.0,160.0
105.0,126.0,122.0,118.0,100.0
176.0,128.0,142.0,160.0,121.0
106.0,95.0,111.0,111.0,88.0
184.0,166.0,201.0,121.0,178.0
135.0,136.0,111.0,165.0,134.0
142.0,155.0,143.0,121.0,137.0
142.0,157.0,140.0,167.0,157.0
165.0,193.0,182.0,179.0,170.0
183.0,156.0,169.0,155.0,152.0
173.0,182.0,157.0,154.0,145.0
150.0,134.0,143.0,123.0,132.0
175.0,193.0,175.0,127.0,155.0
179.0,182.0,154.0,160.0,130.0
133.0,163.0,183.0,146.0,145.0
123.0,152.0,144.0,120.0,138.0
173.0,154.0,145.0,118.0,155.0
222.0,201.0,216.0,122.0,212.0
91.0,88.0,107.0,159.0,149.0
118.0,118.0,169.0,112.0,142.0
123.0,93.0,130.0,110.0,125.0
182.0,186.0,210.0,170.0,166.0
127.0,149.0,167.0,168.0,169.0
99.0,112.0,143.0,142.0,119.0
146.0,112.0,138.0,114.0,109.0
163.0,160.0,122.0,145.0,73.0
159.0,173.0,212.0,161.0,213.0
123.0,138.0,142.0,130.0,139.0
110.0,140.0,167.0,88.0,123.0
173.0,172.0,151.0,120.0,126.0
156.0,136.0,122.0,127.0,131.0
157.0,169.0,121.0,125.0,138.0
172.0,165.0,126.0,162.0,133.0
132.0,160.0,138.0,114.0,105.0
115.0,141.0,137.0,145.0,138.0
129.0,124.0,124.0,156.0,122.0
146.0,165.0,193.0,150.0,136.0
134.0,120.0,141.0,127.0,155.0
115.0,81.0,146.0,127.0,91.0
165.0,136.0,147.0,158.0,118.0
170.0,127.0,147.0,119.0,176.0
157.0,112.0,163.0,0.0,160.0
130.0,161.0,179.0,148.0,138.0
122.0,118.0,136.0,134.0,128.0
168.0,167.0,227.0,161.0,170.0
99.0,83.0,95.0,124.0,103.0
135.0,116.0,121.0,92.0,143.0
162.0,153.0,151.0,146.0,128.0
138.0,146.0,158.0,186.0,156.0
156.0,150.0,198.0,167.0,182.0
164.0,140.0,174.0,121.0,136.0
106.0,105.0,120.0,115.0,96.0
153.0,115.0,124.0,152.0,139.0
150.0,92.0,202.0,124.0,171.0
146.0,161.0,154.0,156.0,125.0
156.0,176.0,168.0,129.0,130.0
194.0,186.0,153.0,125.0,162.0
186.0,176.0,172.0,114.0,208.0
141.0,132.0,180.0,121.0,159.0
214.0,195.0,205.0,139.0,151.0
143.0,115.0,127.0,159.0,157.0
233.0,214.0,202.0,125.0,190.0
170.0,150.0,147.0,131.0,149.0
148.0,170.0,148.0,123.0,131.0
111.0,141.0,119.0,120.0,109.0
168.0,200.0,99.0,171.0,139.0
164.0,172.0,137.0,166.0,118.0
209.0,188.0,223.0,171.0,208.0
206.0,178.0,166.0,155.0,171.0
128.0,150.0,160.0,145.0,158.0
93.0,82.0,132.0,0.0,108.0
92.0,175.0,125.0,122.0,149.0
124.0,141.0,113.0,117.0,93.0
98.0,95.0,97.0,0.0,94.0
177.0,165.0,198.0,174.0,200.0
146.0,107.0,155.0,119.0,110.0
192.0,197.0,158.0,154.0,160.0
143.0,182.0,198.0,300.0,165.0
153.0,116.0,117.0,152.0,151.0
168.0,176.0,195.0,177.0,169.0
166.0,182.0,192.0,198.0,144.0
166.0,136.0,157.0,122.0,127.0
178.0,162.0,211.0,151.0,188.0
181.0,131.0,144.0,155.0,133.0
137.0,152.0,139.0,123.0,109.0
212.0,208.0,222.0,182.0,177.0
143.0,113.0,137.0,173.0,105.0
161.0,146.0,206.0,172.0,147.0
159.0,153.0,147.0,150.0,123.0
124.0,120.0,132.0,149.0,156.0
98.0,113.0,125.0,121.0,93.0
143.0,167.0,179.0,163.0,185.0
173.0,147.0,104.0,127.0,161.0
131.0,107.0,122.0,160.0,124.0
147.0,171.0,201.0,175.0,167.0
176.0,156.0,178.0,143.0,162.0
217.0,196.0,228.0,152.0,182.0
116.0,68.0,124.0,124.0,98.0
176.0,198.0,163.0,168.0,176.0
177.0,185.0,159.0,157.0,157.0
127.0,160.0,159.0,117.0,90.0
160.0,149.0,146.0,165.0,133.0
182.0,198.0,157.0,125.0,150.0
188.0,154.0,143.0,130.0,103.0
91.0,93.0,92.0,0.0,101.0
181.0,159.0,202.0,164.0,183.0
139.0,125.0,131.0,124.0,120.0
191.0,180.0,191.0,163.0,162.0
156.0,110.0,111.0,123.0,110.0
159.0,178.0,177.0,152.0,195.0
137.0,134.0,142.0,117.0,138.0
158.0,126.0,136.0,130.0,108.0
169.0,110.0,198.0,160.0,153.0
139.0,161.0,151.0,118.0,174.0
135.0,76.0,138.0,126.0,156.0
112.0,149.0,131.0,128.0,127.0
166.0,176.0,177.0,175.0,156.0
120.0,120.0,117.0,162.0,107.0
188.0,192.0,195.0,159.0,169.0
145.0,100.0,131.0,145.0,121.0
212.0,205.0,176.0,132.0,186.0
165.0,176.0,173.0,153.0,201.0
165.0,191.0,210.0,83.0,144.0
165.0,172.0,207.0,132.0,190.0
150.0,84.0,166.0,154.0,139.0
217.0,144.0,219.0,176.0,179.0
94.0,92.0,137.0,169.0,117.0
197.0,185.0,174.0,0.0,157.0
155.0,161.0,160.0,121.0,141.0
123.0,93.0,131.0,129.0,133.0
165.0,131.0,101.0,144.0,157.0
211.0,190.0,217.0,170.0,226.0
85.0,100.0,108.0,127.0,93.0
208.0,206.0,187.0,153.0,208.0
129.0,140.0,168.0,0.0,157.0
156.0,139.0,166.0,163.0,66.0
137.0,191.0,163.0,188.0,117.0
156.0,158.0,197.0,148.0,158.0
138.0,134.0,131.0,108.0,141.0
182.0,179.0,164.0,159.0,135.0
125.0,77.0,142.0,172.0,95.0
136.0,113.0,137.0,111.0,102.0
123.0,142.0,151.0,159.0,148.0
155.0,170.0,178.0,160.0,186.0
100.0,81.0,118.0,0.0,120.0
133.0,190.0,164.0,172.0,162.0
179.0,184.0,136.0,110.0,108.0
149.0,131.0,131.0,0.0,111.0
149.0,142.0,127.0,133.0,146.0
147.0,151.0,151.0,173.0,141.0
151.0,162.0,155.0,126.0,155.0
146.0,112.0,135.0,162.0,146.0
168.0,144.0,188.0,183.0,192.0
103.0,109.0,151.0,119.0,113.0
184.0,183.0,163.0,131.0,148.0
140.0,127.0,158.0,170.0,155.0
175.0,165.0,162.0,171.0,122.0
158.0,165.0,172.0,172.0,119.0
156.0,147.0,150.0,120.0,166.0
148.0,175.0,177.0,149.0,181.0
119.0,99.0,197.0,173.0,176.0
134.0,129.0,110.0,116.0,142.0
174.0,145.0,179.0,162.0,156.0
175.0,181.0,151.0,176.0,147.0
112.0,113.0,151.0,173.0,116.0
115.0,111.0,119.0,166.0,130.0
166.0,156.0,169.0,118.0,138.0
166.0,147.0,112.0,124.0,157.0
182.0,158.0,156.0,0.0,156.0
187.0,173.0,179.0,162.0,146.0
175.0,175.0,182.0,117.0,166.0
126.0,108.0,119.0,155.0,161.0
128.0,179.0,106.0,166.0,135.0
0.0,0.0,0.0,75.0,80.0
160.0,144.0,141.0,156.0,168.0
161.0,163.0,116.0,144.0,165.0
197.0,205.0,199.0,147.0,227.0
169.0,170.0,185.0,132.0,135.0
142.0,164.0,178.0,112.0,110.0
150.0,151.0,138.0,176.0,99.0
164.0,156.0,140.0,149.0,155.0
120.0,123.0,109.0,176.0,127.0
160.0,166.0,131.0,158.0,116.0
144.0,153.0,107.0,125.0,133.0
121.0,78.0,174.0,128.0,140.0
185.0,176.0,150.0,171.0,178.0
165.0,140.0,143.0,123.0,77.0
177.0,178.0,191.0,144.0,170.0
131.0,105.0,136.0,124.0,155.0
154.0,129.0,147.0,135.0,146.0
151.0,149.0,173.0,152.0,163.0
180.0,163.0,184.0,157.0,143.0
145.0,145.0,158.0,168.0,178.0
158.0,158.0,151.0,121.0,163.0
148.0,110.0,150.0,155.0,134.0
159.0,164.0,149.0,171.0,118.0
126.0,116.0,123.0,163.0,141.0
174.0,176.0,170.0,167.0,163.0
89.0,100.0,104.0,86.0,68.0
135.0,145.0,113.0,118.0,143.0
155.0,149.0,155.0,188.0,151.0
139.0,147.0,135.0,98.0,149.0
172.0,174.0,151.0,175.0,183.0
116.0,125.0,118.0,158.0,129.0
120.0,123.0,150.0,154.0,146.0
199.0,194.0,180.0,156.0,185.0
160.0,158.0,143.0,117.0,99.0
160.0,133.0,106.0,149.0,141.0
108.0,121.0,114.0,108.0,97.0
114.0,128.0,142.0,156.0,91.0
159.0,120.0,181.0,150.0,166.0
127.0,138.0,159.0,156.0,110.0
173.0,166.0,174.0,89.0,144.0
130.0,131.0,128.0,123.0,141.0
146.0,161.0,142.0,160.0,138.0
121.0,120.0,137.0,129.0,127.0
146.0,151.0,169.0,128.0,169.0
194.0,117.0,186.0,179.0,142.0
95.0,123.0,144.0,97.0,111.0
180.0,141.0,154.0,117.0,114.0
164.0,172.0,155.0,124.0,146.0
123.0,89.0,134.0,147.0,115.0
143.0,157.0,144.0,142.0,148.0
182.0,117.0,155.0,120.0,157.0
176.0,147.0,191.0,154.0,145.0
185.0,167.0,191.0,130.0,200.0
205.0,195.0,300.0,165.0,196.0
100.0,111.0,191.0,136.0,134.0
169.0,172.0,159.0,170.0,179.0
122.0,105.0,142.0,0.0,74.0
104.0,86.0,98.0,81.0,116.0
106.0,86.0,121.0,165.0,113.0
132.0,97.0,148.0,114.0,147.0
173.0,202.0,187.0,166.0,145.0
172.0,171.0,156.0,120.0,159.0
198.0,205.0,189.0,178.0,149.0
184.0,172.0,156.0,74.0,161.0
119.0,117.0,119.0,126.0,152.0
93.0,148.0,184.0,147.0,129.0
149.0,148.0,186.0,157.0,164.0
189.0,179.0,151.0,164.0,141.0
151.0,118.0,128.0,173.0,152.0
126.0,125.0,149.0,120.0,119.0
183.0,146.0,203.0,180.0,174.0
200.0,203.0,184.0,170.0,300.0
153.0,125.0,117.0,156.0,122.0
195.0,211.0,218.0,148.0,171.0
179.0,173.0,205.0,124.0,182.0
127.0,167.0,176.0,164.0,143.0
173.0,185.0,201.0,171.0,194.0
128.0,169.0,192.0,126.0,188.0
98.0,115.0,159.0,109.0,162.0
135.0,114.0,142.0,164.0,143.0
153.0,149.0,172.0,145.0,127.0
182.0,155.0,189.0,112.0,139.0
206.0,198.0,203.0,144.0,186.0
145.0,162.0,156.0,118.0,148.0
156.0,114.0,123.0,122.0,110.0
169.0,158.0,152.0,124.0,149.0
184.0,210.0,217.0,181.0,300.0
130.0,161.0,150.0,138.0,143.0
132.0,142.0,192.0,123.0,169.0
185.0,79.0,199.0,177.0,183.0
107.0,105.0,107.0,0.0,116.0
102.0,93.0,138.0,150.0,148.0
150.0,127.0,133.0,170.0,168.0
166.0,174.0,178.0,139.0,203.0
163.0,129.0,182.0,150.0,165.0
144.0,163.0,160.0,126.0,148.0
178.0,169.0,174.0,123.0,124.0
187.0,194.0,173.0,163.0,115.0
148.0,133.0,158.0,167.0,148.0
162.0,167.0,117.0,152.0,127.0
187.0,155.0,136.0,169.0,174.0
145.0,141.0,127.0,0.0,101.0
151.0,136.0,158.0,155.0,140.0
180.0,199.0,142.0,149.0,132.0
131.0,98.0,143.0,167.0,131.0
142.0,132.0,202.0,131.0,141.0
172.0,148.0,176.0,117.0,140.0
170.0,158.0,176.0,174.0,178.0
158.0,168.0,156.0,166.0,172.0
153.0,129.0,151.0,133.0,189.0
169.0,180.0,192.0,148.0,151.0
139.0,128.0,113.0,149.0,86.0
130.0,142.0,145.0,128.0,131.0
174.0,195.0,146.0,173.0,189.0
106.0,89.0,124.0,100.0,117.0
136.0,130.0,108.0,0.0,141.0
195.0,195.0,214.0,168.0,220.0
173.0,142.0,143.0,118.0,177.0
103.0,98.0,139.0,121.0,111.0
133.0,116.0,102.0,182.0,150.0
202.0,215.0,204.0,177.0,150.0
159.0,159.0,132.0,96.0,139.0
139.0,96.0,162.0,133.0,71.0
158.0,135.0,152.0,168.0,133.0
171.0,173.0,209.0,160.0,190.0
133.0,135.0,158.0,125.0,149.0
186.0,154.0,141.0,150.0,117.0
159.0,152.0,127.0,121.0,100.0
151.0,162.0,181.0,130.0,161.0
156.0,147.0,128.0,135.0,131.0
145.0,111.0,111.0,119.0,101.0
121.0,81.0,115.0,124.0,108.0
98.0,103.0,129.0,124.0,129.0
181.0,171.0,169.0,114.0,177.0
171.0,188.0,171.0,143.0,130.0
179.0,184.0,183.0,150.0,169.0
163.0,156.0,137.0,184.0,139.0
119.0,117.0,118.0,109.0,110.0
175.0,156.0,161.0,164.0,146.0
176.0,167.0,152.0,0.0,163.0
127.0,107.0,130.0,128.0,123.0
126.0,131.0,130.0,174.0,129.0
174.0,124.0,144.0,131.0,121.0
132.0,116.0,154.0,126.0,115.0
191.0,184.0,224.0,167.0,184.0
186.0,176.0,152.0,149.0,152.0
152.0,172.0,172.0,161.0,138.0
154.0,123.0,151.0,166.0,141.0
143.0,169.0,144.0,119.0,90.0
164.0,134.0,125.0,125.0,98.0
205.0,186.0,218.0,166.0,166.0
121.0,106.0,94.0,111.0,119.0
191.0,138.0,196.0,168.0,157.0
139.0,88.0,155.0,128.0,121.0
175.0,147.0,167.0,175.0,204.0
154.0,162.0,168.0,113.0,115.0
216.0,213.0,228.0,165.0,209.0
176.0,157.0,198.0,123.0,153.0
158.0,146.0,149.0,170.0,142.0
140.0,155.0,143.0,144.0,168.0
194.0,182.0,205.0,116.0,126.0
109.0,130.0,122.0,0.0,93.0
154.0,195.0,124.0,165.0,132.0
162.0,113.0,194.0,133.0,117.0
173.0,187.0,300.0,195.0,116.0
162.0,162.0,150.0,126.0,127.0
112.0,127.0,135.0,172.0,92.0
164.0,150.0,185.0,134.0,206.0
232.0,196.0,222.0,154.0,214.0
135.0,138.0,151.0,111.0,136.0
123.0,147.0,121.0,182.0,126.0
156.0,99.0,116.0,154.0,145.0
198.0,182.0,182.0,157.0,134.0
145.0,155.0,118.0,124.0,121.0
145.0,172.0,142.0,160.0,152.0
181.0,161.0,162.0,173.0,153.0
129.0,98.0,143.0,150.0,113.0
124.0,123.0,119.0,115.0,107.0
124.0,116.0,145.0,117.0,101.0
173.0,181.0,97.0,125.0,125.0
180.0,142.0,114.0,180.0,102.0
163.0,157.0,150.0,155.0,180.0
153.0,142.0,117.0,148.0,157.0
156.0,126.0,145.0,163.0,208.0
137.0,164.0,144.0,154.0,168.0
156.0,162.0,167.0,0.0,130.0
134.0,111.0,181.0,166.0,147.0
164.0,171.0,123.0,178.0,140.0
181.0,114.0,161.0,80.0,140.0
154.0,149.0,166.0,144.0,185.0
173.0,141.0,147.0,172.0,209.0
143.0,120.0,125.0,111.0,121.0
193.0,180.0,198.0,144.0,187.0
129.0,83.0,143.0,135.0,138.0
187.0,200.0,193.0,171.0,139.0
167.0,142.0,134.0,132.0,123.0
102.0,95.0,125.0,131.0,107.0
148.0,127.0,150.0,124.0,153.0
115.0,128.0,128.0,122.0,101.0
107.0,152.0,158.0,149.0,175.0
121.0,142.0,154.0,87.0,93.0
143.0,142.0,96.0,89.0,94.0
188.0,192.0,214.0,166.0,168.0
140.0,109.0,121.0,120.0,106.0
117.0,133.0,116.0,138.0,81.0
155.0,159.0,148.0,157.0,150.0
187.0,166.0,195.0,172.0,145.0
172.0,177.0,137.0,151.0,133.0
136.0,131.0,121.0,153.0,103.0
148.0,128.0,180.0,86.0,142.0
140.0,150.0,137.0,181.0,185.0
145.0,112.0,153.0,149.0,145.0
181.0,188.0,179.0,114.0,198.0
88.0,84.0,116.0,121.0,134.0
156.0,172.0,167.0,127.0,139.0
157.0,152.0,138.0,168.0,159.0
162.0,143.0,167.0,162.0,142.0
163.0,158.0,140.0,124.0,144.0
133.0,172.0,152.0,97.0,138.0
179.0,189.0,216.0,156.0,150.0
176.0,161.0,175.0,163.0,203.0
190.0,176.0,158.0,178.0,183.0
143.0,102.0,149.0,152.0,146.0
108.0,96.0,138.0,0.0,82.0
167.0,179.0,144.0,174.0,153.0
165.0,159.0,116.0,157.0,149.0
162.0,143.0,199.0,155.0,190.0
131.0,160.0,212.0,178.0,134.0
158.0,102.0,106.0,152.0,152.0
153.0,185.0,170.0,149.0,150.0
117.0,123.0,144.0,166.0,85.0
165.0,161.0,132.0,172.0,199.0
140.0,113.0,126.0,119.0,148.0
148.0,148.0,174.0,116.0,151.0
184.0,168.0,145.0,160.0,111.0
164.0,171.0,208.0,129.0,138.0
169.0,178.0,221.0,163.0,168.0
143.0,137.0,143.0,112.0,120.0
181.0,143.0,225.0,111.0,149.0
148.0,145.0,166.0,167.0,144.0
143.0,97.0,201.0,0.0,156.0
207.0,210.0,178.0,160.0,199.0
130.0,152.0,146.0,116.0,144.0
102.0,89.0,129.0,117.0,83.0
135.0,119.0,148.0,109.0,90.0
123.0,174.0,153.0,151.0,150.0
147.0,110.0,139.0,86.0,105.0
149.0,171.0,148.0,122.0,138.0
181.0,191.0,176.0,174.0,146.0
147.0,186.0,159.0,124.0,185.0
154.0,112.0,99.0,125.0,112.0
108.0,87.0,158.0,163.0,130.0
182.0,165.0,215.0,169.0,185.0
134.0,120.0,121.0,122.0,110.0
136.0,123.0,123.0,156.0,117.0
168.0,154.0,179.0,144.0,176.0
146.0,142.0,135.0,174.0,147.0
177.0,192.0,174.0,155.0,185.0
110.0,110.0,107.0,89.0,80.0
185.0,205.0,156.0,167.0,140.0
177.0,151.0,210.0,187.0,187.0
189.0,204.0,154.0,167.0,159.0
184.0,189.0,162.0,146.0,196.0
151.0,168.0,170.0,168.0,153.0
177.0,169.0,149.0,117.0,141.0
160.0,192.0,154.0,127.0,171.0
121.0,121.0,135.0,119.0,115.0
140.0,127.0,127.0,109.0,123.0
136.0,161.0,146.0,141.0,121.0
126.0,132.0,138.0,127.0,138.0
200.0,154.0,206.0,196.0,191.0
125.0,122.0,118.0,129.0,123.0
158.0,133.0,128.0,184.0,139.0
157.0,189.0,164.0,180.0,124.0
147.0,128.0,169.0,91.0,166.0
96.0,99.0,189.0,153.0,146.0
152.0,106.0,83.0,166.0,151.0
127.0,107.0,117.0,0.0,135.0
117.0,163.0,122.0,178.0,123.0
109.0,84.0,110.0,121.0,102.0
136.0,146.0,154.0,166.0,155.0
204.0,202.0,180.0,173.0,164.0
158.0,142.0,139.0,132.0,145.0
166.0,135.0,127.0,149.0,118.0
147.0,99.0,167.0,180.0,131.0
170.0,86.0,218.0,155.0,146.0
177.0,135.0,170.0,192.0,107.0
166.0,207.0,159.0,179.0,170.0
187.0,162.0,200.0,140.0,170.0
166.0,166.0,213.0,164.0,172.0
107.0,92.0,120.0,93.0,132.0
154.0,138.0,181.0,120.0,121.0
126.0,124.0,149.0,153.0,144.0
185.0,205.0,199.0,143.0,192.0
151.0,128.0,130.0,131.0,135.0
148.0,146.0,152.0,170.0,155.0
161.0,177.0,174.0,155.0,181.0
181.0,177.0,211.0,162.0,143.0
166.0,180.0,118.0,120.0,134.0
146.0,127.0,129.0,126.0,130.0
89.0,83.0,127.0,89.0,117.0
127.0,103.0,108.0,90.0,128.0
130.0,142.0,154.0,0.0,166.0
147.0,166.0,161.0,123.0,162.0
191.0,189.0,192.0,116.0,198.0
131.0,124.0,122.0,123.0,110.0
152.0,145.0,169.0,162.0,186.0
136.0,120.0,150.0,83.0,122.0
148.0,164.0,164.0,177.0,128.0
192.0,180.0,162.0,119.0,159.0
139.0,164.0,149.0,153.0,162.0
175.0,170.0,157.0,173.0,194.0
165.0,207.0,135.0,119.0,142.0
158.0,156.0,128.0,158.0,155.0
156.0,130.0,103.0,112.0,100.0
141.0,116.0,144.0,159.0,144.0
189.0,182.0,142.0,157.0,184.0
150.0,135.0,148.0,114.0,117.0
179.0,159.0,169.0,116.0,137.0
141.0,107.0,154.0,165.0,117.0
167.0,165.0,163.0,121.0,146.0
133.0,131.0,130.0,0.0,97.0
134.0,119.0,115.0,142.0,122.0
181.0,138.0,159.0,158.0,113.0
174.0,191.0,195.0,122.0,163.0
155.0,167.0,108.0,84.0,125.0
112.0,80.0,149.0,150.0,130.0
152.0,165.0,196.0,168.0,180.0
204.0,186.0,193.0,113.0,182.0
190.0,192.0,158.0,169.0,220.0
172.0,123.0,191.0,165.0,150.0
126.0,106.0,172.0,157.0,157.0
155.0,150.0,164.0,0.0,157.0
151.0,140.0,161.0,0.0,155.0
164.0,126.0,178.0,111.0,182.0
100.0,80.0,103.0,82.0,81.0
117.0,130.0,158.0,139.0,132.0
187.0,206.0,197.0,129.0,181.0
106.0,78.0,133.0,0.0,92.0
157.0,157.0,212.0,154.0,165.0
190.0,176.0,202.0,164.0,208.0
165.0,161.0,139.0,134.0,138.0
150.0,151.0,145.0,123.0,136.0
138.0,145.0,165.0,164.0,135.0
107.0,123.0,129.0,127.0,123.0
156.0,173.0,155.0,165.0,158.0
140.0,186.0,143.0,0.0,121.0
126.0,120.0,110.0,147.0,108.0
128.0,160.0,160.0,126.0,144.0
146.0,133.0,128.0,139.0,106.0
135.0,152.0,145.0,199.0,143.0
216.0,171.0,167.0,145.0,142.0
120.0,82.0,104.0,150.0,145.0
131.0,159.0,132.0,153.0,120.0
153.0,114.0,137.0,135.0,129.0
158.0,151.0,134.0,164.0,160.0
105.0,100.0,126.0,112.0,84.0
154.0,148.0,133.0,183.0,131.0
139.0,140.0,177.0,144.0,141.0
169.0,172.0,203.0,145.0,189.0
140.0,105.0,118.0,143.0,151.0
179.0,189.0,176.0,135.0,170.0
123.0,133.0,135.0,129.0,118.0
159.0,138.0,186.0,183.0,143.0
121.0,150.0,150.0,0.0,114.0
152.0,136.0,133.0,159.0,132.0
149.0,100.0,146.0,133.0,137.0
117.0,138.0,135.0,129.0,113.0
182.0,145.0,120.0,172.0,172.0
157.0,160.0,143.0,154.0,120.0
175.0,113.0,189.0,129.0,197.0
170.0,176.0,165.0,162.0,164.0
185.0,175.0,206.0,140.0,180.0
158.0,166.0,171.0,170.0,176.0
174.0,84.0,154.0,114.0,161.0
108.0,86.0,109.0,161.0,103.0
180.0,141.0,174.0,149.0,179.0
201.0,178.0,126.0,154.0,197.0
157.0,153.0,147.0,147.0,146.0
149.0,205.0,186.0,156.0,182.0
147.0,108.0,114.0,80.0,118.0
212.0,201.0,210.0,170.0,190.0
176.0,168.0,173.0,133.0,188.0
120.0,126.0,142.0,116.0,147.0
146.0,129.0,125.0,144.0,132.0
158.0,136.0,158.0,159.0,114.0
175.0,169.0,190.0,172.0,168.0
121.0,88.0,128.0,151.0,144.0
157.0,142.0,115.0,126.0,152.0
175.0,188.0,206.0,161.0,203.0
140.0,126.0,154.0,127.0,115.0
129.0,157.0,148.0,168.0,138.0
178.0,183.0,204.0,118.0,133.0
137.0,98.0,134.0,128.0,123.0
113.0,95.0,142.0,112.0,101.0
142.0,159.0,129.0,118.0,139.0
152.0,173.0,160.0,113.0,161.0
134.0,149.0,131.0,157.0,156.0
124.0,99.0,100.0,124.0,145.0
175.0,158.0,186.0,153.0,140.0
198.0,176.0,179.0,166.0,213.0
145.0,127.0,131.0,125.0,115.0
134.0,127.0,155.0,174.0,103.0
192.0,164.0,212.0,202.0,154.0
154.0,150.0,162.0,127.0,111.0
152.0,116.0,120.0,120.0,137.0
200.0,223.0,200.0,170.0,188.0
162.0,115.0,153.0,193.0,129.0
93.0,154.0,109.0,0.0,128.0
135.0,98.0,133.0,170.0,135.0
116.0,128.0,126.0,105.0,93.0
157.0,121.0,150.0,106.0,189.0
91.0,94.0,148.0,111.0,131.0
140.0,120.0,135.0,161.0,128.0
170.0,167.0,173.0,148.0,158.0
178.0,151.0,109.0,160.0,158.0
150.0,154.0,144.0,123.0,152.0
173.0,144.0,161.0,132.0,152.0
185.0,215.0,193.0,168.0,207.0
207.0,202.0,179.0,149.0,185.0
145.0,170.0,194.0,169.0,150.0
161.0,177.0,127.0,126.0,175.0
122.0,104.0,107.0,113.0,100.0
143.0,131.0,134.0,147.0,106.0
192.0,175.0,147.0,162.0,181.0
145.0,112.0,102.0,160.0,106.0
179.0,116.0,124.0,122.0,168.0
151.0,132.0,131.0,136.0,138.0
187.0,146.0,159.0,138.0,117.0
180.0,193.0,200.0,175.0,200.0
136.0,77.0,173.0,147.0,139.0
155.0,133.0,120.0,163.0,123.0
135.0,133.0,120.0,98.0,112.0
201.0,177.0,197.0,120.0,190.0
140.0,176.0,181.0,147.0,118.0
144.0,112.0,138.0,0.0,115.0
171.0,184.0,213.0,150.0,206.0
156.0,156.0,135.0,173.0,141.0
126.0,125.0,168.0,119.0,132.0
161.0,152.0,140.0,120.0,129.0
214.0,196.0,228.0,149.0,224.0
156.0,131.0,169.0,169.0,99.0
118.0,91.0,153.0,124.0,100.0
160.0,151.0,131.0,116.0,149.0
126.0,150.0,131.0,152.0,156.0
155.0,103.0,127.0,152.0,124.0
169.0,160.0,183.0,109.0,163.0
192.0,178.0,207.0,176.0,211.0
145.0,150.0,129.0,123.0,108.0
161.0,195.0,150.0,145.0,89.0
119.0,106.0,113.0,122.0,97.0
134.0,178.0,143.0,150.0,120.0
107.0,85.0,132.0,117.0,98.0
87.0,211.0,201.0,191.0,135.0
151.0,126.0,172.0,126.0,124.0
139.0,140.0,174.0,195.0,114.0
192.0,233.0,212.0,179.0,178.0
123.0,156.0,147.0,155.0,155.0
117.0,98.0,107.0,0.0,95.0
114.0,120.0,143.0,150.0,127.0
120.0,116.0,117.0,123.0,116.0
166.0,166.0,114.0,146.0,127.0
147.0,146.0,177.0,118.0,169.0
160.0,136.0,152.0,145.0,114.0
160.0,156.0,143.0,150.0,117.0
169.0,188.0,154.0,141.0,159.0
191.0,177.0,201.0,114.0,209.0
150.0,155.0,137.0,123.0,144.0
145.0,166.0,158.0,165.0,131.0
162.0,127.0,150.0,126.0,162.0
175.0,155.0,127.0,125.0,109.0
120.0,98.0,143.0,128.0,120.0
140.0,144.0,143.0,128.0,170.0
177.0,156.0,124.0,121.0,141.0
132.0,118.0,157.0,118.0,94.0
175.0,207.0,201.0,189.0,184.0
170.0,164.0,171.0,168.0,149.0
140.0,141.0,126.0,0.0,99.0
148.0,145.0,151.0,113.0,132.0
134.0,163.0,99.0,111.0,123.0
104.0,76.0,107.0,70.0,84.0
125.0,138.0,135.0,77.0,139.0
115.0,139.0,132.0,124.0,138.0
117.0,90.0,161.0,182.0,181.0
199.0,222.0,177.0,300.0,211.0
132.0,143.0,150.0,159.0,127.0
147.0,137.0,164.0,140.0,178.0
138.0,140.0,141.0,153.0,130.0
141.0,87.0,138.0,158.0,124.0
152.0,180.0,157.0,122.0,168.0
198.0,204.0,182.0,82.0,169.0
119.0,146.0,138.0,165.0,138.0
135.0,121.0,145.0,131.0,121.0
174.0,151.0,149.0,158.0,161.0
153.0,166.0,142.0,152.0,150.0
161.0,158.0,139.0,124.0,130.0
142.0,131.0,151.0,146.0,119.0
111.0,147.0,116.0,77.0,110.0
161.0,152.0,187.0,145.0,133.0
138.0,147.0,162.0,120.0,135.0
155.0,180.0,151.0,151.0,165.0
186.0,151.0,195.0,120.0,189.0
183.0,181.0,185.0,164.0,175.0
170.0,165.0,202.0,145.0,132.0
203.0,181.0,180.0,179.0,185.0
188.0,162.0,177.0,196.0,174.0
94.0,159.0,144.0,162.0,127.0
144.0,176.0,121.0,133.0,84.0
97.0,142.0,190.0,181.0,203.0
119.0,138.0,146.0,110.0,113.0
154.0,158.0,160.0,123.0,155.0
188.0,175.0,164.0,165.0,178.0
144.0,182.0,151.0,128.0,110.0
166.0,83.0,155.0,123.0,132.0
152.0,146.0,173.0,125.0,164.0
208.0,176.0,174.0,160.0,129.0
145.0,166.0,138.0,145.0,132.0
109.0,89.0,127.0,116.0,94.0
141.0,167.0,192.0,148.0,115.0
213.0,185.0,203.0,171.0,72.0
160.0,184.0,211.0,176.0,173.0
181.0,151.0,147.0,116.0,134.0
123.0,137.0,188.0,126.0,208.0
102.0,87.0,117.0,155.0,78.0
119.0,122.0,133.0,124.0,125.0
151.0,144.0,138.0,147.0,146.0
145.0,149.0,166.0,118.0,145.0
140.0,133.0,153.0,119.0,128.0
173.0,158.0,184.0,184.0,134.0
104.0,149.0,174.0,120.0,90.0
150.0,95.0,175.0,158.0,192.0
187.0,165.0,179.0,153.0,164.0
156.0,162.0,147.0,182.0,128.0
161.0,170.0,161.0,127.0,113.0
169.0,198.0,163.0,150.0,124.0
147.0,125.0,121.0,168.0,103.0
196.0,204.0,198.0,180.0,203.0
145.0,125.0,154.0,156.0,111.0
114.0,84.0,106.0,125.0,97.0
174.0,182.0,181.0,174.0,192.0
145.0,156.0,156.0,168.0,132.0
148.0,103.0,152.0,131.0,119.0
82.0,119.0,117.0,125.0,127.0
119.0,82.0,103.0,125.0,105.0
119.0,93.0,111.0,151.0,112.0
161.0,140.0,181.0,170.0,180.0
180.0,184.0,164.0,119.0,156.0
170.0,177.0,149.0,0.0,132.0
165.0,158.0,158.0,151.0,199.0
147.0,132.0,154.0,111.0,121.0
128.0,141.0,168.0,149.0,146.0
156.0,158.0,146.0,154.0,149.0
141.0,155.0,156.0,116.0,131.0
178.0,184.0,145.0,174.0,172.0
152.0,147.0,148.0,169.0,130.0
175.0,90.0,160.0,170.0,69.0
172.0,103.0,200.0,166.0,160.0
149.0,127.0,175.0,0.0,155.0
123.0,105.0,123.0,124.0,126.0
152.0,172.0,168.0,149.0,185.0
180.0,170.0,165.0,137.0,143.0
137.0,112.0,108.0,123.0,114.0
123.0,175.0,134.0,138.0,167.0
154.0,107.0,197.0,128.0,72.0
140.0,126.0,144.0,124.0,129.0
164.0,135.0,130.0,177.0,154.0
131.0,134.0,122.0,117.0,139.0
128.0,115.0,120.0,73.0,74.0
192.0,194.0,204.0,144.0,182.0
111.0,131.0,126.0,126.0,125.0
118.0,142.0,129.0,164.0,144.0
180.0,181.0,131.0,142.0,120.0
133.0,175.0,201.0,158.0,185.0
129.0,99.0,113.0,133.0,121.0
138.0,124.0,148.0,102.0,121.0
162.0,186.0,126.0,173.0,153.0
167.0,132.0,125.0,144.0,127.0
169.0,175.0,124.0,122.0,161.0
136.0,179.0,187.0,121.0,151.0
130.0,148.0,133.0,152.0,142.0
196.0,176.0,154.0,150.0,150.0
136.0,103.0,115.0,161.0,133.0
191.0,173.0,192.0,170.0,150.0
132.0,154.0,162.0,147.0,150.0
111.0,89.0,114.0,120.0,83.0
144.0,100.0,133.0,149.0,96.0
193.0,201.0,179.0,157.0,186.0
156.0,149.0,200.0,123.0,170.0
115.0,109.0,146.0,124.0,174.0
168.0,167.0,177.0,149.0,138.0
145.0,105.0,149.0,150.0,113.0
137.0,139.0,146.0,127.0,123.0
154.0,141.0,300.0,182.0,154.0
121.0,118.0,139.0,127.0,106.0
188.0,164.0,156.0,161.0,137.0
159.0,179.0,178.0,118.0,182.0
144.0,131.0,159.0,120.0,111.0
182.0,188.0,184.0,171.0,195.0
114.0,99.0,115.0,0.0,89.0
122.0,134.0,132.0,165.0,179.0
104.0,113.0,127.0,0.0,73.0
148.0,112.0,144.0,116.0,116.0
172.0,173.0,193.0,163.0,151.0
106.0,100.0,116.0,113.0,74.0
167.0,175.0,165.0,118.0,146.0
120.0,101.0,179.0,129.0,166.0
192.0,199.0,152.0,169.0,185.0
150.0,135.0,123.0,121.0,139.0
116.0,117.0,136.0,0.0,120.0
133.0,112.0,152.0,130.0,131.0
184.0,192.0,126.0,129.0,143.0
198.0,175.0,187.0,123.0,155.0
187.0,148.0,197.0,126.0,200.0
179.0,202.0,185.0,143.0,177.0
128.0,144.0,139.0,114.0,120.0
180.0,187.0,151.0,170.0,163.0
132.0,130.0,134.0,147.0,185.0
104.0,146.0,145.0,113.0,150.0
137.0,124.0,110.0,135.0,103.0
104.0,111.0,107.0,0.0,102.0
106.0,103.0,132.0,129.0,107.0
153.0,135.0,187.0,141.0,132.0
139.0,141.0,136.0,156.0,121.0
149.0,149.0,154.0,152.0,119.0
178.0,164.0,199.0,149.0,125.0
191.0,197.0,198.0,167.0,178.0
133.0,106.0,133.0,121.0,154.0
171.0,175.0,130.0,135.0,142.0
144.0,151.0,173.0,165.0,191.0
146.0,160.0,147.0,161.0,146.0
126.0,114.0,169.0,139.0,121.0
210.0,204.0,211.0,182.0,160.0
184.0,164.0,201.0,154.0,189.0
132.0,110.0,184.0,94.0,139.0
180.0,184.0,152.0,181.0,181.0
183.0,172.0,155.0,200.0,142.0
158.0,152.0,146.0,168.0,157.0
217.0,193.0,192.0,168.0,202.0
174.0,188.0,176.0,127.0,157.0
132.0,136.0,130.0,175.0,150.0
169.0,124.0,109.0,125.0,138.0
156.0,122.0,148.0,153.0,160.0
164.0,194.0,200.0,181.0,142.0
97.0,156.0,161.0,0.0,142.0
152.0,140.0,149.0,163.0,172.0
168.0,190.0,159.0,151.0,158.0
194.0,195.0,126.0,168.0,161.0
168.0,118.0,120.0,132.0,141.0
175.0,150.0,181.0,150.0,147.0
213.0,196.0,199.0,165.0,202.0
145.0,158.0,154.0,175.0,155.0
132.0,167.0,136.0,129.0,139.0
165.0,109.0,160.0,176.0,101.0
140.0,103.0,148.0,144.0,132.0
185.0,195.0,190.0,163.0,148.0
116.0,96.0,151.0,149.0,110.0
120.0,96.0,149.0,88.0,159.0
162.0,152.0,207.0,128.0,150.0
149.0,134.0,114.0,151.0,111.0
188.0,197.0,189.0,183.0,156.0
122.0,121.0,137.0,130.0,155.0
173.0,168.0,157.0,169.0,128.0
175.0,172.0,159.0,155.0,153.0
155.0,140.0,136.0,124.0,170.0
165.0,112.0,133.0,117.0,77.0
134.0,115.0,141.0,160.0,139.0
111.0,115.0,154.0,165.0,124.0
166.0,110.0,152.0,121.0,175.0
168.0,170.0,164.0,158.0,111.0
182.0,190.0,181.0,174.0,208.0
120.0,115.0,137.0,123.0,98.0
176.0,202.0,158.0,147.0,145.0
102.0,82.0,150.0,203.0,102.0
190.0,144.0,128.0,147.0,141.0
174.0,179.0,148.0,153.0,120.0
125.0,123.0,152.0,124.0,137.0
181.0,197.0,185.0,158.0,173.0
149.0,141.0,192.0,155.0,134.0
142.0,108.0,122.0,141.0,94.0
155.0,141.0,171.0,153.0,148.0
180.0,173.0,182.0,134.0,143.0
148.0,155.0,128.0,124.0,136.0
158.0,164.0,142.0,173.0,150.0
118.0,97.0,118.0,86.0,88.0
166.0,129.0,164.0,171.0,158.0
145.0,127.0,142.0,174.0,158.0
143.0,123.0,133.0,135.0,113.0
134.0,87.0,136.0,186.0,123.0
135.0,115.0,138.0,131.0,114.0
126.0,144.0,160.0,125.0,161.0
113.0,109.0,115.0,72.0,99.0
149.0,156.0,143.0,120.0,159.0
177.0,138.0,113.0,123.0,129.0
182.0,187.0,164.0,135.0,186.0
152.0,134.0,158.0,120.0,111.0
106.0,87.0,122.0,135.0,105.0
185.0,171.0,164.0,151.0,174.0
117.0,127.0,128.0,113.0,105.0
145.0,115.0,100.0,90.0,99.0
166.0,159.0,175.0,148.0,178.0
188.0,179.0,160.0,181.0,190.0
149.0,144.0,151.0,159.0,108.0
148.0,176.0,113.0,112.0,134.0
173.0,151.0,193.0,172.0,185.0
162.0,148.0,180.0,174.0,139.0
167.0,100.0,175.0,150.0,185.0
146.0,106.0,175.0,0.0,114.0
183.0,137.0,183.0,140.0,218.0
146.0,158.0,157.0,179.0,127.0
126.0,109.0,152.0,155.0,173.0
163.0,190.0,162.0,151.0,181.0
150.0,139.0,118.0,116.0,131.0
142.0,95.0,118.0,144.0,148.0
179.0,152.0,189.0,177.0,214.0
193.0,117.0,200.0,141.0,162.0
159.0,171.0,165.0,114.0,151.0
139.0,160.0,163.0,128.0,119.0
134.0,137.0,136.0,124.0,135.0
178.0,177.0,186.0,135.0,112.0
159.0,115.0,195.0,99.0,131.0
122.0,149.0,117.0,0.0,101.0
126.0,126.0,130.0,0.0,119.0
129.0,159.0,171.0,142.0,108.0
188.0,189.0,194.0,155.0,223.0
140.0,117.0,193.0,113.0,105.0
139.0,116.0,128.0,149.0,133.0
157.0,95.0,183.0,166.0,164.0
140.0,136.0,135.0,160.0,123.0
105.0,136.0,143.0,112.0,145.0
171.0,167.0,156.0,111.0,134.0
146.0,99.0,137.0,186.0,121.0
134.0,116.0,123.0,173.0,138.0
212.0,187.0,209.0,174.0,135.0
113.0,97.0,117.0,92.0,109.0
167.0,153.0,151.0,181.0,145.0
137.0,118.0,119.0,113.0,91.0
99.0,80.0,133.0,0.0,123.0
201.0,187.0,205.0,109.0,158.0
154.0,158.0,182.0,152.0,187.0
144.0,119.0,133.0,166.0,91.0
108.0,119.0,126.0,168.0,140.0
197.0,197.0,300.0,174.0,171.0
167.0,176.0,173.0,187.0,158.0
110.0,145.0,127.0,0.0,127.0
162.0,160.0,130.0,127.0,104.0
138.0,143.0,128.0,115.0,125.0
154.0,165.0,184.0,162.0,134.0
143.0,156.0,143.0,131.0,176.0
126.0,135.0,129.0,163.0,94.0
117.0,105.0,129.0,173.0,103.0
172.0,147.0,173.0,125.0,141.0
197.0,191.0,156.0,160.0,177.0
183.0,138.0,131.0,116.0,159.0
143.0,95.0,152.0,118.0,138.0
163.0,135.0,158.0,169.0,127.0
160.0,141.0,150.0,160.0,166.0
185.0,215.0,222.0,184.0,157.0
124.0,156.0,164.0,119.0,166.0
156.0,144.0,209.0,147.0,164.0
150.0,199.0,157.0,124.0,161.0
149.0,141.0,156.0,132.0,126.0
113.0,155.0,158.0,145.0,140.0
192.0,208.0,177.0,120.0,189.0
169.0,160.0,182.0,172.0,143.0
158.0,130.0,85.0,123.0,117.0
165.0,130.0,139.0,139.0,133.0
165.0,122.0,187.0,146.0,117.0
184.0,126.0,200.0,160.0,126.0
103.0,132.0,137.0,156.0,58.0
100.0,108.0,200.0,123.0,196.0
160.0,181.0,144.0,0.0,178.0
153.0,171.0,200.0,152.0,155.0
158.0,163.0,172.0,151.0,192.0
198.0,166.0,156.0,145.0,177.0
128.0,113.0,122.0,150.0,139.0
170.0,114.0,150.0,172.0,149.0
131.0,174.0,128.0,109.0,138.0
183.0,184.0,168.0,115.0,134.0
151.0,155.0,130.0,168.0,124.0
189.0,168.0,220.0,176.0,99.0
155.0,124.0,166.0,155.0,181.0
110.0,108.0,126.0,108.0,118.0
155.0,110.0,134.0,113.0,153.0
141.0,114.0,119.0,153.0,133.0
159.0,155.0,119.0,171.0,149.0
170.0,167.0,139.0,131.0,122.0
146.0,151.0,177.0,145.0,210.0
189.0,146.0,177.0,200.0,156.0
170.0,178.0,181.0,125.0,138.0
166.0,170.0,186.0,172.0,198.0
177.0,192.0,193.0,128.0,186.0
153.0,135.0,117.0,86.0,153.0
154.0,175.0,197.0,152.0,131.0
170.0,141.0,166.0,0.0,135.0
161.0,142.0,134.0,127.0,150.0
180.0,199.0,300.0,137.0,212.0
170.0,177.0,161.0,133.0,119.0
152.0,155.0,139.0,112.0,140.0
146.0,115.0,194.0,167.0,157.0
211.0,167.0,203.0,170.0,188.0
191.0,216.0,208.0,123.0,153.0
152.0,150.0,115.0,0.0,133.0
184.0,162.0,180.0,141.0,149.0
160.0,128.0,126.0,179.0,158.0
202.0,175.0,216.0,88.0,175.0
130.0,145.0,130.0,148.0,140.0
118.0,131.0,147.0,147.0,114.0
111.0,143.0,152.0,124.0,187.0
135.0,134.0,122.0,0.0,134.0
217.0,207.0,219.0,147.0,186.0
156.0,141.0,144.0,123.0,163.0
166.0,172.0,175.0,121.0,111.0
154.0,112.0,165.0,0.0,107.0
167.0,181.0,145.0,177.0,153.0
146.0,157.0,161.0,128.0,178.0
143.0,188.0,136.0,151.0,95.0
191.0,208.0,176.0,0.0,188.0
125.0,107.0,144.0,85.0,123.0
210.0,195.0,214.0,115.0,205.0
162.0,187.0,167.0,179.0,209.0
166.0,178.0,174.0,85.0,183.0
165.0,190.0,180.0,160.0,187.0
165.0,171.0,205.0,149.0,208.0
123.0,139.0,155.0,126.0,164.0
160.0,125.0,118.0,116.0,114.0
146.0,139.0,153.0,138.0,111.0
170.0,96.0,187.0,183.0,211.0
167.0,163.0,126.0,127.0,114.0
175.0,152.0,176.0,169.0,136.0
152.0,97.0,122.0,122.0,157.0
195.0,151.0,143.0,129.0,141.0
153.0,133.0,131.0,121.0,129.0
169.0,169.0,148.0,179.0,145.0
139.0,118.0,141.0,129.0,109.0
141.0,134.0,139.0,0.0,118.0
173.0,165.0,219.0,172.0,139.0
167.0,156.0,140.0,180.0,153.0
120.0,120.0,139.0,176.0,145.0
116.0,91.0,118.0,100.0,131.0
172.0,160.0,159.0,160.0,129.0
152.0,143.0,161.0,132.0,158.0
167.0,165.0,104.0,118.0,137.0
142.0,136.0,164.0,169.0,164.0
198.0,187.0,207.0,154.0,215.0
196.0,167.0,186.0,146.0,156.0
129.0,114.0,117.0,115.0,107.0
175.0,184.0,163.0,117.0,147.0
130.0,151.0,166.0,116.0,136.0
170.0,143.0,209.0,154.0,174.0
104.0,85.0,179.0,126.0,74.0
121.0,152.0,133.0,168.0,148.0
98.0,123.0,120.0,122.0,110.0
155.0,133.0,178.0,174.0,169.0
142.0,151.0,168.0,113.0,155.0
151.0,164.0,140.0,173.0,144.0
153.0,184.0,172.0,114.0,129.0
154.0,166.0,154.0,169.0,194.0
145.0,179.0,123.0,138.0,133.0
125.0,132.0,165.0,167.0,161.0
197.0,205.0,184.0,163.0,177.0
196.0,208.0,205.0,178.0,162.0
153.0,137.0,155.0,162.0,188.0
165.0,175.0,200.0,104.0,186.0
146.0,156.0,169.0,143.0,175.0
127.0,89.0,107.0,157.0,105.0
199.0,186.0,198.0,165.0,174.0
160.0,168.0,151.0,143.0,116.0
120.0,156.0,219.0,182.0,153.0
144.0,127.0,156.0,110.0,72.0
189.0,202.0,212.0,170.0,178.0
114.0,113.0,137.0,156.0,113.0
176.0,183.0,125.0,158.0,123.0
136.0,123.0,155.0,167.0,146.0
124.0,136.0,139.0,120.0,118.0
180.0,183.0,184.0,149.0,151.0
162.0,131.0,141.0,162.0,156.0
125.0,116.0,147.0,124.0,142.0
139.0,123.0,129.0,122.0,108.0
200.0,188.0,196.0,176.0,150.0
109.0,113.0,101.0,125.0,77.0
172.0,167.0,153.0,149.0,150.0
199.0,198.0,155.0,123.0,149.0
144.0,104.0,153.0,122.0,123.0
172.0,179.0,189.0,188.0,165.0
146.0,132.0,189.0,112.0,142.0
127.0,112.0,103.0,122.0,128.0
215.0,212.0,210.0,168.0,179.0
87.0,102.0,108.0,112.0,119.0
125.0,146.0,129.0,124.0,152.0
150.0,107.0,136.0,195.0,105.0
184.0,163.0,180.0,126.0,138.0
123.0,114.0,139.0,114.0,117.0
157.0,158.0,191.0,77.0,88.0
195.0,178.0,165.0,120.0,150.0
127.0,131.0,142.0,144.0,164.0
118.0,118.0,152.0,124.0,145.0
150.0,90.0,139.0,157.0,143.0
167.0,164.0,136.0,126.0,139.0
125.0,114.0,152.0,148.0,127.0
125.0,142.0,125.0,118.0,161.0
144.0,118.0,124.0,0.0,140.0
143.0,153.0,173.0,165.0,116.0
145.0,171.0,150.0,128.0,138.0
199.0,195.0,203.0,150.0,195.0
148.0,148.0,161.0,131.0,154.0
111.0,147.0,162.0,133.0,165.0
113.0,121.0,139.0,127.0,144.0
168.0,169.0,158.0,174.0,143.0
140.0,152.0,163.0,114.0,141.0
152.0,143.0,161.0,150.0,129.0
156.0,102.0,148.0,162.0,158.0
167.0,173.0,149.0,127.0,153.0
161.0,89.0,131.0,178.0,181.0
191.0,160.0,153.0,157.0,174.0
147.0,165.0,147.0,169.0,173.0
183.0,191.0,203.0,143.0,167.0
195.0,158.0,114.0,155.0,173.0
140.0,127.0,134.0,155.0,145.0
131.0,84.0,112.0,174.0,110.0
115.0,108.0,135.0,126.0,93.0
176.0,171.0,206.0,175.0,193.0
129.0,117.0,153.0,156.0,122.0
164.0,165.0,132.0,157.0,174.0
120.0,118.0,148.0,143.0,153.0
147.0,162.0,150.0,122.0,158.0
154.0,154.0,127.0,132.0,165.0
166.0,192.0,140.0,122.0,166.0
193.0,190.0,191.0,174.0,159.0
180.0,198.0,194.0,152.0,203.0
179.0,141.0,183.0,151.0,129.0
106.0,143.0,140.0,124.0,100.0
129.0,128.0,148.0,116.0,191.0
188.0,183.0,180.0,182.0,155.0
191.0,160.0,176.0,167.0,186.0
161.0,150.0,146.0,194.0,150.0
141.0,132.0,152.0,163.0,135.0
187.0,157.0,148.0,162.0,171.0
146.0,152.0,142.0,169.0,132.0
200.0,201.0,180.0,148.0,193.0
118.0,123.0,127.0,0.0,115.0
140.0,160.0,139.0,159.0,121.0
200.0,182.0,181.0,175.0,192.0
145.0,152.0,113.0,133.0,145.0
129.0,99.0,106.0,162.0,130.0
181.0,115.0,133.0,181.0,148.0
114.0,103.0,109.0,146.0,118.0
130.0,120.0,159.0,153.0,125.0
190.0,185.0,177.0,168.0,156.0
115.0,118.0,117.0,162.0,114.0
148.0,150.0,111.0,153.0,144.0
143.0,171.0,148.0,163.0,160.0
133.0,120.0,108.0,135.0,152.0
154.0,131.0,148.0,128.0,137.0
143.0,146.0,167.0,157.0,154.0
99.0,107.0,139.0,119.0,139.0
127.0,118.0,117.0,149.0,108.0
86.0,94.0,141.0,105.0,90.0
144.0,122.0,137.0,147.0,123.0
158.0,152.0,156.0,168.0,109.0
190.0,111.0,130.0,142.0,177.0
126.0,119.0,118.0,0.0,144.0
106.0,113.0,177.0,153.0,187.0
151.0,93.0,193.0,181.0,93.0
165.0,162.0,124.0,141.0,119.0
165.0,122.0,160.0,128.0,161.0
136.0,87.0,199.0,169.0,138.0
201.0,157.0,176.0,133.0,168.0
153.0,162.0,162.0,107.0,181.0
147.0,94.0,144.0,171.0,171.0
140.0,143.0,94.0,88.0,127.0
109.0,123.0,141.0,83.0,91.0
172.0,149.0,210.0,127.0,165.0
132.0,128.0,131.0,156.0,116.0
161.0,153.0,167.0,119.0,177.0
178.0,161.0,197.0,165.0,140.0
184.0,140.0,189.0,127.0,159.0
110.0,100.0,154.0,124.0,116.0
172.0,176.0,194.0,139.0,161.0
158.0,120.0,115.0,110.0,104.0
170.0,199.0,191.0,121.0,171.0
158.0,136.0,214.0,191.0,136.0
157.0,122.0,132.0,172.0,117.0
126.0,120.0,112.0,124.0,102.0
91.0,104.0,146.0,160.0,87.0
153.0,142.0,180.0,160.0,145.0
183.0,135.0,184.0,121.0,229.0
137.0,108.0,110.0,146.0,128.0
188.0,195.0,182.0,127.0,172.0
210.0,188.0,203.0,175.0,199.0
168.0,149.0,174.0,122.0,143.0
162.0,155.0,186.0,108.0,145.0
92.0,91.0,138.0,0.0,128.0
127.0,101.0,116.0,121.0,134.0
126.0,95.0,143.0,115.0,116.0
87.0,114.0,127.0,72.0,118.0
210.0,162.0,198.0,141.0,202.0
193.0,202.0,176.0,124.0,112.0
148.0,161.0,170.0,164.0,192.0
166.0,139.0,141.0,151.0,171.0
104.0,80.0,113.0,117.0,68.0
118.0,134.0,139.0,151.0,132.0
148.0,121.0,123.0,179.0,122.0
151.0,151.0,134.0,160.0,113.0
101.0,118.0,111.0,122.0,103.0
155.0,123.0,116.0,145.0,145.0
126.0,96.0,132.0,148.0,144.0
156.0,163.0,172.0,90.0,168.0
189.0,189.0,216.0,127.0,180.0
117.0,96.0,123.0,0.0,152.0
97.0,106.0,105.0,166.0,70.0
187.0,205.0,181.0,152.0,163.0
158.0,146.0,175.0,156.0,125.0
168.0,131.0,131.0,115.0,151.0
165.0,197.0,187.0,155.0,167.0
184.0,127.0,172.0,179.0,177.0
116.0,102.0,157.0,112.0,140.0
102.0,89.0,105.0,156.0,89.0
192.0,182.0,216.0,180.0,169.0
197.0,195.0,198.0,178.0,218.0
131.0,79.0,92.0,116.0,125.0
175.0,158.0,145.0,175.0,174.0
185.0,157.0,173.0,174.0,154.0
193.0,156.0,217.0,181.0,158.0
110.0,132.0,139.0,114.0,80.0
123.0,144.0,119.0,145.0,96.0
107.0,125.0,141.0,118.0,100.0
125.0,89.0,108.0,102.0,84.0
182.0,188.0,185.0,116.0,194.0
165.0,164.0,159.0,168.0,132.0
157.0,171.0,99.0,155.0,106.0
176.0,177.0,169.0,151.0,133.0
189.0,164.0,155.0,130.0,131.0
183.0,167.0,181.0,130.0,135.0
110.0,94.0,130.0,176.0,131.0
142.0,165.0,115.0,125.0,172.0
165.0,89.0,117.0,148.0,113.0
163.0,132.0,116.0,121.0,158.0
151.0,193.0,182.0,117.0,167.0
168.0,159.0,154.0,146.0,165.0
136.0,112.0,107.0,123.0,107.0
122.0,126.0,148.0,81.0,109.0
152.0,128.0,151.0,131.0,140.0
151.0,136.0,122.0,125.0,92.0
134.0,102.0,136.0,122.0,131.0
139.0,137.0,164.0,119.0,147.0
138.0,110.0,144.0,125.0,146.0
183.0,200.0,177.0,166.0,153.0
206.0,201.0,300.0,122.0,176.0
98.0,109.0,119.0,203.0,131.0
172.0,174.0,150.0,135.0,168.0
142.0,134.0,122.0,119.0,114.0
165.0,172.0,178.0,0.0,151.0
151.0,157.0,108.0,169.0,147.0
203.0,167.0,201.0,0.0,181.0
123.0,127.0,173.0,126.0,76.0
115.0,109.0,162.0,141.0,168.0
123.0,147.0,104.0,0.0,144.0
104.0,144.0,126.0,0.0,140.0
152.0,124.0,170.0,119.0,139.0
127.0,94.0,121.0,92.0,123.0
138.0,115.0,95.0,129.0,134.0
115.0,109.0,167.0,153.0,125.0
185.0,150.0,218.0,95.0,173.0
87.0,79.0,153.0,131.0,101.0
123.0,133.0,147.0,179.0,116.0
130.0,116.0,112.0,99.0,104.0
126.0,130.0,143.0,101.0,134.0
163.0,154.0,168.0,138.0,101.0
145.0,161.0,153.0,151.0,146.0
192.0,198.0,173.0,158.0,188.0
142.0,165.0,156.0,118.0,99.0
142.0,130.0,173.0,151.0,152.0
188.0,132.0,190.0,134.0,147.0
129.0,136.0,142.0,126.0,156.0
182.0,166.0,178.0,130.0,179.0
130.0,104.0,115.0,126.0,133.0
139.0,139.0,173.0,170.0,121.0
173.0,160.0,190.0,171.0,141.0
142.0,173.0,151.0,158.0,135.0
151.0,148.0,144.0,134.0,98.0
163.0,181.0,205.0,130.0,165.0
140.0,143.0,158.0,155.0,163.0
126.0,146.0,149.0,130.0,118.0
215.0,177.0,210.0,123.0,168.0
135.0,126.0,121.0,99.0,143.0
111.0,134.0,114.0,181.0,163.0
110.0,85.0,125.0,160.0,121.0
137.0,113.0,96.0,133.0,120.0
209.0,176.0,191.0,165.0,206.0
92.0,99.0,130.0,100.0,126.0
99.0,142.0,139.0,118.0,128.0
150.0,123.0,143.0,144.0,115.0
173.0,129.0,166.0,115.0,141.0
166.0,146.0,131.0,88.0,130.0
140.0,121.0,134.0,162.0,126.0
162.0,183.0,183.0,143.0,168.0
129.0,103.0,124.0,153.0,137.0
140.0,115.0,157.0,130.0,142.0
111.0,101.0,134.0,123.0,112.0
152.0,113.0,114.0,174.0,132.0
206.0,177.0,188.0,145.0,156.0
109.0,98.0,97.0,86.0,110.0
191.0,192.0,187.0,199.0,215.0
170.0,164.0,158.0,142.0,117.0
180.0,150.0,213.0,121.0,138.0
177.0,164.0,158.0,104.0,193.0
178.0,149.0,177.0,149.0,193.0
156.0,116.0,147.0,146.0,163.0
210.0,212.0,214.0,191.0,170.0
126.0,126.0,131.0,146.0,146.0
145.0,108.0,139.0,74.0,107.0
153.0,98.0,146.0,149.0,162.0
152.0,119.0,125.0,120.0,129.0
114.0,84.0,140.0,85.0,90.0
115.0,127.0,136.0,124.0,137.0
168.0,141.0,176.0,173.0,125.0
145.0,177.0,203.0,146.0,154.0
186.0,204.0,212.0,168.0,179.0
151.0,142.0,144.0,125.0,131.0
181.0,110.0,113.0,150.0,118.0
190.0,192.0,160.0,142.0,179.0
185.0,164.0,183.0,178.0,194.0
112.0,142.0,135.0,151.0,158.0
136.0,147.0,169.0,132.0,115.0
183.0,161.0,218.0,128.0,192.0
155.0,145.0,118.0,121.0,149.0
138.0,104.0,162.0,0.0,83.0
124.0,152.0,107.0,147.0,104.0
103.0,111.0,153.0,0.0,112.0
105.0,114.0,158.0,160.0,148.0
220.0,200.0,207.0,168.0,209.0
153.0,166.0,190.0,159.0,208.0
160.0,177.0,164.0,162.0,110.0
181.0,162.0,178.0,118.0,163.0
144.0,107.0,137.0,0.0,161.0
159.0,150.0,140.0,148.0,185.0
129.0,126.0,117.0,154.0,123.0
89.0,84.0,113.0,109.0,78.0
126.0,154.0,130.0,123.0,114.0
202.0,177.0,204.0,151.0,190.0
122.0,115.0,125.0,0.0,83.0
166.0,139.0,97.0,163.0,135.0
143.0,146.0,142.0,117.0,135.0
181.0,159.0,152.0,114.0,86.0
116.0,134.0,150.0,125.0,125.0
129.0,152.0,160.0,166.0,122.0
162.0,201.0,162.0,176.0,151.0
165.0,178.0,163.0,161.0,175.0
158.0,153.0,122.0,144.0,73.0
128.0,148.0,121.0,145.0,122.0
84.0,107.0,197.0,153.0,192.0
175.0,188.0,132.0,179.0,139.0
139.0,131.0,145.0,116.0,135.0
135.0,125.0,130.0,126.0,154.0
157.0,146.0,154.0,166.0,108.0
112.0,105.0,144.0,72.0,129.0
154.0,120.0,122.0,123.0,131.0
160.0,163.0,148.0,127.0,142.0
153.0,151.0,149.0,169.0,148.0
123.0,96.0,119.0,124.0,107.0
149.0,152.0,142.0,112.0,172.0
191.0,170.0,186.0,126.0,200.0
167.0,199.0,183.0,129.0,179.0
125.0,165.0,125.0,155.0,143.0
161.0,139.0,134.0,148.0,137.0
125.0,93.0,154.0,119.0,113.0
124.0,117.0,117.0,161.0,132.0
173.0,178.0,206.0,132.0,138.0
134.0,134.0,149.0,125.0,141.0
133.0,133.0,146.0,139.0,116.0
140.0,159.0,150.0,110.0,186.0
125.0,114.0,121.0,0.0,98.0
120.0,138.0,148.0,0.0,130.0
118.0,147.0,134.0,139.0,143.0
155.0,183.0,169.0,171.0,151.0
142.0,87.0,171.0,198.0,153.0
204.0,211.0,178.0,130.0,220.0
96.0,113.0,95.0,154.0,81.0
146.0,167.0,179.0,119.0,162.0
222.0,231.0,206.0,185.0,300.0
159.0,203.0,191.0,175.0,217.0
118.0,161.0,150.0,145.0,158.0
128.0,115.0,139.0,119.0,136.0
184.0,175.0,175.0,122.0,172.0
132.0,124.0,184.0,125.0,138.0
191.0,169.0,179.0,175.0,188.0
116.0,135.0,112.0,117.0,132.0
95.0,132.0,142.0,123.0,160.0
156.0,132.0,109.0,0.0,106.0
163.0,163.0,144.0,168.0,146.0
182.0,176.0,162.0,173.0,125.0
134.0,119.0,105.0,119.0,107.0
142.0,155.0,148.0,124.0,149.0
140.0,83.0,214.0,150.0,166.0
175.0,156.0,137.0,165.0,115.0
180.0,121.0,147.0,114.0,169.0
86.0,88.0,197.0,111.0,74.0
183.0,176.0,151.0,114.0,181.0
182.0,179.0,166.0,169.0,197.0
142.0,108.0,149.0,76.0,126.0
162.0,129.0,143.0,170.0,145.0
168.0,174.0,174.0,149.0,120.0
182.0,152.0,155.0,130.0,144.0
125.0,144.0,150.0,126.0,158.0
128.0,152.0,147.0,125.0,128.0
163.0,150.0,166.0,162.0,214.0
196.0,195.0,186.0,199.0,212.0
122.0,127.0,115.0,118.0,146.0
148.0,123.0,169.0,124.0,179.0
148.0,130.0,180.0,125.0,145.0
140.0,128.0,115.0,181.0,125.0
197.0,150.0,163.0,144.0,203.0
99.0,159.0,108.0,160.0,92.0
97.0,111.0,141.0,169.0,117.0
152.0,120.0,112.0,151.0,117.0
156.0,119.0,138.0,162.0,163.0
195.0,191.0,169.0,128.0,172.0
176.0,167.0,122.0,123.0,128.0
144.0,158.0,158.0,155.0,186.0
146.0,147.0,186.0,0.0,195.0
169.0,150.0,184.0,80.0,158.0
133.0,95.0,156.0,160.0,134.0
132.0,142.0,129.0,119.0,125.0
125.0,95.0,121.0,125.0,118.0
122.0,127.0,161.0,129.0,153.0
103.0,138.0,81.0,66.0,74.0
133.0,110.0,176.0,139.0,189.0
156.0,148.0,129.0,116.0,138.0
137.0,110.0,144.0,115.0,139.0
134.0,145.0,141.0,145.0,146.0
113.0,125.0,133.0,114.0,139.0
156.0,140.0,132.0,185.0,123.0
152.0,153.0,128.0,95.0,120.0
158.0,156.0,178.0,148.0,155.0
149.0,117.0,145.0,124.0,193.0
119.0,107.0,82.0,0.0,121.0
180.0,134.0,122.0,131.0,149.0
144.0,124.0,174.0,118.0,169.0
105.0,88.0,118.0,153.0,102.0
157.0,131.0,128.0,159.0,132.0
188.0,197.0,182.0,157.0,199.0
158.0,135.0,102.0,117.0,116.0
197.0,165.0,206.0,95.0,203.0
151.0,170.0,156.0,165.0,150.0
140.0,111.0,139.0,167.0,126.0
215.0,200.0,192.0,130.0,155.0
156.0,149.0,129.0,150.0,115.0
148.0,159.0,159.0,193.0,187.0
175.0,101.0,189.0,173.0,144.0
153.0,160.0,148.0,168.0,128.0
173.0,129.0,129.0,122.0,162.0
161.0,168.0,178.0,117.0,210.0
149.0,149.0,148.0,165.0,166.0
141.0,106.0,133.0,128.0,114.0
202.0,199.0,195.0,124.0,199.0
143.0,160.0,161.0,155.0,139.0
140.0,189.0,163.0,126.0,183.0
207.0,193.0,214.0,174.0,182.0
152.0,141.0,123.0,149.0,132.0
138.0,150.0,175.0,123.0,168.0
120.0,169.0,124.0,146.0,132.0
93.0,114.0,152.0,145.0,147.0
150.0,88.0,141.0,113.0,110.0
195.0,173.0,222.0,116.0,156.0
175.0,185.0,197.0,168.0,162.0
145.0,136.0,174.0,154.0,164.0
149.0,141.0,118.0,128.0,126.0
134.0,138.0,141.0,134.0,138.0
153.0,125.0,147.0,130.0,154.0
143.0,141.0,196.0,167.0,101.0
178.0,172.0,129.0,151.0,165.0
120.0,108.0,155.0,113.0,102.0
175.0,191.0,171.0,134.0,160.0
145.0,113.0,133.0,133.0,157.0
156.0,128.0,155.0,119.0,145.0
194.0,174.0,204.0,171.0,192.0
184.0,159.0,182.0,154.0,159.0
138.0,140.0,142.0,122.0,125.0
179.0,157.0,145.0,179.0,114.0
132.0,83.0,135.0,136.0,91.0
191.0,177.0,170.0,157.0,155.0
171.0,140.0,189.0,144.0,185.0
185.0,185.0,144.0,121.0,181.0
189.0,171.0,160.0,153.0,169.0
78.0,102.0,76.0,126.0,95.0
172.0,200.0,194.0,169.0,135.0
133.0,161.0,114.0,126.0,119.0
177.0,162.0,133.0,169.0,175.0
102.0,115.0,120.0,127.0,115.0
158.0,157.0,172.0,161.0,163.0
156.0,124.0,121.0,111.0,127.0
104.0,105.0,135.0,184.0,147.0
232.0,190.0,221.0,121.0,178.0
144.0,145.0,143.0,125.0,157.0
127.0,162.0,168.0,125.0,173.0
175.0,160.0,150.0,127.0,158.0
135.0,134.0,123.0,120.0,154.0
117.0,91.0,136.0,153.0,115.0
157.0,176.0,130.0,116.0,166.0
126.0,119.0,147.0,128.0,141.0
164.0,153.0,134.0,178.0,141.0
143.0,134.0,169.0,121.0,173.0
124.0,116.0,126.0,160.0,124.0
183.0,174.0,176.0,121.0,197.0
138.0,130.0,164.0,160.0,145.0
142.0,130.0,174.0,123.0,139.0
191.0,129.0,183.0,184.0,127.0
126.0,112.0,149.0,124.0,124.0
220.0,205.0,213.0,175.0,216.0
114.0,97.0,120.0,128.0,127.0
117.0,155.0,133.0,155.0,131.0
198.0,188.0,188.0,160.0,188.0
118.0,142.0,110.0,148.0,131.0
155.0,150.0,155.0,166.0,145.0
180.0,187.0,163.0,131.0,152.0
155.0,144.0,167.0,153.0,177.0
153.0,172.0,165.0,117.0,157.0
163.0,161.0,181.0,117.0,162.0
123.0,108.0,141.0,131.0,107.0
119.0,113.0,154.0,147.0,117.0
125.0,66.0,139.0,151.0,110.0
157.0,141.0,176.0,119.0,130.0
188.0,179.0,153.0,169.0,175.0
167.0,151.0,163.0,154.0,137.0
171.0,181.0,160.0,129.0,147.0
143.0,149.0,145.0,162.0,121.0
158.0,179.0,179.0,189.0,174.0
149.0,143.0,131.0,146.0,144.0
161.0,195.0,149.0,190.0,118.0
107.0,148.0,130.0,85.0,126.0
193.0,174.0,179.0,166.0,138.0
192.0,169.0,300.0,177.0,177.0
172.0,139.0,165.0,122.0,134.0
170.0,148.0,131.0,175.0,173.0
186.0,95.0,151.0,130.0,158.0
163.0,120.0,105.0,125.0,123.0
127.0,127.0,118.0,130.0,130.0
187.0,182.0,201.0,179.0,204.0
195.0,186.0,169.0,127.0,179.0
155.0,157.0,116.0,118.0,155.0
153.0,153.0,147.0,117.0,157.0
152.0,151.0,181.0,114.0,167.0
157.0,113.0,141.0,138.0,148.0
110.0,91.0,116.0,0.0,105.0
126.0,132.0,121.0,143.0,116.0
119.0,144.0,107.0,139.0,125.0
233.0,209.0,223.0,170.0,226.0
151.0,155.0,153.0,121.0,163.0
186.0,197.0,169.0,186.0,170.0
173.0,145.0,152.0,154.0,151.0
154.0,152.0,167.0,115.0,120.0
138.0,151.0,132.0,115.0,116.0
138.0,179.0,140.0,119.0,167.0
127.0,123.0,118.0,118.0,128.0
133.0,156.0,126.0,152.0,164.0
185.0,178.0,139.0,147.0,150.0
159.0,144.0,125.0,151.0,192.0
105.0,76.0,114.0,158.0,99.0
122.0,139.0,140.0,117.0,121.0
137.0,132.0,131.0,117.0,135.0
127.0,129.0,116.0,114.0,111.0
154.0,149.0,147.0,141.0,163.0
183.0,181.0,181.0,118.0,150.0
90.0,131.0,128.0,117.0,90.0
156.0,124.0,108.0,123.0,136.0
183.0,173.0,178.0,174.0,137.0
123.0,131.0,123.0,158.0,121.0
123.0,99.0,146.0,125.0,105.0
173.0,169.0,139.0,0.0,150.0
156.0,122.0,114.0,162.0,173.0
156.0,187.0,156.0,120.0,183.0
158.0,175.0,205.0,154.0,140.0
118.0,88.0,132.0,0.0,95.0
176.0,181.0,166.0,174.0,137.0
124.0,116.0,118.0,0.0,124.0
129.0,128.0,121.0,144.0,151.0
189.0,181.0,175.0,178.0,184.0
153.0,119.0,159.0,156.0,124.0
160.0,139.0,121.0,118.0,128.0
169.0,154.0,159.0,121.0,130.0
136.0,111.0,163.0,155.0,136.0
165.0,138.0,175.0,159.0,163.0
123.0,175.0,138.0,119.0,137.0
209.0,194.0,176.0,139.0,173.0
143.0,155.0,130.0,88.0,131.0
140.0,142.0,139.0,129.0,107.0
152.0,126.0,150.0,116.0,120.0
102.0,107.0,132.0,119.0,126.0
142.0,108.0,130.0,166.0,100.0
183.0,204.0,194.0,176.0,202.0
106.0,122.0,153.0,121.0,119.0
112.0,133.0,137.0,116.0,141.0
185.0,169.0,158.0,170.0,153.0
117.0,126.0,154.0,155.0,140.0
132.0,111.0,164.0,165.0,108.0
147.0,103.0,156.0,160.0,152.0
113.0,98.0,133.0,0.0,121.0
198.0,184.0,174.0,143.0,175.0
169.0,181.0,199.0,132.0,146.0
163.0,141.0,194.0,120.0,132.0
152.0,152.0,192.0,138.0,118.0
114.0,120.0,120.0,143.0,121.0
162.0,145.0,126.0,0.0,168.0
145.0,150.0,120.0,161.0,149.0
165.0,177.0,161.0,161.0,140.0
141.0,138.0,144.0,156.0,151.0
108.0,101.0,115.0,115.0,115.0
113.0,91.0,93.0,122.0,130.0
163.0,160.0,124.0,162.0,111.0
121.0,136.0,125.0,122.0,93.0
192.0,151.0,182.0,117.0,185.0
164.0,190.0,155.0,152.0,153.0
129.0,164.0,146.0,115.0,132.0
122.0,93.0,111.0,0.0,151.0
177.0,125.0,127.0,0.0,118.0
154.0,199.0,152.0,126.0,143.0
182.0,174.0,211.0,175.0,190.0
170.0,146.0,154.0,153.0,187.0
192.0,175.0,185.0,192.0,147.0
132.0,112.0,121.0,0.0,125.0
140.0,129.0,157.0,0.0,95.0
190.0,167.0,154.0,116.0,163.0
152.0,141.0,155.0,170.0,139.0
98.0,129.0,145.0,149.0,152.0
127.0,120.0,133.0,124.0,96.0
153.0,135.0,127.0,118.0,143.0
125.0,117.0,185.0,160.0,129.0
113.0,111.0,143.0,164.0,119.0
178.0,136.0,154.0,130.0,174.0
143.0,157.0,157.0,137.0,176.0
98.0,104.0,114.0,127.0,114.0
139.0,135.0,106.0,118.0,131.0
128.0,106.0,139.0,119.0,134.0
141.0,136.0,198.0,115.0,159.0
168.0,154.0,184.0,178.0,155.0
133.0,149.0,155.0,118.0,140.0
208.0,192.0,216.0,169.0,220.0
158.0,137.0,175.0,141.0,153.0
188.0,173.0,188.0,0.0,191.0
202.0,187.0,176.0,174.0,182.0
149.0,129.0,155.0,156.0,174.0
183.0,187.0,192.0,165.0,164.0
165.0,160.0,145.0,123.0,147.0
141.0,144.0,192.0,161.0,137.0
166.0,189.0,167.0,184.0,175.0
158.0,169.0,204.0,154.0,142.0
155.0,165.0,173.0,116.0,168.0
93.0,97.0,104.0,117.0,81.0
118.0,118.0,106.0,171.0,136.0
163.0,169.0,151.0,181.0,170.0
195.0,173.0,199.0,119.0,150.0
202.0,207.0,199.0,144.0,179.0
181.0,149.0,202.0,173.0,177.0
142.0,111.0,146.0,0.0,193.0
189.0,144.0,115.0,181.0,138.0
136.0,104.0,155.0,128.0,117.0
114.0,114.0,109.0,111.0,114.0
127.0,124.0,167.0,166.0,138.0
148.0,93.0,155.0,153.0,158.0
154.0,151.0,146.0,135.0,142.0
162.0,131.0,160.0,114.0,146.0
165.0,115.0,178.0,162.0,144.0
160.0,131.0,168.0,119.0,67.0
123.0,122.0,112.0,155.0,103.0
147.0,143.0,180.0,130.0,158.0
205.0,181.0,186.0,122.0,175.0
101.0,85.0,195.0,199.0,164.0
103.0,100.0,127.0,122.0,151.0
154.0,120.0,144.0,139.0,187.0
143.0,143.0,153.0,137.0,125.0
204.0,178.0,214.0,179.0,172.0
176.0,177.0,172.0,0.0,127.0
127.0,124.0,153.0,81.0,163.0
148.0,184.0,171.0,158.0,171.0
140.0,140.0,133.0,119.0,157.0
103.0,103.0,141.0,72.0,93.0
118.0,83.0,105.0,131.0,77.0
142.0,140.0,146.0,154.0,134.0
165.0,132.0,187.0,139.0,172.0
156.0,147.0,150.0,117.0,143.0
112.0,125.0,145.0,117.0,129.0
141.0,92.0,105.0,149.0,125.0
158.0,138.0,177.0,161.0,132.0
154.0,149.0,168.0,156.0,126.0
156.0,163.0,147.0,174.0,122.0
148.0,101.0,105.0,148.0,139.0
145.0,139.0,114.0,0.0,123.0
136.0,168.0,127.0,164.0,89.0
195.0,189.0,194.0,179.0,204.0
154.0,170.0,119.0,122.0,158.0
99.0,98.0,134.0,110.0,83.0
169.0,188.0,109.0,158.0,145.0
146.0,128.0,145.0,178.0,93.0
180.0,162.0,142.0,0.0,118.0
146.0,137.0,157.0,128.0,151.0
112.0,110.0,110.0,117.0,113.0
181.0,181.0,185.0,159.0,201.0
130.0,127.0,96.0,151.0,102.0
136.0,145.0,162.0,165.0,128.0
108.0,118.0,129.0,0.0,123.0
162.0,166.0,182.0,125.0,152.0
128.0,85.0,92.0,149.0,98.0
100.0,110.0,111.0,123.0,111.0
173.0,166.0,149.0,123.0,169.0
188.0,185.0,182.0,167.0,138.0
142.0,176.0,144.0,133.0,126.0
125.0,105.0,135.0,141.0,94.0
175.0,159.0,163.0,144.0,136.0
201.0,204.0,207.0,121.0,203.0
167.0,102.0,155.0,134.0,117.0
149.0,135.0,139.0,161.0,167.0
163.0,118.0,188.0,146.0,141.0
186.0,182.0,166.0,131.0,204.0
154.0,166.0,164.0,126.0,123.0
128.0,164.0,123.0,0.0,86.0
122.0,94.0,157.0,143.0,181.0
156.0,124.0,155.0,172.0,117.0
151.0,169.0,170.0,143.0,124.0
176.0,186.0,202.0,130.0,189.0
167.0,173.0,131.0,164.0,141.0
150.0,137.0,131.0,162.0,138.0
97.0,99.0,131.0,119.0,82.0
126.0,98.0,109.0,116.0,94.0
124.0,143.0,130.0,131.0,110.0
166.0,168.0,198.0,161.0,178.0
131.0,102.0,155.0,168.0,110.0
169.0,175.0,180.0,153.0,126.0
217.0,198.0,197.0,171.0,208.0
149.0,174.0,163.0,125.0,138.0
117.0,141.0,156.0,127.0,128.0
164.0,143.0,192.0,127.0,165.0
158.0,134.0,116.0,136.0,129.0
149.0,141.0,153.0,129.0,122.0
114.0,116.0,141.0,103.0,85.0
114.0,96.0,114.0,119.0,86.0
155.0,160.0,178.0,142.0,150.0
139.0,108.0,148.0,182.0,129.0
229.0,183.0,220.0,155.0,204.0
147.0,149.0,172.0,163.0,117.0
128.0,92.0,164.0,169.0,173.0
141.0,79.0,161.0,129.0,135.0
124.0,109.0,136.0,0.0,94.0
202.0,183.0,206.0,156.0,196.0
193.0,192.0,193.0,158.0,208.0
165.0,153.0,165.0,165.0,129.0
181.0,169.0,144.0,121.0,142.0
142.0,116.0,174.0,167.0,119.0
158.0,178.0,187.0,148.0,146.0
152.0,160.0,124.0,133.0,137.0
82.0,105.0,82.0,122.0,96.0
119.0,168.0,136.0,175.0,92.0
164.0,141.0,129.0,128.0,182.0
164.0,157.0,139.0,104.0,122.0
134.0,117.0,116.0,141.0,149.0
178.0,174.0,212.0,170.0,162.0
140.0,148.0,154.0,119.0,171.0
170.0,163.0,180.0,149.0,151.0
124.0,124.0,189.0,152.0,105.0
113.0,83.0,133.0,123.0,112.0
192.0,172.0,166.0,157.0,175.0
184.0,159.0,193.0,122.0,172.0
142.0,134.0,125.0,0.0,75.0
156.0,141.0,112.0,0.0,84.0
141.0,133.0,134.0,118.0,122.0
120.0,114.0,152.0,124.0,95.0
98.0,107.0,118.0,125.0,99.0
155.0,150.0,165.0,139.0,149.0
139.0,191.0,160.0,168.0,190.0
155.0,139.0,108.0,113.0,165.0
168.0,131.0,145.0,123.0,142.0
176.0,161.0,142.0,300.0,64.0
105.0,106.0,84.0,144.0,107.0
140.0,153.0,135.0,162.0,99.0
165.0,115.0,125.0,126.0,160.0
164.0,106.0,216.0,203.0,188.0
211.0,206.0,196.0,167.0,214.0
151.0,127.0,178.0,152.0,111.0
170.0,171.0,172.0,124.0,164.0
137.0,129.0,143.0,130.0,128.0
202.0,187.0,179.0,172.0,191.0
178.0,169.0,139.0,148.0,170.0
109.0,118.0,133.0,174.0,102.0
101.0,85.0,119.0,130.0,109.0
154.0,125.0,149.0,150.0,156.0
164.0,159.0,171.0,121.0,95.0
155.0,126.0,154.0,132.0,128.0
146.0,103.0,160.0,120.0,166.0
188.0,163.0,177.0,166.0,148.0
180.0,235.0,178.0,175.0,211.0
137.0,139.0,138.0,171.0,116.0
128.0,101.0,118.0,112.0,130.0
152.0,169.0,147.0,125.0,137.0
153.0,154.0,155.0,121.0,184.0
115.0,142.0,135.0,0.0,126.0
198.0,185.0,196.0,167.0,197.0
141.0,100.0,142.0,150.0,139.0
123.0,97.0,122.0,143.0,84.0
300.0,224.0,176.0,159.0,199.0
141.0,134.0,134.0,146.0,114.0
165.0,156.0,184.0,164.0,192.0
146.0,140.0,153.0,176.0,148.0
207.0,226.0,217.0,0.0,209.0
173.0,175.0,155.0,116.0,152.0
173.0,167.0,179.0,131.0,168.0
121.0,126.0,160.0,129.0,117.0
134.0,153.0,122.0,123.0,152.0
119.0,88.0,116.0,114.0,107.0
148.0,209.0,92.0,177.0,93.0
169.0,157.0,189.0,171.0,154.0
146.0,168.0,164.0,0.0,168.0
151.0,80.0,132.0,113.0,125.0
114.0,121.0,140.0,118.0,129.0
122.0,90.0,141.0,129.0,78.0
136.0,119.0,153.0,100.0,105.0
153.0,138.0,186.0,112.0,130.0
136.0,140.0,122.0,155.0,135.0
128.0,114.0,106.0,126.0,103.0
198.0,170.0,229.0,118.0,167.0
136.0,156.0,145.0,170.0,148.0
167.0,155.0,152.0,162.0,194.0
215.0,214.0,194.0,166.0,180.0
116.0,88.0,104.0,0.0,99.0
127.0,126.0,150.0,144.0,116.0
133.0,124.0,162.0,132.0,159.0
129.0,132.0,134.0,134.0,117.0
95.0,126.0,110.0,168.0,104.0
218.0,196.0,208.0,156.0,180.0
170.0,185.0,136.0,161.0,167.0
111.0,118.0,138.0,125.0,121.0
196.0,193.0,193.0,185.0,191.0
168.0,148.0,178.0,121.0,160.0
159.0,159.0,194.0,149.0,181.0
132.0,126.0,125.0,154.0,111.0
172.0,179.0,172.0,0.0,123.0
139.0,140.0,162.0,141.0,116.0
158.0,136.0,156.0,106.0,138.0
152.0,138.0,181.0,190.0,144.0
118.0,116.0,122.0,146.0,88.0
161.0,163.0,182.0,171.0,184.0
155.0,163.0,161.0,165.0,144.0
162.0,123.0,190.0,183.0,159.0
134.0,146.0,179.0,78.0,118.0
173.0,168.0,156.0,159.0,159.0
173.0,153.0,169.0,116.0,167.0
170.0,174.0,204.0,169.0,190.0
166.0,153.0,150.0,164.0,150.0
113.0,119.0,107.0,120.0,111.0
157.0,149.0,176.0,173.0,183.0
169.0,166.0,182.0,300.0,210.0
148.0,114.0,122.0,121.0,152.0
154.0,125.0,169.0,118.0,130.0
149.0,82.0,109.0,116.0,77.0
138.0,120.0,136.0,126.0,113.0
208.0,180.0,162.0,133.0,172.0
194.0,182.0,214.0,152.0,187.0
126.0,121.0,141.0,135.0,101.0
138.0,155.0,137.0,131.0,144.0
137.0,148.0,127.0,120.0,115.0
201.0,198.0,193.0,152.0,168.0
144.0,139.0,121.0,158.0,103.0
206.0,193.0,191.0,163.0,201.0
131.0,73.0,135.0,109.0,142.0
162.0,149.0,181.0,164.0,147.0
144.0,108.0,175.0,139.0,137.0
145.0,166.0,180.0,191.0,158.0
196.0,144.0,187.0,174.0,187.0
158.0,163.0,147.0,0.0,115.0
165.0,172.0,176.0,155.0,184.0
114.0,155.0,138.0,156.0,118.0
144.0,143.0,144.0,146.0,146.0
141.0,175.0,159.0,124.0,167.0
157.0,97.0,108.0,158.0,147.0
172.0,193.0,160.0,184.0,163.0
202.0,211.0,216.0,140.0,178.0
176.0,168.0,139.0,167.0,168.0
114.0,123.0,117.0,123.0,136.0
182.0,175.0,159.0,179.0,154.0
190.0,143.0,120.0,111.0,109.0
198.0,165.0,187.0,174.0,164.0
163.0,162.0,123.0,130.0,127.0
146.0,148.0,150.0,119.0,145.0
116.0,132.0,115.0,124.0,98.0
147.0,165.0,151.0,131.0,172.0
186.0,176.0,179.0,0.0,125.0
149.0,135.0,148.0,119.0,168.0
110.0,99.0,131.0,146.0,119.0
176.0,151.0,109.0,0.0,136.0
111.0,101.0,85.0,0.0,83.0
164.0,146.0,147.0,125.0,106.0
194.0,197.0,166.0,125.0,190.0
167.0,164.0,150.0,117.0,139.0
154.0,157.0,172.0,159.0,146.0
162.0,166.0,204.0,193.0,114.0
150.0,119.0,136.0,0.0,139.0
199.0,169.0,189.0,153.0,150.0
214.0,217.0,219.0,169.0,154.0
167.0,161.0,183.0,151.0,149.0
171.0,122.0,154.0,151.0,144.0
121.0,154.0,131.0,122.0,152.0
201.0,183.0,193.0,148.0,185.0
170.0,189.0,214.0,168.0,203.0
177.0,176.0,134.0,133.0,149.0
169.0,180.0,179.0,166.0,152.0
97.0,100.0,143.0,148.0,115.0
168.0,140.0,139.0,178.0,125.0
173.0,153.0,140.0,170.0,146.0
164.0,142.0,149.0,124.0,132.0
123.0,86.0,125.0,118.0,94.0
165.0,163.0,149.0,122.0,159.0
151.0,145.0,140.0,152.0,136.0
175.0,146.0,176.0,82.0,163.0
129.0,98.0,117.0,113.0,104.0
166.0,121.0,133.0,170.0,105.0
217.0,215.0,196.0,148.0,207.0
172.0,166.0,155.0,158.0,144.0
136.0,115.0,137.0,120.0,169.0
131.0,160.0,146.0,119.0,133.0
175.0,162.0,142.0,124.0,152.0
170.0,138.0,140.0,151.0,114.0
165.0,139.0,134.0,180.0,127.0
125.0,77.0,111.0,0.0,116.0
187.0,174.0,184.0,154.0,119.0
142.0,154.0,159.0,157.0,159.0
94.0,113.0,105.0,124.0,111.0
149.0,93.0,163.0,124.0,135.0
148.0,136.0,136.0,129.0,125.0
185.0,182.0,228.0,158.0,201.0
187.0,177.0,164.0,113.0,191.0
149.0,154.0,142.0,130.0,128.0
155.0,161.0,147.0,152.0,165.0
193.0,163.0,225.0,146.0,178.0
171.0,171.0,178.0,121.0,174.0
164.0,136.0,130.0,167.0,174.0
123.0,102.0,151.0,135.0,135.0
215.0,199.0,300.0,175.0,199.0
120.0,91.0,138.0,161.0,108.0
146.0,139.0,124.0,128.0,96.0
183.0,176.0,164.0,136.0,153.0
132.0,126.0,131.0,83.0,138.0
161.0,185.0,136.0,167.0,153.0
115.0,108.0,148.0,95.0,133.0
136.0,141.0,125.0,118.0,155.0
104.0,90.0,114.0,112.0,156.0
153.0,134.0,153.0,154.0,171.0
167.0,207.0,180.0,169.0,143.0
188.0,217.0,230.0,158.0,156.0
116.0,127.0,118.0,116.0,130.0
129.0,136.0,155.0,160.0,151.0
162.0,159.0,179.0,152.0,157.0
154.0,138.0,144.0,185.0,170.0
191.0,155.0,185.0,172.0,113.0
117.0,148.0,182.0,125.0,95.0
214.0,174.0,214.0,166.0,188.0
97.0,110.0,117.0,103.0,123.0
117.0,95.0,109.0,123.0,103.0
121.0,84.0,128.0,147.0,142.0
138.0,169.0,157.0,147.0,170.0
169.0,182.0,183.0,162.0,164.0
199.0,182.0,212.0,172.0,190.0
123.0,160.0,151.0,113.0,152.0
167.0,121.0,170.0,173.0,108.0
123.0,135.0,145.0,162.0,105.0
168.0,169.0,196.0,150.0,130.0
114.0,126.0,144.0,151.0,157.0
172.0,135.0,138.0,151.0,141.0
145.0,107.0,118.0,159.0,124.0
115.0,91.0,159.0,121.0,128.0
124.0,139.0,126.0,0.0,125.0
192.0,158.0,191.0,183.0,154.0
84.0,92.0,128.0,128.0,97.0
136.0,127.0,130.0,159.0,151.0
96.0,116.0,88.0,114.0,100.0
162.0,176.0,172.0,161.0,145.0
190.0,175.0,199.0,162.0,183.0
150.0,143.0,177.0,154.0,108.0
123.0,120.0,158.0,127.0,138.0
150.0,158.0,148.0,152.0,145.0
154.0,140.0,158.0,138.0,106.0
128.0,135.0,106.0,148.0,134.0
155.0,141.0,133.0,152.0,158.0
196.0,179.0,181.0,177.0,184.0
122.0,120.0,121.0,0.0,121.0
161.0,182.0,133.0,124.0,156.0
102.0,135.0,139.0,170.0,142.0
176.0,159.0,144.0,123.0,179.0
168.0,189.0,140.0,154.0,131.0
166.0,127.0,182.0,161.0,135.0
149.0,111.0,126.0,110.0,167.0
150.0,108.0,97.0,118.0,143.0
193.0,199.0,147.0,166.0,203.0
166.0,192.0,161.0,124.0,171.0
181.0,195.0,300.0,119.0,170.0
152.0,129.0,148.0,131.0,141.0
158.0,138.0,158.0,140.0,137.0
138.0,183.0,115.0,121.0,177.0
158.0,168.0,164.0,115.0,173.0
154.0,95.0,153.0,86.0,155.0
164.0,169.0,180.0,124.0,146.0
157.0,150.0,149.0,147.0,83.0
111.0,161.0,160.0,106.0,94.0
168.0,168.0,193.0,0.0,182.0
125.0,101.0,124.0,136.0,86.0
149.0,133.0,145.0,0.0,142.0
144.0,120.0,138.0,145.0,126.0
145.0,116.0,168.0,153.0,162.0
187.0,136.0,191.0,179.0,206.0
152.0,142.0,124.0,0.0,107.0
160.0,124.0,136.0,126.0,124.0
186.0,156.0,124.0,166.0,144.0
149.0,157.0,116.0,133.0,160.0
171.0,159.0,201.0,93.0,196.0
209.0,206.0,196.0,127.0,218.0
169.0,196.0,186.0,300.0,186.0
182.0,162.0,190.0,84.0,194.0
161.0,169.0,188.0,170.0,90.0
146.0,113.0,137.0,122.0,140.0
147.0,98.0,141.0,152.0,171.0
166.0,150.0,147.0,157.0,157.0
195.0,193.0,188.0,165.0,185.0
137.0,128.0,156.0,110.0,140.0
145.0,165.0,195.0,158.0,115.0
134.0,151.0,142.0,125.0,99.0
168.0,164.0,188.0,152.0,182.0
156.0,105.0,119.0,173.0,96.0
109.0,114.0,135.0,128.0,96.0
172.0,199.0,192.0,176.0,158.0
131.0,88.0,142.0,158.0,125.0
117.0,119.0,145.0,161.0,124.0
171.0,179.0,139.0,169.0,202.0
161.0,143.0,170.0,85.0,158.0
173.0,196.0,141.0,159.0,139.0
191.0,184.0,210.0,170.0,184.0
163.0,173.0,138.0,117.0,146.0
193.0,148.0,167.0,134.0,171.0
127.0,119.0,157.0,170.0,138.0
153.0,162.0,223.0,154.0,175.0
183.0,192.0,198.0,163.0,117.0
158.0,115.0,178.0,143.0,184.0
163.0,133.0,186.0,189.0,156.0
134.0,130.0,169.0,150.0,129.0
178.0,173.0,172.0,118.0,127.0
128.0,130.0,146.0,161.0,160.0
177.0,145.0,158.0,120.0,181.0
199.0,192.0,143.0,124.0,162.0
129.0,170.0,125.0,138.0,120.0
107.0,119.0,155.0,107.0,138.0
163.0,166.0,117.0,160.0,130.0
157.0,129.0,161.0,154.0,143.0
162.0,124.0,146.0,126.0,133.0
146.0,144.0,175.0,124.0,124.0
122.0,95.0,133.0,0.0,126.0
152.0,143.0,152.0,143.0,149.0
158.0,165.0,152.0,104.0,141.0
172.0,194.0,201.0,140.0,81.0
183.0,184.0,165.0,164.0,207.0
167.0,146.0,145.0,300.0,109.0
195.0,146.0,174.0,115.0,147.0
162.0,183.0,135.0,161.0,141.0
184.0,162.0,164.0,177.0,177.0
129.0,157.0,175.0,127.0,154.0
206.0,182.0,211.0,155.0,183.0
164.0,151.0,161.0,121.0,185.0
171.0,165.0,135.0,123.0,175.0
217.0,193.0,228.0,175.0,162.0
200.0,175.0,184.0,181.0,69.0
141.0,128.0,104.0,110.0,171.0
121.0,145.0,122.0,120.0,119.0
151.0,111.0,175.0,118.0,148.0
130.0,119.0,146.0,152.0,175.0
116.0,183.0,140.0,149.0,145.0
135.0,162.0,161.0,143.0,163.0
196.0,185.0,197.0,134.0,159.0
162.0,177.0,156.0,113.0,178.0
107.0,122.0,165.0,123.0,187.0
136.0,122.0,129.0,127.0,167.0
165.0,155.0,205.0,77.0,189.0
156.0,174.0,126.0,154.0,125.0
165.0,164.0,143.0,140.0,119.0
134.0,163.0,185.0,141.0,182.0
161.0,161.0,181.0,120.0,87.0
190.0,172.0,173.0,180.0,155.0
151.0,181.0,155.0,146.0,135.0
181.0,186.0,178.0,125.0,179.0
216.0,193.0,209.0,177.0,201.0
170.0,152.0,118.0,151.0,137.0
187.0,161.0,182.0,152.0,144.0
131.0,164.0,174.0,0.0,124.0
160.0,178.0,150.0,123.0,143.0
205.0,207.0,180.0,122.0,147.0
161.0,150.0,151.0,169.0,167.0
176.0,147.0,130.0,164.0,147.0
88.0,107.0,141.0,148.0,111.0
185.0,150.0,224.0,88.0,171.0
176.0,162.0,186.0,154.0,192.0
151.0,129.0,127.0,167.0,106.0
145.0,87.0,115.0,114.0,126.0
174.0,181.0,217.0,122.0,210.0
160.0,158.0,110.0,124.0,163.0
154.0,160.0,175.0,117.0,160.0
151.0,139.0,120.0,116.0,153.0
167.0,155.0,154.0,143.0,139.0
109.0,138.0,136.0,130.0,102.0
94.0,113.0,135.0,0.0,85.0
200.0,186.0,203.0,150.0,190.0
143.0,157.0,116.0,159.0,139.0
131.0,126.0,121.0,126.0,143.0
170.0,90.0,147.0,169.0,185.0
159.0,153.0,140.0,165.0,168.0
150.0,102.0,167.0,148.0,161.0
170.0,167.0,151.0,137.0,130.0
181.0,182.0,162.0,180.0,187.0
209.0,200.0,204.0,203.0,195.0
178.0,126.0,130.0,148.0,133.0
189.0,156.0,156.0,152.0,156.0
165.0,172.0,160.0,150.0,181.0
121.0,143.0,115.0,131.0,110.0
139.0,150.0,122.0,161.0,133.0
182.0,182.0,210.0,162.0,166.0
185.0,208.0,128.0,165.0,155.0
162.0,186.0,158.0,148.0,170.0
146.0,146.0,121.0,150.0,154.0
201.0,156.0,164.0,152.0,161.0
114.0,117.0,179.0,170.0,142.0
174.0,154.0,184.0,151.0,170.0
147.0,168.0,143.0,130.0,133.0
172.0,148.0,151.0,172.0,160.0
160.0,122.0,118.0,126.0,155.0
169.0,202.0,167.0,159.0,105.0
136.0,130.0,140.0,132.0,140.0
114.0,126.0,134.0,124.0,121.0
162.0,140.0,144.0,167.0,131.0
133.0,152.0,181.0,122.0,101.0
173.0,157.0,137.0,130.0,175.0
138.0,143.0,116.0,123.0,117.0
169.0,209.0,163.0,126.0,144.0
167.0,189.0,169.0,156.0,174.0
146.0,166.0,156.0,178.0,135.0
156.0,165.0,190.0,154.0,150.0
155.0,133.0,204.0,159.0,170.0
183.0,163.0,202.0,117.0,180.0
161.0,129.0,189.0,126.0,148.0
175.0,216.0,184.0,179.0,169.0
152.0,136.0,149.0,155.0,149.0
151.0,181.0,178.0,167.0,126.0
113.0,143.0,127.0,145.0,135.0
207.0,199.0,209.0,158.0,188.0
166.0,203.0,194.0,176.0,213.0
178.0,161.0,166.0,131.0,145.0
171.0,136.0,174.0,133.0,139.0
135.0,117.0,114.0,70.0,101.0
97.0,96.0,127.0,112.0,80.0
125.0,102.0,117.0,0.0,144.0
107.0,86.0,102.0,77.0,99.0
175.0,141.0,136.0,147.0,173.0
165.0,121.0,145.0,120.0,164.0
155.0,117.0,110.0,124.0,118.0
161.0,166.0,146.0,148.0,153.0
141.0,133.0,155.0,116.0,96.0
140.0,107.0,149.0,92.0,89.0
150.0,176.0,157.0,141.0,115.0
161.0,147.0,150.0,149.0,120.0
148.0,144.0,139.0,0.0,143.0
172.0,137.0,154.0,136.0,157.0
129.0,85.0,137.0,125.0,115.0
150.0,100.0,149.0,122.0,117.0
167.0,163.0,137.0,118.0,131.0
188.0,159.0,195.0,147.0,166.0
83.0,103.0,122.0,124.0,94.0
161.0,115.0,160.0,124.0,179.0
165.0,174.0,158.0,125.0,147.0
171.0,148.0,198.0,120.0,135.0
171.0,139.0,158.0,155.0,154.0
201.0,195.0,189.0,174.0,188.0
161.0,123.0,195.0,158.0,157.0
196.0,182.0,179.0,181.0,191.0
121.0,125.0,151.0,0.0,138.0
194.0,190.0,175.0,146.0,153.0
124.0,103.0,164.0,149.0,114.0
160.0,190.0,167.0,134.0,163.0
162.0,144.0,124.0,126.0,134.0
183.0,136.0,182.0,185.0,153.0
123.0,138.0,117.0,146.0,110.0
126.0,100.0,127.0,128.0,145.0
165.0,182.0,189.0,162.0,146.0
186.0,209.0,183.0,130.0,178.0
181.0,220.0,207.0,155.0,186.0
184.0,144.0,152.0,129.0,121.0
173.0,162.0,169.0,155.0,132.0
147.0,151.0,153.0,117.0,159.0
135.0,115.0,108.0,169.0,148.0
166.0,181.0,165.0,178.0,135.0
222.0,176.0,198.0,150.0,158.0
202.0,164.0,196.0,121.0,212.0
147.0,113.0,107.0,92.0,102.0
124.0,105.0,138.0,178.0,132.0
124.0,118.0,111.0,117.0,133.0
167.0,178.0,209.0,170.0,191.0
161.0,136.0,176.0,149.0,181.0
184.0,174.0,215.0,174.0,127.0
194.0,196.0,190.0,170.0,179.0
210.0,214.0,203.0,175.0,88.0
130.0,123.0,147.0,141.0,87.0
176.0,190.0,136.0,161.0,167.0
153.0,133.0,174.0,143.0,138.0
156.0,131.0,146.0,0.0,150.0
158.0,151.0,190.0,124.0,137.0
180.0,158.0,174.0,170.0,194.0
97.0,98.0,188.0,130.0,181.0
148.0,141.0,152.0,133.0,104.0
134.0,126.0,131.0,129.0,118.0
95.0,75.0,197.0,127.0,79.0
132.0,117.0,198.0,153.0,138.0
186.0,184.0,220.0,162.0,194.0
154.0,154.0,156.0,145.0,151.0
151.0,156.0,163.0,130.0,165.0
204.0,179.0,146.0,195.0,191.0
180.0,167.0,139.0,170.0,112.0
97.0,119.0,116.0,0.0,107.0
182.0,192.0,163.0,147.0,211.0
125.0,123.0,118.0,128.0,126.0
164.0,147.0,105.0,142.0,119.0
212.0,183.0,168.0,171.0,91.0
146.0,133.0,153.0,122.0,166.0
179.0,178.0,162.0,111.0,160.0
127.0,144.0,133.0,121.0,107.0
189.0,168.0,300.0,194.0,187.0
146.0,133.0,140.0,136.0,207.0
137.0,150.0,192.0,149.0,157.0
127.0,147.0,159.0,142.0,136.0
177.0,194.0,200.0,168.0,175.0
164.0,199.0,162.0,162.0,201.0
116.0,106.0,135.0,117.0,126.0
166.0,169.0,196.0,185.0,125.0
175.0,121.0,174.0,143.0,176.0
207.0,207.0,217.0,199.0,161.0
172.0,145.0,148.0,120.0,181.0
150.0,138.0,152.0,119.0,124.0
98.0,121.0,86.0,119.0,88.0
97.0,126.0,106.0,0.0,107.0
112.0,129.0,102.0,89.0,89.0
198.0,157.0,183.0,148.0,176.0
131.0,138.0,114.0,118.0,141.0
159.0,159.0,149.0,163.0,139.0
180.0,154.0,147.0,158.0,177.0
121.0,120.0,142.0,178.0,143.0
129.0,147.0,144.0,154.0,160.0
170.0,178.0,164.0,150.0,163.0
113.0,106.0,138.0,148.0,107.0
166.0,201.0,146.0,126.0,161.0
143.0,189.0,168.0,170.0,193.0
117.0,114.0,163.0,141.0,126.0
175.0,179.0,198.0,127.0,158.0
207.0,166.0,203.0,159.0,187.0
137.0,125.0,140.0,75.0,116.0
135.0,123.0,106.0,133.0,106.0
173.0,148.0,125.0,170.0,121.0
183.0,186.0,203.0,144.0,137.0
152.0,94.0,106.0,145.0,104.0
162.0,179.0,152.0,163.0,148.0
155.0,184.0,191.0,154.0,153.0
133.0,143.0,131.0,147.0,116.0
179.0,163.0,189.0,171.0,162.0
184.0,176.0,148.0,151.0,162.0
206.0,193.0,300.0,169.0,174.0
177.0,175.0,183.0,148.0,163.0
140.0,172.0,168.0,120.0,154.0
148.0,142.0,171.0,0.0,113.0
101.0,149.0,148.0,155.0,109.0
125.0,103.0,179.0,159.0,125.0
142.0,140.0,132.0,133.0,124.0
171.0,180.0,171.0,167.0,160.0
170.0,134.0,107.0,0.0,148.0
131.0,109.0,131.0,157.0,132.0
136.0,122.0,138.0,157.0,99.0
124.0,133.0,119.0,131.0,107.0
149.0,135.0,145.0,149.0,140.0
182.0,190.0,214.0,159.0,140.0
148.0,139.0,121.0,125.0,137.0
152.0,147.0,139.0,121.0,145.0
177.0,119.0,208.0,152.0,183.0
133.0,178.0,177.0,129.0,179.0
146.0,136.0,159.0,115.0,131.0
85.0,114.0,138.0,132.0,102.0
133.0,87.0,133.0,148.0,162.0
154.0,204.0,155.0,125.0,191.0
190.0,186.0,168.0,0.0,180.0
165.0,167.0,205.0,196.0,152.0
172.0,178.0,117.0,157.0,104.0
200.0,192.0,181.0,156.0,152.0
182.0,162.0,158.0,156.0,152.0
173.0,169.0,179.0,116.0,159.0
215.0,194.0,300.0,185.0,220.0
182.0,166.0,225.0,187.0,149.0
116.0,140.0,105.0,84.0,92.0
141.0,155.0,143.0,117.0,152.0
179.0,159.0,100.0,121.0,109.0
164.0,149.0,185.0,0.0,141.0
185.0,178.0,164.0,147.0,159.0
218.0,199.0,212.0,173.0,225.0
136.0,129.0,119.0,119.0,126.0
131.0,111.0,119.0,117.0,149.0
165.0,141.0,135.0,117.0,124.0
173.0,148.0,154.0,148.0,125.0
160.0,132.0,146.0,155.0,157.0
187.0,179.0,173.0,121.0,144.0
118.0,84.0,131.0,137.0,162.0
117.0,89.0,150.0,142.0,118.0
116.0,90.0,129.0,160.0,100.0
140.0,100.0,143.0,111.0,117.0
152.0,162.0,174.0,151.0,166.0
187.0,173.0,207.0,127.0,171.0
149.0,181.0,159.0,140.0,168.0
161.0,151.0,128.0,150.0,128.0
179.0,180.0,196.0,121.0,171.0
148.0,158.0,146.0,163.0,173.0
178.0,154.0,131.0,122.0,126.0
192.0,163.0,182.0,168.0,149.0
167.0,149.0,150.0,114.0,99.0
127.0,167.0,183.0,122.0,124.0
120.0,142.0,141.0,156.0,156.0
121.0,120.0,124.0,113.0,95.0
127.0,128.0,122.0,117.0,119.0
198.0,186.0,196.0,152.0,171.0
144.0,124.0,122.0,126.0,151.0
113.0,139.0,152.0,152.0,140.0
132.0,152.0,141.0,154.0,139.0
178.0,162.0,163.0,160.0,131.0
168.0,112.0,174.0,160.0,149.0
130.0,99.0,118.0,0.0,118.0
196.0,184.0,300.0,169.0,219.0
170.0,159.0,189.0,0.0,148.0
132.0,131.0,177.0,133.0,99.0
115.0,113.0,188.0,130.0,136.0
127.0,122.0,147.0,156.0,94.0
167.0,193.0,204.0,156.0,159.0
152.0,83.0,148.0,0.0,124.0
123.0,109.0,85.0,92.0,96.0
147.0,117.0,153.0,158.0,158.0
148.0,179.0,146.0,147.0,137.0
146.0,153.0,163.0,123.0,128.0
211.0,186.0,213.0,165.0,182.0
147.0,134.0,129.0,162.0,122.0
156.0,184.0,181.0,94.0,154.0
148.0,134.0,150.0,128.0,131.0
186.0,189.0,217.0,164.0,193.0
179.0,182.0,212.0,167.0,183.0
184.0,96.0,207.0,193.0,192.0
183.0,124.0,214.0,300.0,154.0
144.0,154.0,162.0,148.0,145.0
189.0,185.0,201.0,116.0,147.0
145.0,112.0,131.0,126.0,100.0
140.0,160.0,118.0,0.0,193.0
120.0,145.0,141.0,129.0,102.0
197.0,192.0,156.0,149.0,123.0
136.0,146.0,168.0,110.0,165.0
156.0,148.0,149.0,153.0,148.0
166.0,107.0,150.0,140.0,182.0
103.0,100.0,148.0,80.0,118.0
129.0,127.0,131.0,149.0,170.0
105.0,103.0,137.0,162.0,129.0
142.0,136.0,159.0,122.0,140.0
126.0,129.0,145.0,90.0,114.0
176.0,168.0,207.0,113.0,129.0
133.0,149.0,139.0,178.0,84.0
126.0,132.0,137.0,138.0,107.0
141.0,107.0,122.0,124.0,98.0
190.0,177.0,186.0,116.0,141.0
137.0,140.0,102.0,142.0,123.0
123.0,125.0,126.0,133.0,143.0
148.0,132.0,142.0,131.0,108.0
139.0,137.0,148.0,120.0,124.0
166.0,181.0,160.0,164.0,162.0
142.0,161.0,149.0,128.0,169.0
109.0,101.0,122.0,125.0,142.0
162.0,177.0,212.0,166.0,185.0
151.0,151.0,188.0,145.0,169.0
153.0,128.0,126.0,155.0,125.0
136.0,106.0,167.0,122.0,90.0
212.0,96.0,187.0,164.0,182.0
125.0,105.0,189.0,129.0,142.0
187.0,207.0,209.0,185.0,157.0
121.0,135.0,133.0,124.0,156.0
145.0,132.0,142.0,170.0,131.0
173.0,131.0,156.0,158.0,138.0
131.0,119.0,146.0,0.0,131.0
174.0,105.0,115.0,175.0,135.0
171.0,198.0,183.0,168.0,167.0
163.0,130.0,207.0,136.0,149.0
141.0,148.0,143.0,125.0,112.0
197.0,189.0,179.0,79.0,165.0
150.0,126.0,119.0,115.0,137.0
185.0,180.0,217.0,170.0,218.0
99.0,116.0,211.0,166.0,111.0
117.0,113.0,112.0,123.0,72.0
117.0,126.0,131.0,159.0,125.0
156.0,98.0,147.0,0.0,159.0
190.0,188.0,220.0,127.0,166.0
155.0,111.0,137.0,94.0,157.0
193.0,131.0,208.0,147.0,162.0
176.0,209.0,192.0,150.0,192.0
125.0,151.0,136.0,109.0,98.0
143.0,114.0,136.0,82.0,109.0
193.0,177.0,212.0,172.0,130.0
84.0,93.0,119.0,0.0,78.0
162.0,171.0,164.0,171.0,140.0
142.0,192.0,128.0,129.0,165.0
93.0,125.0,143.0,132.0,78.0
151.0,143.0,195.0,123.0,189.0
139.0,155.0,190.0,155.0,140.0
180.0,184.0,185.0,164.0,191.0
164.0,168.0,195.0,121.0,129.0
134.0,165.0,133.0,84.0,134.0
157.0,98.0,157.0,120.0,108.0
163.0,124.0,128.0,122.0,120.0
165.0,181.0,160.0,126.0,162.0
160.0,146.0,114.0,127.0,128.0
200.0,184.0,138.0,170.0,138.0
167.0,179.0,176.0,149.0,157.0
187.0,189.0,187.0,122.0,168.0
232.0,216.0,300.0,183.0,188.0
152.0,151.0,128.0,170.0,143.0
204.0,181.0,193.0,120.0,184.0
184.0,184.0,148.0,166.0,152.0
155.0,162.0,197.0,151.0,165.0
151.0,157.0,191.0,170.0,110.0
111.0,125.0,171.0,300.0,128.0
138.0,139.0,147.0,167.0,150.0
139.0,148.0,143.0,154.0,132.0
159.0,134.0,161.0,130.0,138.0
138.0,115.0,122.0,109.0,118.0
131.0,167.0,201.0,123.0,112.0
161.0,149.0,153.0,162.0,152.0
182.0,193.0,195.0,300.0,199.0
194.0,201.0,170.0,145.0,186.0
103.0,88.0,120.0,119.0,127.0
167.0,157.0,169.0,129.0,172.0
152.0,113.0,169.0,161.0,156.0
155.0,112.0,138.0,165.0,104.0
152.0,188.0,147.0,128.0,123.0
161.0,169.0,148.0,148.0,144.0
182.0,179.0,156.0,150.0,108.0
153.0,119.0,142.0,154.0,132.0
160.0,142.0,154.0,141.0,127.0
116.0,119.0,120.0,119.0,135.0
102.0,139.0,117.0,126.0,92.0
105.0,132.0,124.0,0.0,126.0
113.0,120.0,151.0,114.0,80.0
172.0,147.0,130.0,159.0,160.0
122.0,125.0,106.0,84.0,140.0
127.0,140.0,132.0,107.0,147.0
205.0,221.0,217.0,159.0,195.0
177.0,152.0,202.0,149.0,189.0
165.0,170.0,158.0,120.0,174.0
122.0,151.0,173.0,147.0,140.0
150.0,156.0,153.0,0.0,159.0
167.0,108.0,194.0,164.0,142.0
143.0,134.0,151.0,0.0,138.0
172.0,175.0,167.0,173.0,188.0
134.0,124.0,103.0,117.0,144.0
101.0,106.0,154.0,179.0,96.0
166.0,155.0,164.0,161.0,73.0
148.0,146.0,146.0,130.0,122.0
144.0,131.0,133.0,125.0,120.0
152.0,153.0,181.0,0.0,114.0
166.0,176.0,173.0,144.0,193.0
135.0,150.0,180.0,171.0,170.0
183.0,208.0,168.0,160.0,131.0
117.0,98.0,127.0,89.0,114.0
116.0,123.0,163.0,130.0,124.0
197.0,212.0,178.0,147.0,168.0
126.0,92.0,105.0,0.0,82.0
158.0,158.0,176.0,151.0,155.0
144.0,134.0,155.0,95.0,138.0
185.0,164.0,162.0,160.0,114.0
185.0,201.0,169.0,170.0,171.0
137.0,123.0,119.0,114.0,127.0
164.0,168.0,121.0,149.0,127.0
189.0,147.0,132.0,163.0,157.0
201.0,190.0,192.0,151.0,176.0
127.0,106.0,102.0,124.0,117.0
171.0,156.0,143.0,161.0,130.0
108.0,79.0,150.0,60.0,93.0
173.0,131.0,192.0,124.0,158.0
176.0,190.0,169.0,151.0,198.0
134.0,119.0,159.0,90.0,135.0
204.0,190.0,219.0,179.0,175.0
114.0,128.0,104.0,112.0,134.0
175.0,180.0,181.0,150.0,140.0
118.0,115.0,138.0,133.0,130.0
220.0,196.0,208.0,174.0,300.0
165.0,145.0,160.0,145.0,99.0
113.0,82.0,126.0,0.0,106.0
158.0,172.0,165.0,149.0,179.0
206.0,185.0,159.0,152.0,153.0
158.0,162.0,138.0,157.0,136.0
183.0,189.0,200.0,124.0,82.0
193.0,169.0,205.0,121.0,210.0
167.0,152.0,157.0,152.0,158.0
173.0,161.0,186.0,155.0,151.0
102.0,123.0,153.0,98.0,134.0
137.0,155.0,121.0,154.0,177.0
201.0,194.0,179.0,161.0,191.0
144.0,120.0,147.0,158.0,139.0
146.0,121.0,149.0,120.0,120.0
128.0,138.0,140.0,172.0,122.0
154.0,147.0,185.0,300.0,137.0
81.0,104.0,118.0,125.0,132.0
212.0,201.0,300.0,168.0,217.0
160.0,102.0,112.0,123.0,159.0
158.0,183.0,205.0,168.0,120.0
170.0,149.0,225.0,156.0,129.0
179.0,184.0,173.0,120.0,175.0
151.0,154.0,165.0,176.0,167.0
134.0,173.0,179.0,149.0,173.0
155.0,167.0,142.0,184.0,163.0
148.0,152.0,147.0,170.0,130.0
125.0,132.0,124.0,114.0,77.0
176.0,143.0,168.0,120.0,180.0
147.0,132.0,150.0,115.0,102.0
145.0,152.0,195.0,125.0,184.0
190.0,138.0,192.0,146.0,142.0
152.0,141.0,164.0,149.0,174.0
179.0,151.0,133.0,0.0,127.0
147.0,112.0,155.0,119.0,130.0
145.0,171.0,206.0,138.0,160.0
155.0,130.0,175.0,121.0,170.0
173.0,213.0,202.0,169.0,202.0
168.0,150.0,123.0,153.0,129.0
177.0,144.0,174.0,165.0,132.0
115.0,90.0,98.0,165.0,75.0
131.0,139.0,177.0,170.0,152.0
72.0,106.0,119.0,0.0,93.0
201.0,195.0,211.0,165.0,172.0
165.0,137.0,178.0,150.0,150.0
168.0,155.0,186.0,109.0,175.0
94.0,83.0,110.0,0.0,101.0
148.0,148.0,178.0,143.0,132.0
154.0,154.0,110.0,169.0,92.0
109.0,93.0,156.0,120.0,81.0
139.0,155.0,155.0,119.0,160.0
166.0,129.0,180.0,120.0,138.0
111.0,96.0,138.0,80.0,124.0
147.0,90.0,184.0,153.0,133.0
110.0,116.0,146.0,110.0,143.0
105.0,101.0,109.0,111.0,106.0
154.0,128.0,170.0,116.0,168.0
158.0,159.0,136.0,0.0,150.0
154.0,125.0,152.0,0.0,124.0
138.0,141.0,118.0,0.0,161.0
147.0,127.0,165.0,117.0,136.0
142.0,161.0,180.0,113.0,146.0
156.0,125.0,184.0,119.0,105.0
134.0,114.0,143.0,178.0,104.0
130.0,101.0,152.0,141.0,148.0
124.0,70.0,162.0,175.0,171.0
150.0,200.0,216.0,126.0,204.0
144.0,102.0,128.0,157.0,103.0
140.0,130.0,127.0,119.0,94.0
138.0,169.0,132.0,173.0,166.0
113.0,165.0,122.0,125.0,108.0
129.0,132.0,158.0,133.0,107.0
188.0,196.0,153.0,128.0,202.0
158.0,185.0,152.0,168.0,142.0
112.0,122.0,140.0,150.0,126.0
119.0,162.0,157.0,127.0,129.0
141.0,132.0,118.0,162.0,144.0
116.0,90.0,195.0,127.0,118.0
149.0,176.0,145.0,149.0,151.0
154.0,128.0,142.0,73.0,158.0
163.0,155.0,149.0,0.0,175.0
144.0,140.0,176.0,123.0,129.0
114.0,121.0,152.0,150.0,110.0
151.0,156.0,167.0,124.0,143.0
171.0,135.0,172.0,121.0,174.0
174.0,185.0,165.0,300.0,214.0
139.0,170.0,140.0,165.0,152.0
84.0,74.0,114.0,0.0,99.0
155.0,99.0,120.0,151.0,144.0
169.0,197.0,166.0,0.0,163.0
105.0,80.0,111.0,115.0,117.0
188.0,150.0,166.0,167.0,191.0
136.0,168.0,154.0,168.0,139.0
178.0,155.0,155.0,136.0,109.0
149.0,149.0,125.0,163.0,154.0
159.0,160.0,185.0,76.0,178.0
173.0,108.0,141.0,156.0,161.0
209.0,159.0,229.0,162.0,197.0
140.0,119.0,164.0,148.0,139.0
170.0,138.0,196.0,134.0,166.0
187.0,185.0,194.0,159.0,192.0
179.0,203.0,208.0,146.0,156.0
116.0,101.0,140.0,0.0,125.0
168.0,167.0,189.0,0.0,163.0
159.0,162.0,137.0,143.0,124.0
192.0,170.0,167.0,168.0,175.0
141.0,125.0,134.0,125.0,100.0
140.0,116.0,100.0,0.0,165.0
142.0,103.0,152.0,0.0,122.0
191.0,159.0,146.0,144.0,153.0
105.0,105.0,102.0,116.0,123.0
129.0,169.0,156.0,152.0,111.0
172.0,143.0,191.0,176.0,118.0
179.0,177.0,139.0,179.0,158.0
131.0,123.0,123.0,152.0,115.0
175.0,189.0,177.0,138.0,154.0
188.0,194.0,221.0,169.0,177.0
164.0,115.0,125.0,122.0,91.0
155.0,144.0,111.0,157.0,133.0
118.0,95.0,132.0,110.0,132.0
193.0,153.0,93.0,170.0,155.0
131.0,156.0,156.0,114.0,97.0
209.0,191.0,196.0,122.0,175.0
145.0,119.0,160.0,148.0,173.0
179.0,146.0,144.0,184.0,180.0
118.0,108.0,170.0,135.0,152.0
152.0,159.0,140.0,131.0,167.0
146.0,133.0,129.0,88.0,125.0
105.0,134.0,129.0,125.0,81.0
119.0,110.0,128.0,147.0,102.0
149.0,146.0,135.0,118.0,141.0
209.0,214.0,217.0,159.0,186.0
174.0,179.0,183.0,156.0,171.0
170.0,132.0,151.0,0.0,203.0
190.0,159.0,162.0,0.0,158.0
166.0,136.0,169.0,145.0,124.0
182.0,162.0,166.0,144.0,146.0
146.0,155.0,167.0,159.0,131.0
160.0,125.0,184.0,158.0,123.0
142.0,137.0,163.0,107.0,146.0
160.0,145.0,165.0,168.0,134.0
148.0,153.0,156.0,115.0,131.0
123.0,136.0,86.0,115.0,126.0
151.0,126.0,179.0,77.0,93.0
144.0,171.0,164.0,165.0,95.0
214.0,205.0,179.0,130.0,215.0
162.0,182.0,138.0,152.0,173.0
119.0,108.0,125.0,94.0,140.0
183.0,157.0,188.0,90.0,180.0
181.0,178.0,199.0,148.0,166.0
149.0,162.0,154.0,141.0,134.0
120.0,103.0,151.0,146.0,111.0
182.0,180.0,175.0,123.0,193.0
139.0,146.0,150.0,124.0,132.0
166.0,150.0,182.0,156.0,151.0
104.0,97.0,113.0,114.0,126.0
140.0,139.0,142.0,130.0,118.0
153.0,116.0,126.0,155.0,120.0
210.0,156.0,190.0,129.0,201.0
127.0,123.0,136.0,176.0,178.0
183.0,191.0,210.0,153.0,208.0
162.0,153.0,157.0,149.0,188.0
119.0,141.0,141.0,70.0,132.0
152.0,145.0,186.0,157.0,170.0
175.0,164.0,156.0,122.0,158.0
173.0,166.0,160.0,142.0,170.0
195.0,181.0,144.0,154.0,139.0
148.0,136.0,132.0,125.0,171.0
159.0,87.0,113.0,152.0,131.0
177.0,161.0,217.0,133.0,139.0
127.0,154.0,142.0,170.0,132.0
198.0,186.0,231.0,119.0,163.0
133.0,125.0,139.0,142.0,156.0
193.0,118.0,155.0,124.0,137.0
109.0,84.0,129.0,113.0,90.0
181.0,192.0,190.0,172.0,187.0
159.0,145.0,156.0,121.0,186.0
179.0,179.0,192.0,174.0,136.0
157.0,120.0,173.0,88.0,157.0
127.0,137.0,125.0,124.0,136.0
132.0,143.0,168.0,125.0,104.0
128.0,138.0,162.0,147.0,131.0
166.0,175.0,98.0,100.0,183.0
172.0,186.0,135.0,127.0,177.0
167.0,182.0,205.0,165.0,148.0
145.0,99.0,150.0,163.0,180.0
163.0,181.0,119.0,159.0,158.0
134.0,167.0,139.0,137.0,117.0
128.0,85.0,157.0,69.0,140.0
135.0,154.0,136.0,159.0,115.0
147.0,157.0,134.0,123.0,126.0
152.0,133.0,115.0,116.0,143.0
92.0,110.0,89.0,113.0,87.0
115.0,125.0,124.0,114.0,130.0
145.0,113.0,195.0,130.0,120.0
148.0,85.0,110.0,127.0,132.0
122.0,103.0,157.0,110.0,115.0
147.0,151.0,167.0,179.0,163.0
160.0,139.0,161.0,196.0,151.0
108.0,116.0,140.0,167.0,131.0
190.0,167.0,167.0,172.0,207.0
187.0,185.0,182.0,170.0,146.0
178.0,178.0,209.0,167.0,146.0
194.0,210.0,179.0,127.0,204.0
137.0,100.0,167.0,123.0,160.0
183.0,185.0,171.0,171.0,193.0
169.0,196.0,216.0,300.0,167.0
157.0,148.0,132.0,180.0,113.0
164.0,178.0,144.0,173.0,104.0
140.0,152.0,134.0,161.0,112.0
117.0,135.0,117.0,127.0,169.0
137.0,121.0,130.0,109.0,89.0
145.0,127.0,144.0,131.0,116.0
156.0,141.0,151.0,156.0,156.0
188.0,202.0,212.0,120.0,207.0
109.0,95.0,140.0,146.0,111.0
196.0,182.0,162.0,159.0,210.0
109.0,119.0,125.0,126.0,118.0
182.0,200.0,194.0,132.0,213.0
154.0,132.0,128.0,120.0,150.0
219.0,193.0,205.0,177.0,174.0
160.0,173.0,153.0,90.0,111.0
159.0,147.0,300.0,118.0,93.0
192.0,175.0,197.0,187.0,175.0
180.0,146.0,210.0,149.0,151.0
147.0,124.0,167.0,160.0,207.0
177.0,155.0,153.0,158.0,147.0
203.0,187.0,225.0,172.0,164.0
115.0,115.0,151.0,126.0,150.0
167.0,171.0,200.0,153.0,145.0
166.0,134.0,145.0,146.0,143.0
165.0,167.0,155.0,92.0,183.0
167.0,155.0,174.0,152.0,175.0
154.0,135.0,139.0,90.0,149.0
169.0,140.0,199.0,150.0,164.0
187.0,147.0,118.0,141.0,120.0
140.0,101.0,105.0,0.0,143.0
124.0,119.0,109.0,0.0,109.0
180.0,194.0,140.0,167.0,167.0
158.0,177.0,163.0,163.0,166.0
151.0,93.0,138.0,118.0,128.0
126.0,153.0,154.0,157.0,127.0
119.0,104.0,140.0,133.0,78.0
107.0,107.0,102.0,117.0,76.0
118.0,94.0,167.0,168.0,125.0
167.0,197.0,148.0,122.0,156.0
170.0,123.0,187.0,173.0,114.0
123.0,120.0,135.0,0.0,100.0
197.0,151.0,196.0,137.0,188.0
113.0,128.0,154.0,119.0,126.0
145.0,128.0,173.0,152.0,106.0
154.0,141.0,159.0,128.0,85.0
129.0,166.0,168.0,150.0,142.0
150.0,165.0,147.0,156.0,165.0
171.0,135.0,165.0,137.0,131.0
129.0,129.0,123.0,116.0,116.0
123.0,168.0,146.0,126.0,131.0
176.0,177.0,154.0,151.0,203.0
119.0,116.0,135.0,143.0,179.0
175.0,189.0,177.0,133.0,145.0
190.0,203.0,206.0,125.0,190.0
154.0,115.0,167.0,164.0,159.0
150.0,155.0,134.0,80.0,165.0
172.0,178.0,190.0,123.0,194.0
191.0,173.0,170.0,0.0,155.0
161.0,173.0,192.0,153.0,171.0
167.0,146.0,174.0,153.0,153.0
166.0,167.0,200.0,158.0,178.0
172.0,140.0,153.0,158.0,172.0
190.0,201.0,124.0,113.0,186.0
111.0,111.0,113.0,0.0,131.0
185.0,190.0,222.0,165.0,193.0
147.0,114.0,133.0,139.0,138.0
160.0,144.0,130.0,149.0,114.0
147.0,128.0,159.0,169.0,108.0
181.0,178.0,184.0,191.0,176.0
151.0,153.0,132.0,133.0,124.0
164.0,161.0,154.0,163.0,169.0
167.0,169.0,158.0,117.0,173.0
125.0,104.0,193.0,172.0,158.0
178.0,116.0,177.0,128.0,178.0
119.0,126.0,153.0,0.0,106.0
185.0,208.0,203.0,147.0,147.0
218.0,221.0,185.0,194.0,189.0
154.0,155.0,143.0,161.0,118.0
174.0,153.0,186.0,155.0,144.0
164.0,145.0,154.0,121.0,148.0
152.0,154.0,172.0,160.0,188.0
214.0,194.0,212.0,177.0,204.0
168.0,144.0,183.0,125.0,159.0
170.0,147.0,162.0,117.0,202.0
161.0,156.0,157.0,124.0,166.0
119.0,138.0,133.0,134.0,106.0
145.0,134.0,166.0,159.0,120.0
122.0,103.0,160.0,126.0,123.0
113.0,96.0,131.0,155.0,96.0
179.0,166.0,156.0,161.0,155.0
180.0,182.0,211.0,132.0,210.0
165.0,173.0,125.0,124.0,159.0
163.0,145.0,173.0,133.0,149.0
158.0,116.0,156.0,183.0,117.0
166.0,164.0,182.0,155.0,154.0
149.0,135.0,159.0,150.0,155.0
139.0,123.0,134.0,157.0,76.0
145.0,134.0,171.0,137.0,112.0
135.0,81.0,181.0,154.0,178.0
182.0,169.0,209.0,163.0,126.0
162.0,138.0,139.0,129.0,137.0
178.0,180.0,176.0,163.0,187.0
224.0,190.0,213.0,300.0,199.0
197.0,210.0,217.0,169.0,208.0
210.0,207.0,218.0,128.0,173.0
104.0,105.0,122.0,0.0,76.0
172.0,119.0,124.0,126.0,143.0
103.0,87.0,129.0,178.0,91.0
185.0,148.0,169.0,149.0,168.0
146.0,144.0,146.0,0.0,133.0
71.0,118.0,135.0,115.0,115.0
167.0,100.0,188.0,177.0,141.0
172.0,160.0,144.0,107.0,180.0
153.0,142.0,126.0,110.0,124.0
174.0,198.0,198.0,150.0,139.0
133.0,97.0,154.0,159.0,126.0
134.0,132.0,163.0,166.0,129.0
168.0,162.0,150.0,140.0,151.0
129.0,165.0,125.0,138.0,153.0
141.0,166.0,157.0,118.0,138.0
141.0,162.0,159.0,145.0,113.0
157.0,167.0,155.0,156.0,150.0
162.0,125.0,87.0,136.0,166.0
138.0,138.0,141.0,119.0,131.0
194.0,185.0,214.0,127.0,172.0
136.0,102.0,111.0,131.0,100.0
139.0,127.0,171.0,153.0,148.0
160.0,126.0,88.0,141.0,113.0
159.0,200.0,157.0,169.0,116.0
136.0,164.0,155.0,188.0,113.0
136.0,138.0,146.0,119.0,129.0
150.0,154.0,148.0,121.0,164.0
113.0,117.0,144.0,164.0,106.0
106.0,116.0,146.0,118.0,116.0
135.0,101.0,113.0,124.0,156.0
161.0,142.0,170.0,114.0,131.0
151.0,149.0,149.0,158.0,132.0
175.0,155.0,193.0,170.0,206.0
108.0,111.0,123.0,150.0,114.0
117.0,102.0,102.0,68.0,105.0
131.0,110.0,139.0,110.0,129.0
134.0,155.0,104.0,110.0,108.0
162.0,140.0,149.0,125.0,114.0
165.0,167.0,145.0,125.0,156.0
149.0,120.0,154.0,151.0,136.0
192.0,187.0,152.0,129.0,131.0
145.0,146.0,143.0,0.0,150.0
163.0,141.0,150.0,160.0,132.0
151.0,110.0,150.0,154.0,140.0
101.0,109.0,155.0,96.0,122.0
211.0,185.0,197.0,164.0,184.0
139.0,110.0,152.0,116.0,168.0
168.0,158.0,156.0,121.0,156.0
185.0,136.0,176.0,168.0,176.0
138.0,100.0,135.0,127.0,155.0
201.0,218.0,204.0,149.0,194.0
80.0,88.0,132.0,120.0,92.0
160.0,146.0,158.0,166.0,159.0
195.0,196.0,172.0,161.0,138.0
158.0,158.0,115.0,0.0,165.0
153.0,171.0,164.0,166.0,136.0
195.0,198.0,178.0,187.0,192.0
141.0,106.0,181.0,93.0,93.0
154.0,120.0,133.0,0.0,98.0
170.0,189.0,149.0,152.0,173.0
168.0,186.0,204.0,195.0,181.0
161.0,185.0,176.0,164.0,199.0
175.0,176.0,182.0,169.0,179.0
166.0,184.0,160.0,160.0,189.0
145.0,165.0,151.0,170.0,161.0
144.0,120.0,153.0,130.0,120.0
173.0,139.0,158.0,125.0,135.0
116.0,109.0,137.0,115.0,124.0
134.0,101.0,128.0,127.0,133.0
191.0,205.0,185.0,128.0,178.0
154.0,101.0,143.0,120.0,162.0
139.0,161.0,159.0,156.0,195.0
160.0,147.0,171.0,126.0,178.0
176.0,195.0,212.0,136.0,154.0
152.0,156.0,177.0,157.0,149.0
159.0,134.0,183.0,170.0,123.0
102.0,109.0,122.0,77.0,106.0
158.0,120.0,105.0,147.0,128.0
133.0,126.0,112.0,122.0,120.0
170.0,143.0,137.0,135.0,148.0
185.0,198.0,150.0,113.0,169.0
142.0,157.0,148.0,118.0,159.0
189.0,189.0,170.0,159.0,184.0
101.0,124.0,130.0,115.0,158.0
172.0,191.0,175.0,126.0,155.0
201.0,192.0,300.0,169.0,164.0
162.0,111.0,214.0,105.0,152.0
146.0,152.0,160.0,149.0,166.0
112.0,127.0,155.0,136.0,173.0
167.0,169.0,194.0,167.0,169.0
93.0,113.0,93.0,0.0,70.0
151.0,121.0,127.0,81.0,136.0
142.0,118.0,148.0,147.0,119.0
100.0,100.0,123.0,127.0,111.0
132.0,84.0,200.0,95.0,143.0
172.0,177.0,201.0,183.0,140.0
162.0,132.0,160.0,168.0,138.0
171.0,114.0,187.0,110.0,121.0
182.0,197.0,192.0,167.0,152.0
91.0,143.0,107.0,118.0,105.0
171.0,173.0,187.0,164.0,114.0
129.0,125.0,152.0,170.0,148.0
120.0,94.0,134.0,179.0,102.0
130.0,158.0,123.0,128.0,99.0
104.0,81.0,118.0,0.0,122.0
168.0,166.0,127.0,141.0,175.0
157.0,180.0,191.0,147.0,145.0
152.0,108.0,103.0,149.0,155.0
161.0,130.0,124.0,117.0,109.0
191.0,170.0,199.0,117.0,213.0
127.0,115.0,108.0,128.0,96.0
151.0,159.0,151.0,164.0,168.0
118.0,94.0,112.0,123.0,94.0
172.0,167.0,172.0,164.0,154.0
151.0,164.0,116.0,0.0,174.0
223.0,226.0,300.0,156.0,209.0
193.0,196.0,185.0,122.0,176.0
165.0,144.0,168.0,170.0,159.0
174.0,164.0,143.0,179.0,187.0
189.0,156.0,148.0,126.0,148.0
171.0,155.0,194.0,0.0,145.0
127.0,130.0,135.0,168.0,134.0
176.0,147.0,139.0,156.0,134.0
91.0,72.0,100.0,155.0,103.0
132.0,143.0,149.0,121.0,130.0
137.0,141.0,150.0,167.0,151.0
162.0,150.0,170.0,130.0,165.0
171.0,176.0,149.0,126.0,164.0
300.0,198.0,230.0,184.0,198.0
142.0,157.0,134.0,91.0,123.0
117.0,121.0,136.0,84.0,131.0
122.0,123.0,128.0,124.0,113.0
165.0,164.0,173.0,139.0,154.0
155.0,150.0,162.0,121.0,138.0
125.0,86.0,120.0,0.0,86.0
172.0,195.0,183.0,132.0,190.0
138.0,157.0,148.0,127.0,142.0
101.0,118.0,138.0,119.0,124.0
182.0,201.0,185.0,172.0,135.0
180.0,136.0,177.0,91.0,112.0
147.0,119.0,111.0,150.0,98.0
113.0,112.0,123.0,124.0,114.0
144.0,131.0,116.0,119.0,127.0
135.0,145.0,127.0,129.0,131.0
116.0,95.0,145.0,96.0,120.0
194.0,180.0,177.0,151.0,187.0
144.0,141.0,135.0,131.0,134.0
145.0,137.0,172.0,120.0,135.0
118.0,125.0,165.0,140.0,140.0
110.0,108.0,108.0,0.0,112.0
230.0,202.0,213.0,172.0,212.0
167.0,184.0,163.0,160.0,174.0
116.0,153.0,161.0,120.0,120.0
135.0,118.0,163.0,144.0,119.0
150.0,129.0,186.0,171.0,130.0
161.0,187.0,195.0,116.0,175.0
119.0,148.0,141.0,127.0,158.0
141.0,126.0,108.0,153.0,116.0
218.0,223.0,199.0,128.0,178.0
142.0,156.0,141.0,134.0,116.0
167.0,94.0,122.0,176.0,142.0
149.0,168.0,155.0,106.0,157.0
150.0,131.0,142.0,119.0,163.0
131.0,137.0,141.0,73.0,131.0
174.0,124.0,148.0,106.0,161.0
165.0,114.0,190.0,148.0,180.0
151.0,129.0,141.0,161.0,112.0
98.0,121.0,108.0,111.0,114.0
180.0,158.0,208.0,130.0,129.0
105.0,93.0,132.0,150.0,131.0
122.0,117.0,149.0,152.0,118.0
185.0,163.0,181.0,120.0,193.0
137.0,87.0,99.0,120.0,76.0
142.0,164.0,185.0,129.0,167.0
151.0,155.0,154.0,188.0,146.0
115.0,127.0,137.0,123.0,107.0
148.0,116.0,165.0,161.0,123.0
180.0,153.0,131.0,121.0,154.0
141.0,145.0,140.0,172.0,131.0
96.0,113.0,128.0,127.0,103.0
183.0,191.0,213.0,129.0,221.0
116.0,111.0,112.0,141.0,117.0
127.0,124.0,155.0,134.0,168.0
143.0,174.0,162.0,153.0,199.0
137.0,141.0,170.0,121.0,136.0
142.0,141.0,154.0,112.0,157.0
142.0,126.0,118.0,146.0,131.0
176.0,155.0,194.0,181.0,202.0
100.0,124.0,78.0,0.0,90.0
132.0,129.0,157.0,128.0,130.0
198.0,206.0,192.0,145.0,210.0
130.0,131.0,126.0,117.0,143.0
106.0,109.0,141.0,174.0,96.0
155.0,118.0,196.0,176.0,142.0
140.0,124.0,165.0,113.0,108.0
99.0,121.0,129.0,94.0,111.0
155.0,151.0,174.0,172.0,117.0
134.0,127.0,123.0,168.0,110.0
160.0,171.0,173.0,153.0,116.0
187.0,137.0,183.0,111.0,182.0
171.0,129.0,145.0,176.0,125.0
140.0,127.0,135.0,118.0,159.0
161.0,132.0,99.0,0.0,146.0
126.0,123.0,98.0,0.0,115.0
143.0,190.0,177.0,193.0,188.0
186.0,194.0,176.0,171.0,300.0
131.0,130.0,149.0,141.0,203.0
154.0,143.0,191.0,165.0,191.0
131.0,133.0,104.0,164.0,121.0
185.0,198.0,300.0,168.0,176.0
185.0,179.0,205.0,171.0,197.0
113.0,98.0,78.0,142.0,106.0
137.0,131.0,138.0,155.0,95.0
181.0,206.0,187.0,147.0,180.0
169.0,190.0,184.0,120.0,153.0
127.0,113.0,152.0,179.0,119.0
145.0,131.0,139.0,111.0,142.0
161.0,150.0,160.0,120.0,103.0
210.0,300.0,229.0,172.0,219.0
101.0,107.0,127.0,116.0,121.0
160.0,183.0,188.0,154.0,151.0
195.0,177.0,180.0,0.0,135.0
92.0,111.0,137.0,0.0,123.0
190.0,181.0,168.0,174.0,204.0
190.0,166.0,178.0,157.0,174.0
176.0,121.0,145.0,111.0,117.0
95.0,136.0,124.0,178.0,137.0
140.0,176.0,152.0,119.0,162.0
162.0,170.0,204.0,126.0,157.0
141.0,96.0,133.0,120.0,92.0
156.0,115.0,141.0,146.0,135.0
184.0,155.0,165.0,129.0,160.0
173.0,158.0,152.0,118.0,127.0
171.0,137.0,169.0,170.0,149.0
120.0,128.0,124.0,156.0,148.0
128.0,78.0,145.0,117.0,116.0
197.0,184.0,174.0,123.0,141.0
134.0,131.0,190.0,126.0,89.0
152.0,125.0,201.0,117.0,117.0
205.0,196.0,190.0,165.0,219.0
168.0,147.0,187.0,121.0,134.0
143.0,134.0,146.0,121.0,146.0
168.0,122.0,116.0,186.0,146.0
115.0,76.0,155.0,156.0,153.0
156.0,137.0,146.0,171.0,114.0
161.0,146.0,120.0,115.0,138.0
184.0,182.0,202.0,193.0,180.0
151.0,134.0,149.0,119.0,155.0
161.0,170.0,162.0,115.0,107.0
198.0,188.0,300.0,191.0,194.0
158.0,166.0,148.0,170.0,156.0
172.0,171.0,190.0,142.0,198.0
164.0,160.0,202.0,119.0,125.0
116.0,100.0,113.0,107.0,111.0
173.0,145.0,124.0,166.0,181.0
161.0,164.0,157.0,155.0,178.0
160.0,149.0,91.0,126.0,174.0
173.0,161.0,166.0,109.0,149.0
178.0,185.0,193.0,112.0,169.0
180.0,161.0,164.0,177.0,172.0
81.0,99.0,124.0,0.0,131.0
146.0,85.0,100.0,0.0,105.0
141.0,99.0,129.0,164.0,158.0
166.0,154.0,142.0,121.0,149.0
110.0,87.0,105.0,116.0,124.0
177.0,189.0,205.0,117.0,159.0
174.0,181.0,127.0,116.0,157.0
148.0,147.0,171.0,166.0,161.0
101.0,112.0,120.0,143.0,130.0
181.0,154.0,158.0,157.0,138.0
161.0,161.0,155.0,178.0,131.0
137.0,128.0,109.0,166.0,103.0
103.0,95.0,107.0,0.0,92.0
137.0,158.0,149.0,93.0,157.0
139.0,146.0,121.0,151.0,123.0
177.0,140.0,162.0,119.0,180.0
140.0,131.0,153.0,151.0,127.0
206.0,190.0,216.0,135.0,201.0
199.0,204.0,202.0,151.0,122.0
149.0,133.0,122.0,149.0,119.0
154.0,122.0,100.0,163.0,178.0
139.0,141.0,147.0,150.0,136.0
169.0,211.0,173.0,124.0,175.0
197.0,138.0,164.0,133.0,182.0
195.0,186.0,222.0,171.0,187.0
136.0,134.0,128.0,0.0,131.0
207.0,220.0,197.0,120.0,205.0
136.0,129.0,147.0,131.0,162.0
152.0,144.0,137.0,172.0,133.0
92.0,120.0,112.0,111.0,128.0
214.0,204.0,190.0,90.0,190.0
162.0,187.0,170.0,175.0,161.0
124.0,138.0,127.0,129.0,121.0
154.0,174.0,152.0,156.0,132.0
139.0,120.0,204.0,164.0,146.0
188.0,112.0,189.0,0.0,179.0
148.0,145.0,165.0,175.0,153.0
147.0,167.0,175.0,154.0,127.0
154.0,148.0,143.0,94.0,110.0
168.0,138.0,175.0,111.0,164.0
183.0,86.0,97.0,0.0,172.0
145.0,133.0,117.0,145.0,108.0
155.0,162.0,165.0,173.0,158.0
190.0,159.0,172.0,141.0,118.0
138.0,126.0,159.0,164.0,139.0
196.0,190.0,204.0,300.0,167.0
202.0,172.0,203.0,159.0,189.0
190.0,177.0,150.0,0.0,169.0
125.0,154.0,150.0,160.0,132.0
163.0,121.0,183.0,153.0,205.0
149.0,145.0,130.0,132.0,131.0
141.0,109.0,113.0,133.0,110.0
198.0,151.0,210.0,178.0,163.0
167.0,180.0,202.0,174.0,202.0
148.0,137.0,174.0,129.0,124.0
201.0,85.0,224.0,116.0,218.0
144.0,171.0,173.0,149.0,196.0
129.0,139.0,131.0,148.0,128.0
170.0,137.0,141.0,156.0,149.0
163.0,152.0,153.0,150.0,168.0
174.0,157.0,201.0,170.0,210.0
137.0,131.0,157.0,125.0,122.0
166.0,174.0,167.0,142.0,154.0
169.0,138.0,147.0,115.0,198.0
151.0,113.0,115.0,172.0,128.0
171.0,106.0,159.0,155.0,140.0
121.0,106.0,133.0,146.0,133.0
131.0,134.0,125.0,147.0,92.0
175.0,174.0,169.0,129.0,168.0
164.0,162.0,187.0,169.0,181.0
180.0,168.0,148.0,132.0,132.0
153.0,169.0,205.0,117.0,186.0
221.0,202.0,211.0,173.0,194.0
159.0,175.0,182.0,160.0,144.0
137.0,137.0,133.0,146.0,120.0
155.0,147.0,163.0,111.0,139.0
173.0,182.0,185.0,156.0,176.0
228.0,170.0,204.0,146.0,161.0
139.0,165.0,122.0,127.0,108.0
153.0,179.0,162.0,139.0,165.0
168.0,142.0,119.0,191.0,145.0
155.0,121.0,114.0,0.0,116.0
171.0,159.0,157.0,114.0,162.0
153.0,136.0,149.0,126.0,171.0
184.0,194.0,194.0,142.0,182.0
117.0,161.0,111.0,123.0,100.0
97.0,88.0,92.0,122.0,62.0
169.0,176.0,186.0,120.0,114.0
175.0,177.0,100.0,109.0,149.0
176.0,179.0,171.0,127.0,118.0
99.0,100.0,187.0,149.0,103.0
121.0,151.0,146.0,129.0,147.0
143.0,120.0,136.0,154.0,124.0
110.0,120.0,138.0,124.0,168.0
169.0,178.0,165.0,150.0,190.0
164.0,163.0,129.0,131.0,122.0
131.0,138.0,139.0,121.0,144.0
167.0,151.0,163.0,0.0,147.0
190.0,147.0,168.0,165.0,126.0
183.0,217.0,155.0,115.0,183.0
107.0,106.0,93.0,115.0,126.0
113.0,126.0,118.0,156.0,96.0
148.0,162.0,144.0,0.0,141.0
137.0,197.0,152.0,151.0,151.0
96.0,114.0,104.0,158.0,92.0
170.0,170.0,132.0,143.0,146.0
113.0,119.0,133.0,134.0,111.0
155.0,141.0,132.0,166.0,122.0
160.0,153.0,185.0,156.0,180.0
136.0,103.0,137.0,131.0,111.0
133.0,121.0,93.0,124.0,81.0
126.0,127.0,130.0,114.0,108.0
127.0,98.0,124.0,113.0,139.0
170.0,153.0,133.0,160.0,148.0
131.0,172.0,181.0,177.0,173.0
165.0,117.0,122.0,163.0,117.0
141.0,115.0,147.0,206.0,96.0
132.0,165.0,105.0,132.0,126.0
181.0,223.0,300.0,125.0,205.0
114.0,108.0,128.0,137.0,110.0
125.0,87.0,114.0,126.0,120.0
153.0,149.0,182.0,121.0,154.0
171.0,209.0,171.0,121.0,148.0
121.0,105.0,117.0,160.0,88.0
175.0,162.0,190.0,157.0,136.0
155.0,141.0,163.0,149.0,143.0
127.0,126.0,93.0,163.0,110.0
178.0,166.0,175.0,180.0,152.0
127.0,120.0,134.0,111.0,111.0
175.0,145.0,149.0,69.0,139.0
179.0,191.0,138.0,151.0,143.0
113.0,124.0,105.0,113.0,98.0
185.0,163.0,190.0,176.0,184.0
148.0,158.0,158.0,121.0,165.0
169.0,164.0,154.0,175.0,143.0
177.0,150.0,186.0,172.0,206.0
160.0,145.0,208.0,190.0,93.0
138.0,97.0,134.0,125.0,148.0
172.0,137.0,190.0,117.0,172.0
132.0,120.0,164.0,119.0,116.0
132.0,98.0,178.0,124.0,66.0
171.0,203.0,140.0,180.0,127.0
173.0,184.0,212.0,170.0,131.0
161.0,130.0,173.0,0.0,135.0
127.0,154.0,126.0,70.0,100.0
162.0,159.0,161.0,170.0,149.0
91.0,94.0,128.0,97.0,94.0
183.0,150.0,211.0,186.0,142.0
161.0,83.0,134.0,173.0,132.0
161.0,159.0,135.0,145.0,143.0
135.0,157.0,127.0,118.0,137.0
180.0,124.0,156.0,151.0,142.0
187.0,169.0,152.0,121.0,145.0
133.0,197.0,189.0,172.0,193.0
172.0,138.0,101.0,123.0,126.0
107.0,106.0,133.0,153.0,105.0
155.0,166.0,182.0,177.0,144.0
133.0,110.0,154.0,0.0,126.0
133.0,131.0,142.0,97.0,157.0
120.0,175.0,178.0,172.0,148.0
143.0,87.0,131.0,122.0,146.0
184.0,185.0,156.0,170.0,176.0
214.0,204.0,179.0,163.0,169.0
173.0,158.0,161.0,164.0,167.0
156.0,155.0,149.0,147.0,103.0
166.0,111.0,138.0,125.0,174.0
116.0,121.0,118.0,122.0,106.0
144.0,105.0,148.0,175.0,117.0
126.0,169.0,127.0,120.0,145.0
214.0,208.0,196.0,166.0,197.0
179.0,171.0,158.0,178.0,161.0
91.0,83.0,98.0,0.0,78.0
197.0,158.0,175.0,124.0,158.0
186.0,163.0,187.0,152.0,157.0
119.0,128.0,147.0,140.0,119.0
154.0,138.0,134.0,83.0,124.0
174.0,179.0,192.0,175.0,180.0
202.0,177.0,143.0,0.0,180.0
143.0,128.0,146.0,0.0,178.0
157.0,144.0,109.0,73.0,143.0
157.0,111.0,156.0,144.0,113.0
133.0,158.0,159.0,165.0,106.0
124.0,120.0,136.0,120.0,135.0
139.0,116.0,155.0,129.0,108.0
116.0,106.0,104.0,172.0,106.0
179.0,186.0,215.0,172.0,229.0
147.0,156.0,179.0,147.0,169.0
117.0,102.0,123.0,175.0,124.0
145.0,128.0,129.0,129.0,184.0
112.0,149.0,148.0,182.0,105.0
118.0,124.0,114.0,132.0,86.0
163.0,186.0,110.0,122.0,178.0
161.0,143.0,168.0,161.0,177.0
142.0,116.0,160.0,126.0,172.0
142.0,129.0,146.0,123.0,118.0
152.0,130.0,143.0,153.0,157.0
106.0,75.0,139.0,174.0,137.0
146.0,128.0,138.0,126.0,117.0
147.0,115.0,154.0,195.0,111.0
86.0,182.0,140.0,177.0,222.0
139.0,145.0,173.0,118.0,159.0
173.0,198.0,211.0,131.0,173.0
155.0,131.0,146.0,121.0,123.0
184.0,171.0,209.0,149.0,153.0
139.0,152.0,170.0,187.0,162.0
178.0,172.0,193.0,120.0,132.0
202.0,162.0,188.0,165.0,185.0
210.0,193.0,207.0,174.0,183.0
118.0,119.0,160.0,122.0,130.0
151.0,173.0,135.0,121.0,152.0
147.0,117.0,140.0,165.0,91.0
152.0,166.0,170.0,149.0,145.0
136.0,127.0,155.0,127.0,106.0
171.0,162.0,300.0,168.0,174.0
114.0,101.0,133.0,165.0,100.0
191.0,152.0,161.0,0.0,189.0
208.0,155.0,300.0,160.0,157.0
120.0,96.0,136.0,125.0,140.0
150.0,166.0,150.0,120.0,155.0
167.0,182.0,160.0,160.0,142.0
152.0,167.0,151.0,168.0,157.0
161.0,179.0,128.0,155.0,140.0
186.0,141.0,177.0,132.0,142.0
89.0,84.0,184.0,131.0,175.0
147.0,101.0,128.0,162.0,138.0
157.0,168.0,193.0,126.0,138.0
147.0,118.0,118.0,177.0,194.0
118.0,87.0,165.0,128.0,130.0
148.0,164.0,149.0,111.0,155.0
144.0,136.0,140.0,123.0,101.0
174.0,169.0,182.0,172.0,149.0
137.0,150.0,125.0,122.0,114.0
143.0,152.0,126.0,91.0,99.0
204.0,194.0,190.0,157.0,155.0
187.0,195.0,168.0,122.0,133.0
113.0,144.0,143.0,122.0,108.0
160.0,153.0,179.0,117.0,165.0
198.0,169.0,148.0,164.0,141.0
192.0,190.0,188.0,158.0,167.0
148.0,152.0,125.0,115.0,145.0
136.0,161.0,129.0,141.0,156.0
215.0,195.0,217.0,178.0,180.0
158.0,138.0,172.0,92.0,181.0
101.0,79.0,135.0,118.0,144.0
131.0,112.0,133.0,136.0,132.0
144.0,149.0,117.0,111.0,122.0
178.0,156.0,179.0,171.0,146.0
158.0,161.0,161.0,156.0,130.0
164.0,188.0,174.0,171.0,203.0
158.0,203.0,161.0,115.0,137.0
204.0,154.0,161.0,118.0,146.0
214.0,219.0,179.0,124.0,201.0
175.0,175.0,210.0,183.0,195.0
194.0,204.0,148.0,157.0,179.0
162.0,170.0,150.0,161.0,194.0
211.0,198.0,214.0,133.0,195.0
120.0,95.0,126.0,172.0,68.0
207.0,232.0,223.0,158.0,222.0
132.0,146.0,125.0,0.0,98.0
151.0,165.0,102.0,117.0,99.0
177.0,167.0,197.0,156.0,110.0
147.0,138.0,122.0,0.0,119.0
145.0,123.0,107.0,122.0,143.0
180.0,135.0,164.0,158.0,173.0
189.0,167.0,198.0,181.0,181.0
116.0,93.0,125.0,121.0,116.0
118.0,92.0,149.0,0.0,100.0
128.0,109.0,115.0,124.0,109.0
160.0,171.0,151.0,176.0,198.0
200.0,164.0,189.0,167.0,143.0
122.0,129.0,145.0,163.0,132.0
168.0,130.0,135.0,128.0,128.0
148.0,134.0,140.0,120.0,162.0
161.0,135.0,125.0,158.0,145.0
169.0,179.0,141.0,132.0,184.0
193.0,202.0,186.0,167.0,146.0
143.0,135.0,127.0,129.0,128.0
150.0,159.0,153.0,154.0,151.0
99.0,123.0,126.0,92.0,103.0
142.0,180.0,122.0,120.0,115.0
116.0,110.0,137.0,144.0,125.0
148.0,134.0,149.0,121.0,159.0
219.0,181.0,210.0,127.0,211.0
183.0,125.0,155.0,113.0,140.0
166.0,146.0,189.0,176.0,79.0
189.0,178.0,205.0,164.0,204.0
155.0,153.0,178.0,168.0,112.0
215.0,182.0,212.0,166.0,196.0
149.0,140.0,113.0,196.0,98.0
208.0,184.0,210.0,143.0,162.0
166.0,211.0,209.0,157.0,227.0
134.0,158.0,200.0,150.0,146.0
171.0,145.0,189.0,132.0,170.0
137.0,155.0,137.0,158.0,148.0
132.0,136.0,128.0,158.0,148.0
145.0,154.0,139.0,124.0,149.0
123.0,143.0,133.0,143.0,124.0
207.0,203.0,210.0,152.0,168.0
167.0,167.0,153.0,113.0,141.0
122.0,119.0,169.0,145.0,145.0
143.0,118.0,171.0,116.0,117.0
162.0,172.0,179.0,123.0,193.0
157.0,173.0,150.0,124.0,146.0
139.0,146.0,114.0,177.0,90.0
173.0,134.0,146.0,130.0,145.0
167.0,183.0,183.0,166.0,166.0
173.0,182.0,184.0,111.0,166.0
125.0,111.0,135.0,0.0,114.0
106.0,104.0,115.0,153.0,84.0
156.0,140.0,147.0,117.0,143.0
118.0,104.0,111.0,128.0,162.0
162.0,97.0,158.0,0.0,149.0
159.0,157.0,164.0,152.0,166.0
103.0,135.0,182.0,175.0,113.0
162.0,147.0,190.0,117.0,144.0
115.0,98.0,121.0,172.0,131.0
133.0,118.0,135.0,164.0,126.0
201.0,163.0,191.0,173.0,183.0
150.0,183.0,166.0,129.0,144.0
128.0,126.0,132.0,123.0,128.0
156.0,176.0,190.0,155.0,170.0
143.0,128.0,111.0,122.0,119.0
165.0,163.0,123.0,145.0,134.0
87.0,112.0,116.0,116.0,162.0
160.0,142.0,152.0,122.0,129.0
120.0,146.0,171.0,128.0,129.0
131.0,114.0,171.0,180.0,145.0
180.0,156.0,119.0,119.0,192.0
185.0,188.0,208.0,174.0,201.0
116.0,102.0,110.0,0.0,113.0
168.0,128.0,145.0,132.0,121.0
139.0,164.0,128.0,125.0,143.0
124.0,140.0,155.0,164.0,131.0
124.0,103.0,115.0,133.0,89.0
144.0,179.0,195.0,149.0,197.0
217.0,197.0,216.0,174.0,199.0
177.0,184.0,184.0,124.0,169.0
153.0,163.0,178.0,146.0,144.0
163.0,94.0,139.0,160.0,138.0
146.0,120.0,123.0,120.0,123.0
182.0,221.0,164.0,125.0,182.0
224.0,203.0,211.0,187.0,154.0
206.0,164.0,180.0,117.0,196.0
211.0,204.0,201.0,178.0,201.0
169.0,178.0,167.0,0.0,148.0
137.0,110.0,147.0,82.0,149.0
198.0,204.0,195.0,120.0,172.0
142.0,175.0,155.0,171.0,170.0
198.0,185.0,205.0,153.0,204.0
174.0,185.0,158.0,182.0,164.0
175.0,189.0,186.0,165.0,180.0
165.0,156.0,162.0,124.0,194.0
189.0,194.0,190.0,172.0,172.0
116.0,116.0,136.0,121.0,92.0
121.0,101.0,133.0,144.0,134.0
148.0,124.0,148.0,125.0,139.0
177.0,168.0,197.0,118.0,159.0
179.0,155.0,166.0,153.0,228.0
116.0,130.0,120.0,130.0,172.0
120.0,143.0,120.0,0.0,98.0
118.0,135.0,139.0,149.0,152.0
124.0,138.0,157.0,172.0,160.0
133.0,137.0,163.0,150.0,129.0
133.0,131.0,186.0,162.0,147.0
117.0,101.0,165.0,147.0,140.0
156.0,197.0,137.0,112.0,178.0
132.0,144.0,116.0,76.0,104.0
111.0,120.0,151.0,144.0,138.0
170.0,184.0,174.0,179.0,180.0
127.0,131.0,191.0,162.0,131.0
133.0,126.0,132.0,114.0,162.0
129.0,99.0,175.0,117.0,125.0
146.0,175.0,208.0,149.0,155.0
131.0,126.0,130.0,117.0,100.0
153.0,168.0,145.0,122.0,148.0
155.0,130.0,131.0,121.0,113.0
153.0,161.0,183.0,121.0,157.0
207.0,196.0,223.0,162.0,162.0
132.0,144.0,111.0,156.0,134.0
202.0,194.0,300.0,146.0,183.0
143.0,105.0,151.0,84.0,139.0
170.0,159.0,167.0,140.0,165.0
130.0,110.0,142.0,115.0,143.0
195.0,232.0,205.0,135.0,160.0
172.0,133.0,106.0,161.0,159.0
164.0,190.0,215.0,159.0,154.0
174.0,154.0,168.0,162.0,150.0
161.0,175.0,179.0,177.0,166.0
127.0,125.0,140.0,176.0,144.0
135.0,115.0,189.0,125.0,156.0
173.0,182.0,130.0,148.0,146.0
137.0,76.0,207.0,124.0,126.0
198.0,205.0,186.0,159.0,116.0
179.0,184.0,300.0,177.0,153.0
152.0,169.0,163.0,0.0,168.0
193.0,168.0,187.0,182.0,142.0
180.0,199.0,203.0,155.0,194.0
118.0,105.0,120.0,167.0,114.0
153.0,145.0,125.0,150.0,157.0
125.0,125.0,115.0,144.0,125.0
157.0,145.0,111.0,174.0,176.0
118.0,131.0,164.0,0.0,134.0
149.0,106.0,109.0,171.0,107.0
119.0,130.0,132.0,117.0,104.0
143.0,151.0,164.0,122.0,155.0
190.0,208.0,216.0,164.0,160.0
145.0,103.0,104.0,135.0,101.0
217.0,189.0,216.0,164.0,178.0
98.0,79.0,134.0,88.0,100.0
115.0,132.0,102.0,126.0,88.0
134.0,136.0,147.0,148.0,128.0
173.0,115.0,133.0,165.0,140.0
138.0,145.0,138.0,161.0,171.0
180.0,181.0,195.0,133.0,160.0
138.0,135.0,175.0,185.0,128.0
148.0,160.0,148.0,155.0,155.0
161.0,114.0,148.0,162.0,113.0
209.0,127.0,182.0,173.0,162.0
140.0,129.0,147.0,185.0,136.0
168.0,167.0,111.0,127.0,134.0
146.0,149.0,157.0,113.0,146.0
132.0,181.0,150.0,173.0,130.0
136.0,117.0,140.0,119.0,132.0
213.0,300.0,208.0,180.0,173.0
187.0,164.0,162.0,152.0,157.0
164.0,146.0,156.0,163.0,79.0
189.0,187.0,198.0,193.0,142.0
166.0,89.0,179.0,178.0,98.0
145.0,162.0,146.0,111.0,127.0
146.0,136.0,164.0,160.0,171.0
175.0,158.0,113.0,131.0,147.0
156.0,124.0,145.0,158.0,142.0
171.0,137.0,102.0,173.0,140.0
155.0,168.0,127.0,0.0,127.0
139.0,145.0,152.0,134.0,153.0
151.0,147.0,120.0,177.0,119.0
143.0,111.0,152.0,173.0,166.0
152.0,135.0,161.0,0.0,128.0
158.0,188.0,185.0,157.0,173.0
173.0,152.0,161.0,138.0,115.0
112.0,121.0,155.0,142.0,79.0
178.0,185.0,154.0,123.0,182.0
149.0,165.0,161.0,127.0,134.0
179.0,146.0,180.0,122.0,173.0
146.0,148.0,144.0,151.0,144.0
123.0,125.0,129.0,113.0,125.0
212.0,167.0,195.0,168.0,147.0
119.0,137.0,131.0,147.0,141.0
177.0,179.0,190.0,143.0,166.0
130.0,102.0,135.0,153.0,108.0
139.0,121.0,147.0,121.0,118.0
100.0,98.0,143.0,115.0,122.0
112.0,110.0,147.0,0.0,155.0
111.0,116.0,153.0,176.0,124.0
150.0,140.0,142.0,177.0,154.0
148.0,146.0,167.0,159.0,163.0
122.0,103.0,143.0,94.0,135.0
191.0,176.0,155.0,134.0,158.0
161.0,186.0,155.0,170.0,203.0
192.0,211.0,208.0,154.0,300.0
142.0,138.0,184.0,173.0,166.0
189.0,189.0,208.0,174.0,182.0
124.0,160.0,130.0,140.0,109.0
142.0,150.0,134.0,118.0,144.0
178.0,192.0,159.0,164.0,157.0
121.0,150.0,118.0,117.0,145.0
190.0,188.0,198.0,152.0,205.0
96.0,99.0,105.0,118.0,109.0
208.0,179.0,209.0,160.0,216.0
138.0,167.0,124.0,114.0,142.0
150.0,154.0,140.0,133.0,87.0
173.0,169.0,134.0,157.0,75.0
167.0,150.0,131.0,169.0,162.0
111.0,92.0,82.0,128.0,85.0
148.0,128.0,142.0,120.0,111.0
135.0,126.0,114.0,0.0,91.0
126.0,162.0,156.0,169.0,183.0
185.0,165.0,192.0,145.0,150.0
150.0,124.0,189.0,114.0,116.0
126.0,138.0,128.0,122.0,111.0
132.0,120.0,154.0,129.0,153.0
153.0,132.0,129.0,155.0,175.0
122.0,79.0,135.0,138.0,91.0
158.0,155.0,162.0,146.0,181.0
134.0,163.0,160.0,181.0,105.0
196.0,203.0,215.0,153.0,184.0
189.0,157.0,181.0,190.0,210.0
158.0,161.0,158.0,161.0,128.0
111.0,129.0,118.0,142.0,143.0
161.0,197.0,149.0,168.0,114.0
183.0,202.0,176.0,141.0,168.0
116.0,83.0,159.0,188.0,138.0
170.0,235.0,190.0,172.0,192.0
198.0,194.0,153.0,177.0,217.0
168.0,159.0,167.0,147.0,147.0
155.0,143.0,156.0,179.0,121.0
140.0,141.0,149.0,155.0,126.0
157.0,172.0,183.0,175.0,204.0
161.0,141.0,159.0,170.0,149.0
132.0,136.0,146.0,118.0,134.0
187.0,152.0,151.0,158.0,174.0
157.0,156.0,127.0,119.0,118.0
186.0,151.0,174.0,166.0,107.0
140.0,111.0,136.0,175.0,145.0
148.0,168.0,197.0,147.0,184.0
153.0,99.0,170.0,150.0,111.0
121.0,174.0,184.0,169.0,137.0
119.0,100.0,137.0,169.0,113.0
153.0,139.0,148.0,141.0,143.0
91.0,137.0,134.0,124.0,122.0
174.0,205.0,227.0,192.0,176.0
94.0,80.0,98.0,129.0,136.0
137.0,81.0,106.0,121.0,119.0
162.0,82.0,146.0,146.0,181.0
140.0,144.0,143.0,126.0,153.0
193.0,195.0,196.0,155.0,161.0
129.0,156.0,147.0,161.0,169.0
162.0,161.0,172.0,142.0,135.0
124.0,105.0,148.0,174.0,108.0
141.0,163.0,0.0,128.0,190.0
110.0,113.0,106.0,129.0,100.0
147.0,144.0,161.0,142.0,134.0
135.0,136.0,128.0,169.0,154.0
149.0,203.0,135.0,167.0,151.0
118.0,125.0,145.0,145.0,175.0
125.0,181.0,168.0,159.0,101.0
143.0,116.0,153.0,125.0,139.0
229.0,224.0,223.0,167.0,214.0
124.0,137.0,135.0,0.0,155.0
192.0,178.0,133.0,149.0,143.0
106.0,104.0,145.0,93.0,134.0
202.0,197.0,206.0,167.0,212.0
180.0,192.0,183.0,161.0,179.0
161.0,177.0,162.0,200.0,176.0
175.0,158.0,162.0,131.0,145.0
181.0,142.0,175.0,151.0,176.0
182.0,168.0,146.0,174.0,154.0
162.0,128.0,123.0,81.0,133.0
161.0,138.0,144.0,140.0,78.0
135.0,116.0,119.0,0.0,107.0
105.0,129.0,166.0,128.0,112.0
120.0,100.0,132.0,132.0,131.0
104.0,111.0,118.0,0.0,127.0
156.0,159.0,129.0,109.0,131.0
135.0,134.0,155.0,125.0,147.0
180.0,160.0,193.0,120.0,168.0
147.0,101.0,117.0,174.0,113.0
141.0,128.0,191.0,174.0,135.0
142.0,149.0,158.0,178.0,170.0
160.0,140.0,141.0,113.0,125.0
142.0,153.0,152.0,115.0,137.0
137.0,94.0,150.0,122.0,95.0
190.0,196.0,119.0,119.0,141.0
167.0,144.0,119.0,131.0,183.0
118.0,118.0,132.0,0.0,138.0
132.0,179.0,168.0,120.0,146.0
132.0,135.0,147.0,166.0,100.0
112.0,103.0,167.0,137.0,120.0
180.0,168.0,157.0,145.0,174.0
199.0,191.0,212.0,156.0,215.0
153.0,111.0,131.0,123.0,126.0
182.0,201.0,161.0,137.0,198.0
124.0,164.0,105.0,157.0,124.0
207.0,182.0,170.0,125.0,165.0
131.0,129.0,141.0,119.0,97.0
215.0,223.0,300.0,164.0,207.0
97.0,124.0,131.0,93.0,131.0
152.0,134.0,186.0,168.0,114.0
132.0,100.0,128.0,157.0,120.0
99.0,98.0,105.0,157.0,93.0
200.0,187.0,204.0,158.0,180.0
225.0,196.0,212.0,169.0,192.0
167.0,125.0,202.0,0.0,142.0
97.0,76.0,111.0,118.0,95.0
157.0,181.0,192.0,145.0,130.0
154.0,146.0,136.0,124.0,121.0
197.0,179.0,216.0,122.0,141.0
165.0,159.0,182.0,159.0,116.0
201.0,196.0,213.0,171.0,186.0
179.0,126.0,157.0,169.0,163.0
177.0,166.0,147.0,186.0,143.0
123.0,133.0,139.0,124.0,157.0
95.0,144.0,120.0,0.0,127.0
130.0,131.0,151.0,122.0,131.0
144.0,128.0,158.0,166.0,128.0
119.0,126.0,154.0,141.0,161.0
187.0,197.0,165.0,130.0,170.0
87.0,97.0,117.0,101.0,87.0
102.0,90.0,140.0,152.0,131.0
105.0,103.0,112.0,0.0,109.0
98.0,88.0,130.0,117.0,113.0
183.0,182.0,189.0,124.0,188.0
139.0,154.0,131.0,117.0,142.0
164.0,149.0,146.0,125.0,129.0
168.0,175.0,160.0,87.0,187.0
125.0,125.0,121.0,122.0,111.0
163.0,145.0,114.0,180.0,145.0
184.0,187.0,192.0,182.0,179.0
150.0,168.0,174.0,210.0,151.0
156.0,146.0,149.0,165.0,168.0
155.0,180.0,202.0,172.0,144.0
182.0,175.0,189.0,123.0,194.0
186.0,175.0,183.0,152.0,152.0
123.0,104.0,112.0,80.0,74.0
94.0,90.0,120.0,115.0,102.0
122.0,88.0,116.0,174.0,146.0
127.0,133.0,116.0,300.0,123.0
192.0,172.0,198.0,172.0,192.0
142.0,158.0,143.0,175.0,136.0
136.0,129.0,157.0,0.0,100.0
120.0,143.0,111.0,121.0,123.0
176.0,113.0,152.0,158.0,159.0
148.0,138.0,130.0,135.0,185.0
124.0,116.0,182.0,176.0,74.0
300.0,187.0,202.0,158.0,219.0
129.0,165.0,160.0,134.0,128.0
132.0,133.0,120.0,89.0,135.0
116.0,98.0,126.0,117.0,163.0
213.0,183.0,216.0,300.0,195.0
177.0,115.0,172.0,122.0,182.0
179.0,149.0,199.0,0.0,160.0
129.0,131.0,154.0,93.0,131.0
202.0,146.0,221.0,124.0,165.0
132.0,137.0,140.0,156.0,93.0
126.0,154.0,136.0,117.0,143.0
141.0,141.0,167.0,125.0,176.0
189.0,205.0,211.0,156.0,204.0
136.0,109.0,0.0,127.0,154.0
102.0,127.0,118.0,127.0,102.0
204.0,156.0,182.0,162.0,181.0
174.0,186.0,146.0,150.0,126.0
155.0,151.0,120.0,135.0,186.0
137.0,118.0,154.0,158.0,131.0
169.0,147.0,130.0,139.0,154.0
176.0,158.0,145.0,128.0,160.0
194.0,173.0,188.0,173.0,201.0
131.0,122.0,137.0,115.0,114.0
160.0,148.0,152.0,90.0,159.0
139.0,106.0,132.0,170.0,133.0
172.0,178.0,200.0,153.0,166.0
140.0,94.0,126.0,108.0,135.0
93.0,101.0,108.0,118.0,113.0
172.0,184.0,179.0,151.0,143.0
117.0,119.0,136.0,129.0,133.0
212.0,212.0,190.0,166.0,202.0
194.0,178.0,201.0,140.0,166.0
172.0,159.0,173.0,122.0,169.0
194.0,173.0,152.0,121.0,174.0
128.0,159.0,158.0,116.0,145.0
133.0,143.0,157.0,160.0,156.0
133.0,146.0,116.0,117.0,116.0
137.0,119.0,121.0,119.0,116.0
148.0,124.0,97.0,142.0,140.0
170.0,164.0,179.0,137.0,129.0
141.0,106.0,127.0,131.0,148.0
177.0,126.0,173.0,149.0,150.0
175.0,189.0,138.0,135.0,170.0
132.0,99.0,139.0,87.0,116.0
119.0,108.0,142.0,133.0,100.0
188.0,175.0,180.0,172.0,148.0
175.0,148.0,120.0,114.0,167.0
194.0,169.0,173.0,129.0,142.0
196.0,142.0,229.0,170.0,206.0
147.0,176.0,176.0,126.0,152.0
151.0,141.0,168.0,146.0,159.0
188.0,187.0,144.0,0.0,160.0
137.0,180.0,161.0,163.0,151.0
185.0,169.0,159.0,154.0,189.0
151.0,140.0,150.0,164.0,121.0
162.0,175.0,146.0,122.0,143.0
300.0,300.0,300.0,202.0,212.0
165.0,150.0,185.0,106.0,146.0
137.0,101.0,140.0,122.0,123.0
123.0,88.0,151.0,140.0,130.0
184.0,174.0,176.0,149.0,221.0
81.0,99.0,154.0,149.0,142.0
175.0,145.0,153.0,167.0,173.0
128.0,124.0,133.0,121.0,131.0
174.0,160.0,213.0,151.0,190.0
121.0,133.0,139.0,0.0,132.0
167.0,154.0,146.0,151.0,148.0
128.0,107.0,155.0,141.0,134.0
132.0,155.0,167.0,182.0,185.0
149.0,77.0,129.0,168.0,159.0
148.0,122.0,115.0,133.0,145.0
133.0,162.0,147.0,173.0,109.0
138.0,111.0,118.0,121.0,123.0
137.0,155.0,148.0,116.0,117.0
175.0,182.0,164.0,156.0,132.0
138.0,150.0,142.0,110.0,176.0
130.0,128.0,132.0,112.0,112.0
131.0,108.0,110.0,175.0,97.0
208.0,159.0,225.0,177.0,193.0
134.0,161.0,155.0,175.0,165.0
123.0,116.0,179.0,0.0,131.0
109.0,132.0,137.0,125.0,97.0
131.0,116.0,185.0,175.0,108.0
124.0,97.0,132.0,75.0,108.0
221.0,201.0,203.0,182.0,227.0
157.0,90.0,144.0,122.0,72.0
146.0,194.0,129.0,122.0,179.0
125.0,125.0,134.0,122.0,158.0
231.0,216.0,227.0,164.0,209.0
188.0,121.0,154.0,126.0,143.0
202.0,194.0,202.0,187.0,165.0
141.0,139.0,124.0,154.0,78.0
149.0,111.0,179.0,157.0,91.0
178.0,193.0,159.0,164.0,130.0
112.0,92.0,109.0,159.0,71.0
132.0,135.0,131.0,117.0,90.0
188.0,174.0,183.0,179.0,171.0
148.0,155.0,121.0,0.0,183.0
120.0,107.0,136.0,87.0,111.0
152.0,124.0,132.0,133.0,166.0
118.0,113.0,137.0,135.0,106.0
92.0,79.0,109.0,0.0,78.0
188.0,176.0,209.0,300.0,202.0
153.0,119.0,153.0,121.0,117.0
138.0,130.0,117.0,149.0,137.0
117.0,121.0,119.0,164.0,96.0
159.0,164.0,142.0,123.0,110.0
180.0,173.0,186.0,170.0,145.0
131.0,74.0,123.0,179.0,123.0
181.0,198.0,210.0,124.0,172.0
187.0,193.0,184.0,155.0,134.0
175.0,150.0,149.0,120.0,160.0
124.0,104.0,103.0,107.0,95.0
149.0,189.0,175.0,132.0,157.0
170.0,174.0,180.0,174.0,150.0
169.0,138.0,183.0,174.0,143.0
190.0,183.0,194.0,126.0,158.0
118.0,109.0,153.0,165.0,105.0
170.0,190.0,166.0,158.0,166.0
208.0,185.0,300.0,174.0,186.0
72.0,106.0,112.0,0.0,72.0
183.0,177.0,143.0,175.0,162.0
143.0,133.0,84.0,116.0,139.0
160.0,134.0,170.0,157.0,155.0
116.0,75.0,132.0,119.0,110.0
134.0,186.0,115.0,178.0,153.0
136.0,153.0,185.0,153.0,128.0
110.0,81.0,115.0,119.0,92.0
131.0,99.0,121.0,145.0,125.0
127.0,148.0,141.0,144.0,125.0
179.0,154.0,195.0,0.0,170.0
114.0,145.0,112.0,176.0,90.0
131.0,143.0,153.0,175.0,131.0
171.0,160.0,178.0,165.0,161.0
129.0,150.0,107.0,147.0,124.0
123.0,115.0,133.0,125.0,93.0
111.0,121.0,135.0,121.0,151.0
172.0,134.0,151.0,119.0,101.0
182.0,164.0,198.0,0.0,165.0
161.0,152.0,194.0,115.0,128.0
159.0,135.0,166.0,0.0,134.0
194.0,184.0,220.0,189.0,191.0
126.0,103.0,161.0,117.0,128.0
173.0,141.0,185.0,162.0,179.0
154.0,117.0,135.0,181.0,134.0
131.0,123.0,117.0,151.0,145.0
149.0,143.0,143.0,0.0,141.0
109.0,85.0,90.0,108.0,86.0
139.0,147.0,144.0,126.0,159.0
166.0,155.0,149.0,145.0,154.0
157.0,136.0,145.0,167.0,137.0
157.0,179.0,110.0,165.0,108.0
197.0,164.0,115.0,86.0,97.0
148.0,144.0,139.0,167.0,147.0
164.0,185.0,178.0,110.0,195.0
132.0,148.0,137.0,133.0,107.0
207.0,300.0,196.0,162.0,156.0
228.0,210.0,210.0,176.0,202.0
156.0,176.0,154.0,159.0,130.0
159.0,131.0,208.0,124.0,172.0
135.0,114.0,201.0,170.0,179.0
125.0,102.0,125.0,148.0,108.0
107.0,113.0,101.0,115.0,94.0
100.0,114.0,125.0,128.0,106.0
201.0,210.0,202.0,169.0,196.0
95.0,96.0,149.0,125.0,95.0
169.0,113.0,140.0,115.0,154.0
142.0,117.0,151.0,175.0,199.0
220.0,224.0,226.0,156.0,212.0
151.0,150.0,201.0,136.0,147.0
145.0,133.0,210.0,175.0,87.0
135.0,143.0,138.0,117.0,139.0
155.0,131.0,161.0,172.0,148.0
173.0,141.0,185.0,114.0,180.0
137.0,100.0,150.0,300.0,146.0
143.0,131.0,138.0,143.0,142.0
163.0,153.0,136.0,175.0,163.0
192.0,196.0,199.0,158.0,140.0
158.0,129.0,156.0,163.0,161.0
190.0,150.0,194.0,119.0,145.0
168.0,149.0,167.0,113.0,161.0
128.0,115.0,163.0,158.0,144.0
194.0,186.0,195.0,167.0,174.0
131.0,144.0,137.0,149.0,106.0
145.0,145.0,145.0,126.0,149.0
123.0,148.0,160.0,0.0,157.0
139.0,150.0,91.0,180.0,134.0
193.0,156.0,188.0,128.0,182.0
145.0,154.0,164.0,140.0,141.0
136.0,139.0,144.0,158.0,154.0
131.0,112.0,127.0,145.0,128.0
146.0,174.0,162.0,69.0,144.0
147.0,136.0,139.0,102.0,142.0
160.0,171.0,178.0,133.0,106.0
178.0,179.0,191.0,124.0,189.0
87.0,120.0,120.0,102.0,92.0
110.0,90.0,144.0,146.0,97.0
153.0,155.0,206.0,177.0,166.0
148.0,173.0,171.0,126.0,102.0
126.0,143.0,109.0,111.0,121.0
129.0,129.0,136.0,111.0,140.0
155.0,156.0,148.0,112.0,143.0
204.0,166.0,177.0,176.0,158.0
188.0,189.0,194.0,179.0,165.0
188.0,113.0,166.0,163.0,129.0
102.0,102.0,120.0,94.0,84.0
129.0,76.0,161.0,170.0,139.0
161.0,167.0,157.0,174.0,176.0
151.0,175.0,165.0,115.0,114.0
202.0,170.0,191.0,177.0,214.0
106.0,112.0,128.0,112.0,97.0
201.0,183.0,207.0,171.0,168.0
170.0,178.0,137.0,119.0,118.0
143.0,135.0,138.0,165.0,163.0
90.0,138.0,130.0,110.0,128.0
178.0,157.0,209.0,130.0,175.0
121.0,104.0,161.0,146.0,138.0
135.0,125.0,189.0,115.0,135.0
177.0,189.0,132.0,115.0,141.0
136.0,110.0,145.0,90.0,157.0
140.0,177.0,188.0,89.0,185.0
134.0,114.0,183.0,116.0,135.0
153.0,119.0,141.0,160.0,161.0
150.0,145.0,112.0,144.0,127.0
166.0,158.0,144.0,128.0,138.0
155.0,207.0,180.0,121.0,156.0
174.0,204.0,187.0,189.0,184.0
217.0,192.0,173.0,198.0,130.0
105.0,95.0,126.0,109.0,107.0
187.0,193.0,203.0,166.0,167.0
135.0,99.0,127.0,96.0,99.0
185.0,173.0,300.0,180.0,201.0
124.0,125.0,213.0,135.0,135.0
181.0,175.0,164.0,149.0,192.0
180.0,166.0,300.0,170.0,135.0
159.0,175.0,134.0,0.0,117.0
142.0,95.0,140.0,155.0,122.0
115.0,110.0,132.0,122.0,112.0
180.0,135.0,170.0,145.0,120.0
144.0,137.0,152.0,155.0,141.0
197.0,176.0,188.0,153.0,170.0
208.0,221.0,221.0,300.0,217.0
142.0,129.0,162.0,176.0,127.0
170.0,141.0,170.0,153.0,128.0
178.0,180.0,197.0,111.0,169.0
205.0,196.0,212.0,175.0,204.0
203.0,189.0,196.0,166.0,217.0
132.0,142.0,146.0,149.0,119.0
167.0,159.0,139.0,163.0,120.0
145.0,123.0,132.0,132.0,127.0
153.0,160.0,131.0,154.0,134.0
114.0,115.0,133.0,168.0,118.0
156.0,101.0,168.0,162.0,161.0
144.0,131.0,126.0,0.0,166.0
140.0,113.0,119.0,0.0,112.0
180.0,193.0,209.0,187.0,173.0
164.0,136.0,135.0,166.0,168.0
146.0,123.0,127.0,160.0,84.0
191.0,170.0,184.0,176.0,152.0
192.0,177.0,154.0,167.0,165.0
181.0,162.0,128.0,127.0,158.0
192.0,162.0,205.0,141.0,201.0
138.0,89.0,135.0,108.0,184.0
168.0,157.0,149.0,123.0,142.0
126.0,134.0,132.0,0.0,131.0
108.0,102.0,92.0,0.0,90.0
150.0,157.0,146.0,148.0,137.0
116.0,132.0,127.0,0.0,134.0
119.0,107.0,152.0,111.0,106.0
136.0,141.0,169.0,208.0,169.0
139.0,126.0,124.0,166.0,156.0
227.0,205.0,207.0,156.0,197.0
184.0,155.0,158.0,121.0,130.0
187.0,212.0,178.0,158.0,179.0
187.0,182.0,162.0,158.0,189.0
91.0,104.0,128.0,132.0,83.0
143.0,126.0,165.0,113.0,143.0
160.0,139.0,153.0,99.0,149.0
192.0,160.0,136.0,145.0,138.0
133.0,119.0,183.0,115.0,119.0
106.0,138.0,115.0,168.0,118.0
94.0,115.0,112.0,106.0,117.0
141.0,102.0,164.0,129.0,162.0
192.0,161.0,144.0,148.0,163.0
203.0,191.0,209.0,158.0,232.0
121.0,197.0,151.0,127.0,168.0
93.0,118.0,139.0,172.0,137.0
178.0,178.0,151.0,123.0,92.0
158.0,129.0,113.0,132.0,136.0
124.0,154.0,162.0,129.0,158.0
150.0,131.0,122.0,157.0,133.0
189.0,192.0,193.0,175.0,197.0
121.0,136.0,147.0,0.0,103.0
196.0,221.0,201.0,155.0,182.0
146.0,172.0,135.0,155.0,114.0
114.0,102.0,113.0,165.0,110.0
159.0,147.0,133.0,181.0,129.0
163.0,168.0,186.0,149.0,160.0
185.0,137.0,159.0,140.0,155.0
149.0,131.0,159.0,162.0,140.0
141.0,125.0,106.0,116.0,162.0
194.0,183.0,213.0,168.0,187.0
153.0,102.0,155.0,101.0,145.0
191.0,184.0,193.0,126.0,165.0
119.0,122.0,152.0,141.0,123.0
119.0,145.0,118.0,143.0,111.0
132.0,122.0,180.0,109.0,130.0
138.0,158.0,126.0,156.0,176.0
145.0,119.0,158.0,172.0,117.0
149.0,93.0,148.0,123.0,131.0
144.0,113.0,133.0,113.0,175.0
170.0,150.0,180.0,156.0,133.0
122.0,142.0,104.0,0.0,160.0
175.0,188.0,150.0,165.0,147.0
122.0,109.0,128.0,134.0,161.0
164.0,161.0,170.0,164.0,183.0
169.0,129.0,168.0,171.0,132.0
98.0,101.0,139.0,119.0,121.0
136.0,137.0,138.0,120.0,144.0
159.0,161.0,111.0,119.0,149.0
148.0,173.0,157.0,154.0,152.0
130.0,126.0,149.0,135.0,122.0
180.0,164.0,163.0,134.0,187.0
152.0,131.0,114.0,0.0,129.0
146.0,129.0,102.0,151.0,89.0
152.0,102.0,113.0,128.0,145.0
176.0,116.0,157.0,119.0,141.0
137.0,188.0,176.0,133.0,188.0
163.0,125.0,121.0,78.0,163.0
148.0,126.0,153.0,147.0,199.0
139.0,145.0,172.0,151.0,150.0
195.0,180.0,188.0,176.0,172.0
120.0,123.0,153.0,129.0,157.0
135.0,174.0,186.0,137.0,143.0
188.0,138.0,195.0,153.0,180.0
150.0,160.0,151.0,121.0,177.0
124.0,103.0,96.0,168.0,117.0
172.0,187.0,199.0,171.0,171.0
172.0,174.0,139.0,150.0,136.0
191.0,179.0,189.0,183.0,183.0
163.0,155.0,163.0,300.0,141.0
121.0,105.0,135.0,0.0,122.0
141.0,135.0,134.0,171.0,163.0
152.0,156.0,159.0,128.0,138.0
131.0,79.0,126.0,0.0,99.0
159.0,134.0,126.0,0.0,142.0
129.0,127.0,154.0,147.0,141.0
198.0,190.0,189.0,167.0,193.0
162.0,173.0,148.0,0.0,119.0
168.0,150.0,122.0,124.0,198.0
117.0,183.0,149.0,111.0,137.0
145.0,138.0,131.0,89.0,102.0
153.0,112.0,156.0,172.0,154.0
179.0,180.0,196.0,149.0,144.0
121.0,111.0,118.0,114.0,159.0
195.0,169.0,190.0,180.0,212.0
187.0,175.0,184.0,174.0,160.0
199.0,192.0,164.0,157.0,152.0
155.0,153.0,148.0,106.0,124.0
120.0,128.0,137.0,0.0,155.0
185.0,159.0,172.0,172.0,177.0
180.0,155.0,125.0,101.0,133.0
139.0,115.0,121.0,143.0,147.0
171.0,159.0,215.0,124.0,178.0
172.0,178.0,166.0,176.0,128.0
113.0,95.0,80.0,0.0,90.0
208.0,173.0,300.0,156.0,212.0
102.0,103.0,121.0,108.0,92.0
141.0,111.0,188.0,160.0,98.0
185.0,197.0,192.0,165.0,196.0
173.0,175.0,133.0,132.0,141.0
137.0,155.0,156.0,122.0,160.0
126.0,123.0,143.0,157.0,132.0
148.0,185.0,194.0,167.0,202.0
134.0,171.0,129.0,174.0,123.0
208.0,189.0,168.0,151.0,157.0
167.0,171.0,210.0,137.0,151.0
169.0,188.0,136.0,117.0,147.0
118.0,126.0,128.0,0.0,115.0
129.0,134.0,149.0,178.0,151.0
150.0,107.0,137.0,118.0,163.0
146.0,181.0,132.0,120.0,196.0
107.0,95.0,121.0,121.0,115.0
151.0,112.0,176.0,123.0,114.0
167.0,147.0,124.0,130.0,161.0
182.0,161.0,161.0,171.0,127.0
127.0,142.0,92.0,155.0,124.0
172.0,152.0,168.0,0.0,181.0
77.0,82.0,113.0,118.0,76.0
144.0,100.0,161.0,124.0,152.0
171.0,178.0,154.0,152.0,202.0
147.0,133.0,154.0,129.0,122.0
195.0,179.0,154.0,189.0,148.0
197.0,199.0,138.0,151.0,144.0
151.0,124.0,200.0,0.0,168.0
187.0,182.0,201.0,0.0,177.0
100.0,87.0,188.0,177.0,138.0
218.0,188.0,185.0,167.0,171.0
118.0,133.0,144.0,122.0,101.0
150.0,117.0,168.0,135.0,153.0
102.0,142.0,150.0,125.0,137.0
128.0,127.0,107.0,115.0,113.0
200.0,163.0,200.0,179.0,180.0
209.0,197.0,112.0,176.0,137.0
163.0,107.0,182.0,112.0,194.0
139.0,151.0,126.0,148.0,164.0
178.0,169.0,154.0,123.0,193.0
144.0,132.0,141.0,0.0,123.0
190.0,204.0,138.0,177.0,162.0
169.0,145.0,159.0,100.0,153.0
139.0,149.0,126.0,119.0,117.0
151.0,151.0,189.0,154.0,163.0
215.0,208.0,165.0,163.0,177.0
139.0,106.0,137.0,148.0,164.0
132.0,118.0,142.0,125.0,103.0
214.0,162.0,208.0,127.0,142.0
175.0,165.0,174.0,112.0,193.0
109.0,101.0,103.0,171.0,95.0
144.0,140.0,160.0,130.0,147.0
146.0,88.0,164.0,151.0,66.0
183.0,177.0,146.0,118.0,151.0
195.0,123.0,223.0,172.0,156.0
129.0,120.0,126.0,127.0,114.0
192.0,171.0,169.0,134.0,163.0
122.0,122.0,124.0,113.0,88.0
182.0,200.0,176.0,178.0,151.0
126.0,183.0,141.0,167.0,183.0
92.0,105.0,124.0,124.0,99.0
171.0,150.0,146.0,0.0,148.0
202.0,197.0,211.0,157.0,193.0
175.0,115.0,157.0,126.0,142.0
131.0,121.0,123.0,118.0,116.0
146.0,177.0,155.0,0.0,118.0
191.0,166.0,167.0,188.0,112.0
147.0,166.0,170.0,165.0,146.0
114.0,91.0,109.0,126.0,88.0
177.0,200.0,173.0,168.0,137.0
136.0,151.0,121.0,130.0,160.0
167.0,170.0,179.0,191.0,182.0
155.0,123.0,155.0,157.0,173.0
169.0,170.0,190.0,132.0,161.0
98.0,99.0,102.0,179.0,121.0
173.0,168.0,174.0,152.0,209.0
192.0,172.0,200.0,131.0,203.0
149.0,198.0,169.0,300.0,168.0
136.0,118.0,102.0,0.0,130.0
140.0,191.0,152.0,155.0,138.0
139.0,156.0,196.0,180.0,187.0
141.0,133.0,147.0,144.0,154.0
130.0,127.0,113.0,126.0,130.0
153.0,146.0,144.0,129.0,138.0
175.0,155.0,135.0,159.0,174.0
172.0,182.0,209.0,146.0,160.0
128.0,143.0,103.0,121.0,132.0
161.0,153.0,201.0,150.0,85.0
168.0,203.0,182.0,149.0,142.0
147.0,116.0,182.0,165.0,130.0
110.0,97.0,97.0,118.0,99.0
165.0,159.0,153.0,115.0,128.0
176.0,168.0,142.0,131.0,169.0
196.0,151.0,153.0,167.0,138.0
121.0,109.0,109.0,158.0,124.0
160.0,189.0,179.0,121.0,164.0
159.0,158.0,146.0,163.0,150.0
102.0,98.0,124.0,125.0,105.0
165.0,160.0,141.0,168.0,156.0
158.0,163.0,142.0,96.0,148.0
124.0,173.0,205.0,139.0,159.0
132.0,112.0,130.0,127.0,116.0
134.0,156.0,125.0,126.0,156.0
139.0,121.0,190.0,149.0,155.0
150.0,177.0,126.0,134.0,138.0
119.0,135.0,114.0,119.0,130.0
216.0,165.0,209.0,129.0,192.0
189.0,196.0,212.0,175.0,199.0
175.0,192.0,200.0,126.0,112.0
99.0,100.0,156.0,123.0,71.0
116.0,124.0,120.0,128.0,125.0
124.0,126.0,161.0,110.0,96.0
158.0,142.0,118.0,115.0,153.0
163.0,158.0,130.0,164.0,123.0
174.0,182.0,185.0,110.0,199.0
167.0,142.0,162.0,124.0,131.0
188.0,207.0,179.0,132.0,169.0
108.0,121.0,109.0,85.0,133.0
136.0,133.0,163.0,115.0,122.0
158.0,191.0,181.0,176.0,205.0
164.0,151.0,151.0,97.0,118.0
175.0,136.0,123.0,175.0,130.0
98.0,79.0,106.0,119.0,106.0
132.0,79.0,173.0,164.0,145.0
165.0,147.0,150.0,184.0,176.0
133.0,150.0,144.0,83.0,159.0
128.0,124.0,127.0,115.0,100.0
100.0,99.0,170.0,123.0,92.0
138.0,175.0,132.0,146.0,151.0
151.0,158.0,140.0,131.0,201.0
165.0,182.0,116.0,115.0,124.0
201.0,187.0,229.0,162.0,136.0
130.0,143.0,148.0,161.0,129.0
147.0,166.0,103.0,149.0,105.0
201.0,152.0,203.0,124.0,175.0
165.0,163.0,168.0,0.0,154.0
77.0,160.0,143.0,0.0,112.0
148.0,134.0,143.0,85.0,127.0
151.0,136.0,105.0,125.0,160.0
193.0,200.0,211.0,177.0,158.0
194.0,113.0,113.0,157.0,160.0
122.0,130.0,124.0,156.0,126.0
153.0,135.0,167.0,142.0,147.0
213.0,191.0,184.0,167.0,167.0
178.0,204.0,164.0,198.0,160.0
117.0,121.0,142.0,98.0,125.0
169.0,170.0,209.0,123.0,151.0
188.0,176.0,115.0,151.0,152.0
117.0,117.0,112.0,127.0,126.0
148.0,143.0,171.0,115.0,106.0
172.0,135.0,142.0,0.0,169.0
113.0,119.0,124.0,123.0,86.0
145.0,158.0,194.0,167.0,177.0
144.0,185.0,106.0,153.0,169.0
144.0,93.0,105.0,153.0,112.0
125.0,152.0,136.0,95.0,131.0
145.0,144.0,118.0,185.0,103.0
118.0,117.0,122.0,146.0,114.0
151.0,127.0,126.0,115.0,111.0
119.0,122.0,138.0,119.0,125.0
150.0,148.0,160.0,158.0,140.0
165.0,174.0,117.0,177.0,168.0
128.0,128.0,132.0,119.0,116.0
200.0,191.0,300.0,186.0,166.0
169.0,151.0,139.0,128.0,168.0
148.0,141.0,145.0,174.0,144.0
214.0,183.0,199.0,0.0,198.0
146.0,143.0,170.0,157.0,193.0
105.0,90.0,197.0,131.0,160.0
147.0,141.0,146.0,109.0,134.0
152.0,179.0,160.0,153.0,118.0
172.0,171.0,135.0,131.0,121.0
132.0,189.0,137.0,120.0,148.0
180.0,198.0,172.0,164.0,140.0
133.0,90.0,120.0,0.0,110.0
171.0,168.0,154.0,175.0,135.0
118.0,105.0,122.0,0.0,138.0
168.0,176.0,136.0,123.0,96.0
143.0,72.0,136.0,129.0,118.0
182.0,129.0,197.0,94.0,191.0
129.0,160.0,140.0,154.0,131.0
116.0,85.0,106.0,121.0,113.0
95.0,100.0,149.0,142.0,126.0
127.0,171.0,149.0,0.0,153.0
119.0,121.0,136.0,165.0,161.0
172.0,191.0,212.0,94.0,196.0
153.0,170.0,154.0,135.0,193.0
152.0,140.0,146.0,126.0,147.0
98.0,88.0,95.0,124.0,91.0
81.0,90.0,122.0,0.0,166.0
133.0,141.0,165.0,155.0,122.0
109.0,77.0,94.0,108.0,86.0
150.0,111.0,164.0,126.0,137.0
222.0,191.0,183.0,130.0,172.0
155.0,136.0,146.0,151.0,145.0
175.0,170.0,212.0,156.0,107.0
136.0,116.0,130.0,133.0,137.0
115.0,107.0,136.0,168.0,107.0
118.0,116.0,106.0,0.0,101.0
158.0,147.0,179.0,176.0,157.0
170.0,146.0,136.0,0.0,146.0
156.0,132.0,135.0,142.0,153.0
117.0,110.0,153.0,154.0,129.0
130.0,77.0,198.0,98.0,128.0
143.0,147.0,151.0,206.0,161.0
178.0,143.0,172.0,114.0,129.0
195.0,217.0,204.0,165.0,186.0
179.0,179.0,179.0,127.0,186.0
143.0,125.0,141.0,130.0,118.0
155.0,122.0,127.0,130.0,155.0
149.0,152.0,143.0,90.0,171.0
196.0,190.0,215.0,118.0,166.0
115.0,100.0,152.0,145.0,148.0
132.0,117.0,114.0,0.0,136.0
117.0,150.0,159.0,0.0,167.0
180.0,195.0,171.0,148.0,155.0
175.0,206.0,157.0,130.0,152.0
146.0,137.0,179.0,0.0,151.0
151.0,150.0,143.0,123.0,148.0
172.0,174.0,157.0,166.0,134.0
185.0,190.0,204.0,151.0,175.0
154.0,152.0,150.0,166.0,174.0
126.0,118.0,161.0,116.0,122.0
117.0,132.0,128.0,147.0,117.0
155.0,180.0,141.0,175.0,173.0
149.0,151.0,168.0,165.0,173.0
179.0,129.0,124.0,154.0,209.0
166.0,168.0,141.0,131.0,131.0
167.0,145.0,156.0,155.0,129.0
185.0,170.0,175.0,173.0,162.0
170.0,129.0,196.0,150.0,135.0
165.0,147.0,153.0,148.0,108.0
131.0,139.0,159.0,124.0,145.0
175.0,180.0,180.0,155.0,121.0
115.0,112.0,114.0,0.0,80.0
125.0,146.0,147.0,140.0,129.0
132.0,100.0,131.0,114.0,96.0
176.0,117.0,144.0,127.0,190.0
161.0,122.0,150.0,150.0,178.0
211.0,177.0,205.0,136.0,189.0
198.0,207.0,208.0,158.0,112.0
133.0,131.0,125.0,89.0,130.0
171.0,180.0,181.0,158.0,157.0
105.0,102.0,101.0,155.0,123.0
137.0,126.0,147.0,0.0,139.0
156.0,94.0,172.0,181.0,147.0
150.0,98.0,145.0,153.0,153.0
137.0,149.0,143.0,150.0,190.0
123.0,120.0,127.0,131.0,122.0
163.0,167.0,162.0,140.0,152.0
147.0,150.0,159.0,165.0,126.0
94.0,102.0,114.0,140.0,110.0
141.0,147.0,163.0,86.0,134.0
103.0,96.0,138.0,125.0,151.0
175.0,187.0,197.0,126.0,126.0
121.0,180.0,132.0,153.0,139.0
122.0,114.0,141.0,148.0,124.0
164.0,196.0,178.0,175.0,171.0
140.0,127.0,135.0,98.0,112.0
163.0,128.0,140.0,180.0,155.0
184.0,168.0,204.0,127.0,163.0
131.0,140.0,138.0,94.0,137.0
113.0,150.0,129.0,151.0,96.0
169.0,155.0,198.0,129.0,142.0
182.0,156.0,156.0,164.0,145.0
186.0,179.0,191.0,126.0,179.0
186.0,167.0,135.0,97.0,209.0
145.0,95.0,136.0,153.0,130.0
185.0,171.0,183.0,164.0,96.0
217.0,129.0,159.0,101.0,206.0
167.0,165.0,116.0,179.0,166.0
145.0,173.0,149.0,173.0,143.0
182.0,164.0,163.0,126.0,120.0
159.0,154.0,178.0,150.0,124.0
100.0,100.0,160.0,127.0,108.0
175.0,193.0,176.0,120.0,184.0
186.0,196.0,177.0,300.0,176.0
176.0,175.0,157.0,178.0,160.0
143.0,156.0,128.0,89.0,163.0
187.0,213.0,177.0,129.0,99.0
144.0,174.0,114.0,147.0,116.0
176.0,209.0,205.0,127.0,164.0
180.0,154.0,184.0,142.0,148.0
126.0,138.0,110.0,81.0,116.0
124.0,82.0,112.0,0.0,103.0
107.0,118.0,125.0,0.0,114.0
154.0,153.0,181.0,152.0,149.0
163.0,109.0,111.0,118.0,110.0
183.0,186.0,215.0,300.0,208.0
143.0,137.0,143.0,137.0,171.0
164.0,156.0,111.0,170.0,152.0
120.0,97.0,162.0,0.0,101.0
163.0,151.0,169.0,124.0,168.0
112.0,121.0,150.0,125.0,90.0
178.0,169.0,197.0,128.0,152.0
113.0,109.0,112.0,113.0,141.0
127.0,104.0,138.0,138.0,146.0
134.0,154.0,150.0,160.0,138.0
128.0,151.0,154.0,85.0,126.0
154.0,174.0,151.0,154.0,179.0
156.0,141.0,205.0,90.0,124.0
180.0,177.0,202.0,124.0,162.0
137.0,115.0,173.0,110.0,137.0
105.0,121.0,121.0,124.0,124.0
150.0,132.0,171.0,180.0,149.0
150.0,128.0,129.0,112.0,142.0
184.0,194.0,174.0,125.0,206.0
180.0,185.0,200.0,300.0,125.0
228.0,216.0,192.0,155.0,214.0
129.0,75.0,133.0,116.0,123.0
121.0,100.0,107.0,166.0,97.0
136.0,160.0,123.0,127.0,145.0
199.0,167.0,174.0,127.0,213.0
114.0,85.0,163.0,0.0,87.0
121.0,123.0,116.0,73.0,100.0
226.0,190.0,197.0,200.0,199.0
113.0,116.0,125.0,88.0,145.0
164.0,167.0,125.0,173.0,145.0
165.0,176.0,193.0,129.0,176.0
124.0,135.0,155.0,128.0,92.0
151.0,150.0,149.0,200.0,163.0
130.0,118.0,150.0,160.0,80.0
187.0,183.0,175.0,145.0,161.0
143.0,168.0,152.0,124.0,125.0
98.0,106.0,91.0,120.0,91.0
121.0,140.0,145.0,151.0,113.0
171.0,149.0,155.0,158.0,120.0
112.0,93.0,111.0,79.0,139.0
110.0,83.0,113.0,0.0,79.0
116.0,92.0,134.0,94.0,117.0
165.0,115.0,167.0,148.0,175.0
150.0,134.0,133.0,117.0,155.0
114.0,93.0,105.0,120.0,83.0
152.0,134.0,136.0,160.0,134.0
137.0,101.0,104.0,0.0,113.0
111.0,113.0,136.0,109.0,121.0
138.0,142.0,137.0,119.0,143.0
129.0,120.0,155.0,145.0,125.0
140.0,115.0,121.0,78.0,117.0
87.0,103.0,111.0,146.0,84.0
137.0,124.0,118.0,116.0,86.0
115.0,108.0,144.0,120.0,120.0
189.0,124.0,119.0,120.0,166.0
104.0,77.0,116.0,151.0,94.0
159.0,152.0,160.0,119.0,94.0
147.0,134.0,167.0,147.0,141.0
172.0,168.0,121.0,119.0,144.0
90.0,113.0,105.0,128.0,76.0
164.0,170.0,133.0,0.0,118.0
161.0,142.0,94.0,0.0,117.0
161.0,160.0,176.0,149.0,154.0
181.0,189.0,230.0,164.0,226.0
156.0,163.0,165.0,165.0,169.0
113.0,128.0,124.0,107.0,80.0
205.0,180.0,193.0,0.0,0.0
145.0,147.0,144.0,128.0,112.0
150.0,166.0,155.0,120.0,188.0
193.0,171.0,190.0,128.0,195.0
178.0,191.0,179.0,153.0,208.0
132.0,145.0,135.0,127.0,97.0
104.0,102.0,112.0,125.0,116.0
149.0,162.0,159.0,155.0,149.0
131.0,146.0,146.0,166.0,119.0
220.0,204.0,211.0,133.0,205.0
114.0,135.0,133.0,109.0,120.0
127.0,118.0,152.0,177.0,153.0
184.0,182.0,164.0,150.0,191.0
143.0,162.0,180.0,163.0,123.0
115.0,117.0,126.0,122.0,144.0
173.0,145.0,142.0,124.0,131.0
189.0,163.0,166.0,110.0,161.0
163.0,126.0,164.0,115.0,170.0
129.0,156.0,126.0,125.0,129.0
144.0,123.0,117.0,152.0,132.0
131.0,109.0,123.0,161.0,118.0
161.0,181.0,129.0,110.0,123.0
183.0,190.0,203.0,173.0,198.0
186.0,164.0,173.0,157.0,166.0
149.0,137.0,136.0,91.0,126.0
146.0,167.0,177.0,105.0,133.0
129.0,97.0,101.0,0.0,98.0
169.0,187.0,155.0,150.0,150.0
146.0,127.0,164.0,121.0,120.0
156.0,106.0,139.0,166.0,143.0
95.0,171.0,121.0,158.0,118.0
183.0,173.0,203.0,103.0,182.0
144.0,90.0,143.0,161.0,107.0
146.0,130.0,117.0,165.0,133.0
130.0,122.0,141.0,0.0,110.0
148.0,156.0,189.0,146.0,136.0
204.0,196.0,203.0,170.0,203.0
157.0,124.0,147.0,156.0,129.0
138.0,137.0,120.0,152.0,154.0
160.0,143.0,175.0,122.0,142.0
153.0,143.0,134.0,117.0,134.0
173.0,191.0,138.0,156.0,211.0
107.0,106.0,181.0,56.0,117.0
96.0,83.0,105.0,124.0,146.0
128.0,127.0,144.0,150.0,123.0
167.0,169.0,184.0,119.0,153.0
130.0,100.0,112.0,121.0,75.0
182.0,175.0,165.0,166.0,136.0
129.0,131.0,114.0,123.0,155.0
146.0,158.0,159.0,152.0,147.0
152.0,152.0,131.0,120.0,132.0
187.0,200.0,150.0,158.0,184.0
167.0,170.0,132.0,131.0,135.0
186.0,154.0,155.0,165.0,124.0
124.0,118.0,163.0,134.0,155.0
194.0,169.0,157.0,180.0,163.0
140.0,171.0,134.0,125.0,143.0
134.0,138.0,134.0,136.0,164.0
117.0,100.0,166.0,163.0,179.0
127.0,127.0,130.0,123.0,136.0
173.0,182.0,132.0,161.0,144.0
145.0,147.0,162.0,120.0,126.0
189.0,173.0,201.0,148.0,125.0
172.0,183.0,183.0,178.0,174.0
145.0,138.0,182.0,128.0,166.0
157.0,99.0,133.0,155.0,140.0
150.0,151.0,147.0,114.0,153.0
117.0,110.0,113.0,0.0,100.0
133.0,113.0,95.0,0.0,129.0
122.0,114.0,144.0,134.0,161.0
183.0,190.0,182.0,151.0,166.0
177.0,152.0,184.0,195.0,142.0
140.0,136.0,113.0,0.0,119.0
168.0,162.0,132.0,124.0,138.0
133.0,138.0,175.0,128.0,182.0
109.0,98.0,156.0,172.0,104.0
163.0,128.0,175.0,132.0,171.0
125.0,111.0,140.0,143.0,138.0
148.0,143.0,157.0,177.0,163.0
168.0,162.0,196.0,173.0,189.0
163.0,170.0,223.0,129.0,184.0
123.0,80.0,147.0,136.0,122.0
166.0,164.0,182.0,162.0,211.0
188.0,144.0,161.0,129.0,160.0
193.0,89.0,230.0,122.0,176.0
177.0,171.0,158.0,178.0,197.0
188.0,197.0,189.0,143.0,188.0
151.0,155.0,194.0,130.0,145.0
178.0,121.0,121.0,153.0,162.0
209.0,200.0,300.0,148.0,191.0
150.0,125.0,151.0,165.0,124.0
176.0,150.0,159.0,147.0,176.0
135.0,184.0,180.0,168.0,178.0
190.0,175.0,212.0,125.0,170.0
134.0,171.0,123.0,170.0,137.0
154.0,110.0,109.0,172.0,127.0
96.0,71.0,97.0,0.0,89.0
130.0,123.0,144.0,97.0,91.0
182.0,163.0,136.0,176.0,172.0
152.0,171.0,133.0,177.0,163.0
185.0,156.0,137.0,130.0,155.0
154.0,172.0,162.0,130.0,161.0
134.0,104.0,167.0,173.0,122.0
117.0,111.0,145.0,124.0,82.0
153.0,175.0,129.0,128.0,186.0
132.0,155.0,151.0,164.0,124.0
193.0,203.0,205.0,146.0,72.0
157.0,121.0,171.0,300.0,178.0
115.0,74.0,128.0,81.0,60.0
150.0,192.0,159.0,159.0,154.0
169.0,77.0,141.0,128.0,147.0
158.0,165.0,168.0,0.0,156.0
201.0,203.0,192.0,163.0,211.0
110.0,126.0,122.0,180.0,106.0
102.0,112.0,123.0,108.0,128.0
123.0,141.0,186.0,174.0,109.0
178.0,193.0,221.0,154.0,186.0
173.0,163.0,157.0,141.0,146.0
91.0,74.0,131.0,0.0,104.0
186.0,158.0,172.0,184.0,202.0
203.0,169.0,196.0,154.0,191.0
146.0,137.0,119.0,84.0,164.0
125.0,130.0,144.0,102.0,96.0
169.0,184.0,167.0,300.0,193.0
141.0,162.0,102.0,113.0,117.0
145.0,137.0,124.0,148.0,171.0
175.0,178.0,153.0,160.0,197.0
128.0,85.0,129.0,146.0,155.0
139.0,94.0,138.0,125.0,118.0
133.0,94.0,136.0,167.0,196.0
155.0,133.0,132.0,162.0,156.0
160.0,150.0,185.0,187.0,110.0
177.0,173.0,190.0,118.0,142.0
125.0,142.0,125.0,129.0,119.0
127.0,134.0,164.0,151.0,155.0
157.0,158.0,142.0,172.0,148.0
139.0,155.0,140.0,125.0,140.0
194.0,208.0,217.0,149.0,167.0
103.0,125.0,141.0,130.0,129.0
159.0,180.0,123.0,157.0,113.0
164.0,175.0,176.0,168.0,146.0
130.0,94.0,104.0,110.0,109.0
200.0,199.0,190.0,167.0,183.0
110.0,131.0,119.0,121.0,106.0
157.0,159.0,125.0,137.0,148.0
209.0,217.0,201.0,194.0,156.0
151.0,158.0,128.0,143.0,140.0
193.0,205.0,189.0,300.0,213.0
134.0,95.0,105.0,0.0,87.0
152.0,150.0,127.0,122.0,151.0
194.0,194.0,201.0,153.0,177.0
148.0,179.0,147.0,123.0,153.0
161.0,171.0,184.0,147.0,133.0
186.0,174.0,184.0,183.0,181.0
167.0,114.0,183.0,189.0,164.0
135.0,135.0,123.0,128.0,140.0
182.0,142.0,201.0,175.0,224.0
131.0,108.0,143.0,93.0,101.0
128.0,112.0,145.0,119.0,122.0
166.0,155.0,163.0,165.0,171.0
129.0,109.0,154.0,162.0,140.0
170.0,123.0,168.0,145.0,148.0
232.0,300.0,229.0,186.0,212.0
124.0,137.0,108.0,126.0,141.0
182.0,191.0,168.0,124.0,141.0
167.0,152.0,119.0,156.0,124.0
149.0,127.0,150.0,149.0,150.0
166.0,105.0,167.0,121.0,140.0
176.0,180.0,217.0,169.0,140.0
153.0,115.0,163.0,117.0,190.0
228.0,205.0,300.0,165.0,186.0
168.0,116.0,172.0,167.0,127.0
112.0,124.0,114.0,123.0,109.0
191.0,186.0,200.0,151.0,144.0
202.0,149.0,206.0,172.0,169.0
77.0,114.0,108.0,83.0,91.0
120.0,143.0,162.0,120.0,137.0
164.0,106.0,136.0,118.0,137.0
129.0,97.0,108.0,0.0,88.0
187.0,202.0,180.0,138.0,224.0
138.0,127.0,171.0,190.0,134.0
123.0,139.0,150.0,126.0,170.0
154.0,134.0,125.0,150.0,136.0
184.0,197.0,187.0,137.0,175.0
138.0,149.0,164.0,125.0,126.0
113.0,141.0,127.0,123.0,144.0
115.0,149.0,125.0,156.0,131.0
133.0,103.0,131.0,78.0,114.0
153.0,133.0,127.0,138.0,166.0
158.0,177.0,157.0,159.0,105.0
147.0,152.0,181.0,150.0,126.0
146.0,177.0,120.0,166.0,131.0
185.0,141.0,168.0,159.0,203.0
175.0,133.0,190.0,157.0,168.0
161.0,148.0,129.0,153.0,113.0
176.0,151.0,155.0,134.0,157.0
135.0,119.0,126.0,132.0,132.0
136.0,131.0,171.0,122.0,121.0
184.0,160.0,170.0,300.0,150.0
124.0,120.0,148.0,0.0,134.0
198.0,181.0,184.0,119.0,190.0
204.0,180.0,201.0,157.0,182.0
181.0,163.0,138.0,123.0,161.0
118.0,108.0,134.0,169.0,98.0
179.0,178.0,172.0,191.0,145.0
185.0,185.0,177.0,117.0,190.0
207.0,187.0,208.0,153.0,159.0
129.0,141.0,140.0,125.0,160.0
81.0,121.0,116.0,155.0,82.0
181.0,179.0,184.0,172.0,113.0
169.0,125.0,160.0,173.0,176.0
155.0,160.0,174.0,103.0,174.0
146.0,153.0,156.0,175.0,147.0
117.0,107.0,125.0,99.0,129.0
135.0,138.0,139.0,125.0,115.0
225.0,203.0,189.0,176.0,184.0
146.0,155.0,135.0,122.0,105.0
207.0,188.0,202.0,128.0,190.0
84.0,102.0,146.0,153.0,100.0
165.0,186.0,134.0,148.0,75.0
171.0,155.0,172.0,160.0,190.0
175.0,173.0,185.0,179.0,171.0
109.0,122.0,117.0,81.0,154.0
134.0,105.0,138.0,130.0,130.0
132.0,143.0,144.0,113.0,106.0
127.0,154.0,123.0,120.0,129.0
79.0,128.0,119.0,131.0,109.0
172.0,119.0,117.0,153.0,135.0
163.0,132.0,154.0,123.0,111.0
213.0,196.0,130.0,0.0,188.0
166.0,183.0,175.0,118.0,211.0
176.0,192.0,140.0,142.0,143.0
185.0,150.0,193.0,119.0,139.0
174.0,184.0,170.0,170.0,168.0
129.0,148.0,107.0,0.0,88.0
189.0,200.0,200.0,174.0,185.0
194.0,188.0,209.0,125.0,300.0
144.0,135.0,153.0,144.0,138.0
169.0,164.0,175.0,149.0,138.0
174.0,173.0,117.0,117.0,141.0
184.0,134.0,300.0,162.0,189.0
155.0,120.0,107.0,119.0,158.0
132.0,154.0,115.0,145.0,110.0
135.0,153.0,151.0,111.0,172.0
73.0,107.0,106.0,0.0,129.0
141.0,205.0,180.0,126.0,168.0
157.0,138.0,169.0,115.0,149.0
153.0,69.0,127.0,145.0,132.0
166.0,172.0,177.0,154.0,130.0
169.0,188.0,174.0,163.0,173.0
135.0,136.0,150.0,151.0,90.0
185.0,186.0,169.0,170.0,146.0
144.0,169.0,185.0,121.0,189.0
122.0,149.0,120.0,109.0,133.0
150.0,122.0,130.0,117.0,130.0
183.0,158.0,154.0,300.0,176.0
177.0,146.0,194.0,175.0,154.0
164.0,143.0,152.0,169.0,125.0
121.0,162.0,145.0,124.0,162.0
184.0,148.0,165.0,119.0,177.0
175.0,153.0,160.0,118.0,168.0
149.0,147.0,123.0,142.0,160.0
138.0,179.0,158.0,171.0,174.0
151.0,172.0,160.0,139.0,190.0
124.0,91.0,132.0,187.0,87.0
142.0,95.0,122.0,125.0,86.0
180.0,140.0,127.0,113.0,144.0
173.0,194.0,211.0,84.0,150.0
135.0,146.0,141.0,192.0,130.0
180.0,125.0,128.0,128.0,150.0
100.0,126.0,106.0,154.0,121.0
132.0,99.0,130.0,130.0,86.0
138.0,157.0,183.0,170.0,154.0
175.0,195.0,174.0,0.0,158.0
131.0,132.0,138.0,125.0,120.0
170.0,147.0,186.0,154.0,167.0
109.0,140.0,125.0,0.0,118.0
193.0,176.0,174.0,153.0,143.0
117.0,146.0,195.0,82.0,177.0
156.0,161.0,165.0,176.0,158.0
185.0,174.0,189.0,166.0,180.0
192.0,148.0,190.0,189.0,145.0
157.0,150.0,161.0,119.0,169.0
132.0,128.0,125.0,185.0,119.0
141.0,83.0,132.0,0.0,123.0
136.0,105.0,145.0,74.0,136.0
162.0,174.0,187.0,132.0,123.0
173.0,187.0,188.0,129.0,141.0
165.0,145.0,165.0,300.0,141.0
168.0,169.0,158.0,119.0,162.0
121.0,173.0,142.0,116.0,85.0
143.0,119.0,145.0,125.0,127.0
156.0,161.0,176.0,148.0,191.0
156.0,146.0,192.0,169.0,197.0
173.0,194.0,165.0,127.0,168.0
181.0,173.0,209.0,118.0,162.0
179.0,124.0,118.0,129.0,130.0
136.0,154.0,121.0,81.0,103.0
152.0,96.0,143.0,162.0,115.0
132.0,154.0,106.0,159.0,135.0
124.0,136.0,162.0,124.0,130.0
161.0,142.0,151.0,128.0,107.0
96.0,109.0,130.0,0.0,98.0
148.0,108.0,104.0,162.0,112.0
184.0,162.0,165.0,138.0,158.0
141.0,144.0,135.0,0.0,137.0
165.0,170.0,174.0,116.0,145.0
115.0,173.0,152.0,109.0,96.0
136.0,111.0,147.0,112.0,123.0
158.0,163.0,197.0,118.0,139.0
170.0,117.0,144.0,130.0,152.0
155.0,124.0,153.0,120.0,142.0
173.0,172.0,170.0,121.0,124.0
146.0,171.0,162.0,154.0,162.0
92.0,97.0,102.0,114.0,145.0
167.0,125.0,177.0,118.0,168.0
123.0,182.0,164.0,108.0,154.0
207.0,232.0,207.0,170.0,199.0
136.0,127.0,152.0,127.0,110.0
131.0,106.0,140.0,115.0,140.0
127.0,154.0,151.0,155.0,153.0
166.0,175.0,137.0,122.0,166.0
130.0,114.0,118.0,145.0,107.0
156.0,139.0,171.0,180.0,105.0
161.0,158.0,157.0,116.0,151.0
192.0,166.0,166.0,159.0,151.0
90.0,109.0,154.0,100.0,116.0
178.0,188.0,193.0,190.0,171.0
172.0,160.0,162.0,171.0,137.0
124.0,91.0,158.0,120.0,159.0
160.0,175.0,160.0,179.0,158.0
130.0,142.0,147.0,125.0,143.0
160.0,96.0,137.0,148.0,96.0
193.0,162.0,182.0,145.0,168.0
132.0,93.0,111.0,0.0,110.0
195.0,187.0,207.0,0.0,191.0
128.0,121.0,148.0,118.0,156.0
206.0,186.0,197.0,117.0,213.0
154.0,151.0,190.0,132.0,154.0
126.0,119.0,170.0,115.0,165.0
149.0,126.0,119.0,156.0,122.0
131.0,156.0,147.0,118.0,134.0
143.0,121.0,157.0,0.0,128.0
155.0,152.0,144.0,146.0,140.0
119.0,91.0,122.0,159.0,138.0
136.0,151.0,143.0,0.0,122.0
148.0,112.0,152.0,112.0,101.0
147.0,156.0,143.0,166.0,154.0
160.0,142.0,120.0,0.0,121.0
134.0,96.0,157.0,142.0,133.0
129.0,136.0,184.0,122.0,169.0
118.0,115.0,161.0,116.0,151.0
97.0,98.0,92.0,0.0,103.0
133.0,150.0,129.0,165.0,144.0
202.0,203.0,184.0,125.0,226.0
146.0,119.0,174.0,180.0,129.0
144.0,170.0,171.0,170.0,173.0
216.0,218.0,214.0,149.0,184.0
182.0,153.0,201.0,145.0,142.0
130.0,154.0,154.0,153.0,128.0
179.0,181.0,178.0,149.0,130.0
154.0,193.0,180.0,179.0,153.0
173.0,151.0,157.0,119.0,125.0
118.0,100.0,126.0,142.0,145.0
178.0,149.0,156.0,145.0,109.0
158.0,178.0,161.0,150.0,162.0
162.0,172.0,172.0,141.0,180.0
136.0,147.0,115.0,147.0,153.0
198.0,98.0,167.0,130.0,196.0
140.0,143.0,152.0,118.0,130.0
122.0,150.0,142.0,150.0,188.0
155.0,140.0,106.0,150.0,128.0
116.0,99.0,125.0,114.0,123.0
168.0,156.0,179.0,123.0,173.0
168.0,173.0,155.0,141.0,170.0
115.0,97.0,88.0,131.0,104.0
173.0,171.0,158.0,133.0,142.0
104.0,114.0,119.0,125.0,101.0
195.0,176.0,209.0,169.0,153.0
166.0,179.0,150.0,120.0,163.0
154.0,97.0,206.0,129.0,168.0
113.0,99.0,105.0,123.0,105.0
154.0,182.0,169.0,121.0,152.0
149.0,169.0,124.0,0.0,163.0
141.0,116.0,155.0,173.0,182.0
165.0,145.0,125.0,158.0,190.0
151.0,183.0,195.0,146.0,117.0
160.0,179.0,191.0,201.0,143.0
154.0,202.0,165.0,300.0,154.0
129.0,121.0,114.0,124.0,103.0
154.0,185.0,200.0,174.0,152.0
165.0,162.0,180.0,158.0,206.0
164.0,166.0,191.0,108.0,141.0
178.0,190.0,194.0,142.0,99.0
139.0,92.0,175.0,168.0,145.0
179.0,197.0,218.0,166.0,186.0
193.0,163.0,153.0,194.0,168.0
92.0,113.0,123.0,120.0,75.0
149.0,113.0,122.0,167.0,158.0
153.0,109.0,141.0,143.0,143.0
167.0,102.0,95.0,152.0,136.0
168.0,167.0,204.0,188.0,135.0
216.0,195.0,225.0,147.0,202.0
135.0,118.0,145.0,132.0,106.0
129.0,158.0,145.0,147.0,195.0
192.0,174.0,147.0,132.0,159.0
167.0,178.0,189.0,159.0,168.0
159.0,128.0,190.0,117.0,126.0
189.0,159.0,199.0,184.0,144.0
125.0,153.0,133.0,114.0,169.0
179.0,146.0,151.0,85.0,158.0
136.0,115.0,183.0,157.0,174.0
153.0,155.0,187.0,170.0,101.0
152.0,154.0,165.0,146.0,178.0
174.0,193.0,154.0,0.0,153.0
156.0,175.0,140.0,126.0,145.0
150.0,126.0,158.0,177.0,114.0
169.0,189.0,145.0,155.0,147.0
121.0,106.0,198.0,186.0,164.0
142.0,126.0,142.0,117.0,109.0
170.0,166.0,178.0,127.0,168.0
130.0,108.0,104.0,0.0,109.0
110.0,139.0,131.0,148.0,104.0
107.0,115.0,148.0,146.0,144.0
161.0,151.0,144.0,109.0,123.0
177.0,163.0,204.0,173.0,188.0
156.0,175.0,195.0,168.0,137.0
124.0,130.0,112.0,119.0,100.0
181.0,158.0,171.0,189.0,181.0
135.0,83.0,192.0,114.0,148.0
195.0,172.0,196.0,155.0,158.0
119.0,149.0,107.0,170.0,113.0
122.0,156.0,150.0,117.0,141.0
155.0,133.0,112.0,143.0,153.0
141.0,118.0,165.0,173.0,175.0
171.0,127.0,127.0,148.0,179.0
127.0,150.0,136.0,111.0,152.0
166.0,163.0,162.0,135.0,179.0
115.0,131.0,118.0,123.0,157.0
169.0,153.0,205.0,130.0,154.0
154.0,147.0,138.0,169.0,107.0
111.0,139.0,144.0,101.0,145.0
146.0,109.0,140.0,0.0,116.0
179.0,173.0,153.0,173.0,165.0
137.0,127.0,134.0,0.0,87.0
121.0,93.0,117.0,112.0,101.0
184.0,183.0,180.0,180.0,179.0
191.0,203.0,169.0,154.0,152.0
166.0,142.0,149.0,142.0,148.0
108.0,114.0,123.0,146.0,124.0
122.0,135.0,130.0,160.0,141.0
80.0,87.0,155.0,170.0,174.0
138.0,164.0,141.0,80.0,191.0
168.0,169.0,118.0,125.0,129.0
154.0,148.0,187.0,193.0,143.0
164.0,156.0,153.0,125.0,155.0
166.0,162.0,128.0,155.0,160.0
147.0,120.0,119.0,129.0,119.0
117.0,143.0,133.0,129.0,150.0
170.0,153.0,184.0,101.0,200.0
152.0,145.0,158.0,124.0,146.0
142.0,110.0,154.0,116.0,121.0
174.0,179.0,179.0,175.0,173.0
155.0,158.0,152.0,123.0,171.0
150.0,191.0,173.0,154.0,169.0
121.0,113.0,187.0,161.0,123.0
180.0,175.0,107.0,135.0,161.0
128.0,101.0,123.0,96.0,86.0
130.0,134.0,102.0,178.0,140.0
146.0,138.0,185.0,151.0,110.0
150.0,151.0,145.0,138.0,153.0
118.0,122.0,128.0,160.0,171.0
150.0,186.0,159.0,146.0,125.0
115.0,119.0,131.0,113.0,78.0
175.0,176.0,169.0,156.0,152.0
135.0,103.0,173.0,88.0,128.0
129.0,94.0,118.0,125.0,123.0
87.0,71.0,128.0,0.0,86.0
165.0,125.0,163.0,0.0,128.0
109.0,159.0,199.0,114.0,107.0
183.0,174.0,188.0,190.0,155.0
166.0,158.0,150.0,125.0,136.0
169.0,125.0,202.0,164.0,164.0
151.0,99.0,111.0,176.0,144.0
205.0,180.0,181.0,122.0,154.0
160.0,176.0,192.0,131.0,138.0
232.0,212.0,213.0,155.0,211.0
102.0,93.0,118.0,110.0,103.0
203.0,175.0,300.0,158.0,82.0
179.0,178.0,153.0,113.0,187.0
147.0,125.0,120.0,124.0,125.0
178.0,203.0,213.0,130.0,155.0
227.0,192.0,209.0,151.0,177.0
180.0,162.0,183.0,138.0,170.0
152.0,115.0,188.0,0.0,136.0
147.0,133.0,144.0,146.0,179.0
194.0,190.0,203.0,138.0,203.0
178.0,229.0,201.0,180.0,169.0
183.0,181.0,179.0,119.0,167.0
140.0,138.0,112.0,117.0,113.0
118.0,128.0,127.0,97.0,110.0
128.0,146.0,182.0,0.0,135.0
141.0,161.0,197.0,118.0,126.0
190.0,191.0,300.0,169.0,158.0
147.0,129.0,196.0,90.0,126.0
165.0,134.0,153.0,127.0,124.0
145.0,96.0,133.0,178.0,150.0
153.0,165.0,153.0,128.0,168.0
109.0,94.0,120.0,130.0,89.0
133.0,133.0,122.0,123.0,129.0
123.0,142.0,130.0,124.0,133.0
164.0,147.0,142.0,117.0,179.0
128.0,114.0,147.0,0.0,115.0
180.0,173.0,151.0,144.0,151.0
139.0,115.0,120.0,122.0,122.0
135.0,178.0,188.0,153.0,109.0
132.0,133.0,116.0,86.0,97.0
158.0,158.0,186.0,117.0,186.0
160.0,169.0,215.0,121.0,205.0
161.0,113.0,167.0,179.0,178.0
153.0,151.0,162.0,133.0,148.0
179.0,183.0,180.0,167.0,154.0
136.0,128.0,206.0,160.0,141.0
148.0,154.0,118.0,159.0,134.0
182.0,172.0,197.0,131.0,137.0
154.0,129.0,161.0,151.0,161.0
157.0,146.0,149.0,152.0,156.0
93.0,124.0,118.0,126.0,124.0
151.0,138.0,165.0,174.0,120.0
199.0,173.0,189.0,177.0,191.0
126.0,122.0,168.0,128.0,109.0
193.0,156.0,197.0,153.0,151.0
163.0,136.0,136.0,125.0,150.0
175.0,189.0,192.0,148.0,152.0
139.0,131.0,138.0,108.0,141.0
177.0,154.0,169.0,157.0,144.0
169.0,204.0,139.0,123.0,164.0
144.0,154.0,144.0,107.0,157.0
149.0,198.0,157.0,162.0,183.0
152.0,148.0,147.0,151.0,149.0
163.0,172.0,175.0,111.0,132.0
146.0,115.0,108.0,105.0,109.0
134.0,138.0,124.0,124.0,132.0
178.0,178.0,199.0,181.0,152.0
169.0,170.0,154.0,156.0,111.0
202.0,204.0,201.0,155.0,170.0
175.0,170.0,161.0,178.0,191.0
150.0,114.0,124.0,120.0,108.0
160.0,209.0,195.0,154.0,92.0
155.0,150.0,157.0,205.0,159.0
184.0,190.0,162.0,121.0,156.0
80.0,91.0,116.0,116.0,60.0
190.0,190.0,210.0,185.0,164.0
197.0,145.0,147.0,159.0,108.0
161.0,157.0,133.0,166.0,152.0
122.0,118.0,122.0,112.0,87.0
103.0,92.0,117.0,94.0,99.0
181.0,164.0,180.0,172.0,187.0
153.0,125.0,156.0,130.0,178.0
164.0,138.0,186.0,174.0,128.0
152.0,126.0,189.0,178.0,167.0
135.0,109.0,147.0,149.0,130.0
166.0,182.0,175.0,173.0,121.0
131.0,116.0,151.0,121.0,161.0
154.0,156.0,176.0,163.0,186.0
152.0,153.0,142.0,126.0,185.0
162.0,142.0,119.0,159.0,159.0
114.0,121.0,116.0,151.0,103.0
195.0,157.0,177.0,149.0,185.0
174.0,176.0,207.0,180.0,191.0
164.0,179.0,180.0,162.0,172.0
189.0,166.0,212.0,180.0,110.0
142.0,155.0,187.0,164.0,141.0
187.0,166.0,177.0,175.0,163.0
147.0,171.0,162.0,188.0,149.0
142.0,138.0,179.0,113.0,125.0
180.0,172.0,182.0,171.0,170.0
171.0,154.0,218.0,155.0,198.0
97.0,75.0,136.0,148.0,96.0
109.0,143.0,150.0,158.0,138.0
105.0,108.0,146.0,0.0,85.0
162.0,119.0,168.0,130.0,157.0
127.0,133.0,106.0,141.0,99.0
106.0,87.0,130.0,0.0,136.0
128.0,117.0,135.0,183.0,105.0
164.0,124.0,124.0,123.0,137.0
126.0,128.0,103.0,155.0,129.0
162.0,165.0,177.0,116.0,134.0
147.0,140.0,125.0,148.0,145.0
125.0,98.0,131.0,123.0,102.0
125.0,83.0,107.0,0.0,133.0
187.0,173.0,216.0,157.0,201.0
124.0,147.0,135.0,145.0,119.0
149.0,152.0,107.0,129.0,129.0
142.0,136.0,141.0,122.0,96.0
182.0,191.0,181.0,170.0,185.0
149.0,166.0,174.0,157.0,156.0
109.0,155.0,132.0,148.0,116.0
150.0,148.0,126.0,120.0,160.0
93.0,103.0,132.0,119.0,69.0
151.0,104.0,119.0,156.0,110.0
176.0,196.0,188.0,165.0,184.0
116.0,102.0,129.0,113.0,79.0
107.0,109.0,173.0,119.0,104.0
110.0,162.0,107.0,207.0,164.0
122.0,149.0,168.0,133.0,120.0
211.0,197.0,194.0,195.0,194.0
131.0,128.0,133.0,123.0,148.0
191.0,185.0,167.0,160.0,156.0
174.0,153.0,109.0,128.0,187.0
119.0,198.0,198.0,127.0,180.0
175.0,179.0,188.0,0.0,107.0
146.0,106.0,114.0,0.0,122.0
108.0,118.0,151.0,173.0,112.0
160.0,154.0,126.0,153.0,130.0
161.0,144.0,153.0,166.0,151.0
201.0,183.0,208.0,177.0,189.0
159.0,139.0,118.0,145.0,159.0
166.0,159.0,197.0,119.0,147.0
173.0,169.0,170.0,151.0,163.0
177.0,186.0,199.0,154.0,137.0
192.0,171.0,180.0,182.0,114.0
130.0,153.0,119.0,160.0,164.0
183.0,165.0,171.0,165.0,151.0
134.0,139.0,136.0,0.0,183.0
139.0,98.0,164.0,152.0,163.0
184.0,195.0,166.0,0.0,158.0
182.0,163.0,196.0,131.0,197.0
174.0,157.0,145.0,142.0,162.0
112.0,170.0,152.0,0.0,122.0
95.0,120.0,145.0,125.0,122.0
180.0,177.0,197.0,175.0,139.0
177.0,179.0,130.0,146.0,178.0
187.0,191.0,190.0,116.0,166.0
157.0,161.0,157.0,117.0,128.0
107.0,80.0,148.0,72.0,80.0
149.0,116.0,125.0,174.0,166.0
152.0,160.0,161.0,174.0,140.0
166.0,194.0,141.0,154.0,132.0
169.0,115.0,134.0,147.0,181.0
177.0,139.0,163.0,165.0,196.0
131.0,176.0,162.0,119.0,177.0
170.0,170.0,172.0,172.0,176.0
95.0,81.0,117.0,0.0,87.0
164.0,138.0,170.0,138.0,153.0
109.0,94.0,137.0,162.0,132.0
155.0,125.0,164.0,173.0,127.0
130.0,139.0,141.0,153.0,137.0
106.0,100.0,105.0,0.0,88.0
124.0,118.0,133.0,100.0,134.0
182.0,199.0,201.0,153.0,174.0
207.0,195.0,300.0,156.0,186.0
158.0,149.0,149.0,146.0,141.0
143.0,137.0,179.0,161.0,130.0
102.0,101.0,149.0,98.0,107.0
153.0,111.0,108.0,153.0,126.0
105.0,107.0,108.0,129.0,94.0
144.0,107.0,141.0,135.0,154.0
88.0,89.0,141.0,131.0,103.0
161.0,140.0,162.0,159.0,154.0
157.0,158.0,205.0,171.0,169.0
138.0,139.0,160.0,130.0,105.0
170.0,93.0,113.0,122.0,137.0
161.0,143.0,207.0,122.0,134.0
199.0,207.0,200.0,193.0,300.0
157.0,130.0,135.0,168.0,127.0
171.0,185.0,189.0,166.0,188.0
164.0,154.0,144.0,174.0,130.0
131.0,130.0,158.0,161.0,124.0
145.0,128.0,112.0,171.0,111.0
127.0,96.0,148.0,176.0,101.0
117.0,103.0,143.0,151.0,132.0
126.0,164.0,187.0,139.0,135.0
154.0,157.0,149.0,129.0,164.0
152.0,128.0,117.0,0.0,125.0
125.0,126.0,110.0,109.0,129.0
194.0,159.0,180.0,179.0,140.0
99.0,115.0,105.0,122.0,118.0
113.0,116.0,105.0,103.0,103.0
203.0,175.0,199.0,169.0,119.0
141.0,145.0,133.0,0.0,145.0
189.0,168.0,151.0,156.0,182.0
153.0,169.0,141.0,120.0,147.0
189.0,170.0,177.0,183.0,201.0
96.0,90.0,126.0,176.0,103.0
183.0,140.0,144.0,133.0,163.0
143.0,104.0,124.0,154.0,107.0
209.0,206.0,223.0,155.0,206.0
167.0,181.0,157.0,127.0,116.0
171.0,179.0,164.0,153.0,160.0
170.0,166.0,144.0,0.0,193.0
160.0,167.0,201.0,163.0,164.0
164.0,137.0,156.0,144.0,180.0
114.0,102.0,122.0,129.0,89.0
134.0,117.0,148.0,120.0,122.0
135.0,102.0,111.0,128.0,110.0
148.0,166.0,192.0,183.0,160.0
109.0,102.0,125.0,131.0,76.0
156.0,186.0,135.0,183.0,188.0
135.0,139.0,145.0,170.0,106.0
196.0,198.0,193.0,145.0,141.0
127.0,132.0,124.0,153.0,115.0
135.0,111.0,143.0,153.0,88.0
155.0,159.0,212.0,158.0,175.0
172.0,136.0,144.0,121.0,135.0
168.0,150.0,146.0,111.0,164.0
100.0,132.0,170.0,116.0,152.0
167.0,139.0,114.0,157.0,132.0
186.0,167.0,203.0,140.0,198.0
176.0,165.0,152.0,147.0,161.0
156.0,129.0,125.0,159.0,192.0
132.0,98.0,141.0,0.0,107.0
188.0,158.0,198.0,142.0,141.0
159.0,135.0,186.0,168.0,226.0
117.0,106.0,125.0,123.0,130.0
153.0,185.0,202.0,151.0,183.0
180.0,171.0,194.0,181.0,157.0
138.0,153.0,138.0,147.0,175.0
161.0,181.0,153.0,93.0,195.0
150.0,156.0,153.0,123.0,143.0
109.0,71.0,151.0,158.0,112.0
126.0,120.0,129.0,153.0,129.0
142.0,166.0,171.0,120.0,162.0
109.0,95.0,119.0,109.0,128.0
172.0,169.0,160.0,110.0,123.0
154.0,125.0,147.0,154.0,132.0
151.0,110.0,114.0,117.0,121.0
187.0,177.0,160.0,163.0,162.0
134.0,142.0,113.0,0.0,160.0
175.0,178.0,164.0,172.0,204.0
204.0,186.0,216.0,300.0,191.0
176.0,190.0,183.0,134.0,164.0
111.0,132.0,154.0,122.0,150.0
170.0,187.0,136.0,124.0,147.0
129.0,144.0,164.0,178.0,131.0
187.0,158.0,175.0,180.0,158.0
146.0,160.0,174.0,194.0,125.0
159.0,140.0,164.0,154.0,151.0
121.0,150.0,112.0,135.0,110.0
137.0,143.0,145.0,124.0,102.0
171.0,124.0,120.0,138.0,146.0
133.0,126.0,118.0,147.0,94.0
150.0,125.0,110.0,131.0,102.0
176.0,148.0,144.0,108.0,146.0
152.0,119.0,104.0,121.0,104.0
178.0,148.0,133.0,115.0,163.0
183.0,168.0,135.0,129.0,154.0
104.0,97.0,130.0,120.0,100.0
157.0,153.0,144.0,161.0,127.0
143.0,116.0,156.0,155.0,162.0
176.0,148.0,157.0,182.0,65.0
145.0,122.0,147.0,124.0,158.0
185.0,196.0,181.0,122.0,152.0
142.0,146.0,160.0,162.0,130.0
137.0,95.0,141.0,133.0,113.0
156.0,186.0,156.0,165.0,166.0
120.0,93.0,158.0,130.0,110.0
123.0,136.0,125.0,115.0,131.0
149.0,113.0,114.0,95.0,129.0
192.0,196.0,172.0,156.0,118.0
180.0,151.0,184.0,122.0,165.0
149.0,115.0,159.0,105.0,153.0
160.0,121.0,155.0,163.0,150.0
182.0,156.0,175.0,153.0,158.0
171.0,156.0,181.0,131.0,163.0
138.0,127.0,117.0,0.0,116.0
174.0,186.0,181.0,139.0,164.0
180.0,186.0,213.0,159.0,165.0
181.0,135.0,188.0,138.0,181.0
144.0,152.0,155.0,120.0,151.0
123.0,98.0,143.0,113.0,129.0
146.0,138.0,190.0,170.0,169.0
168.0,155.0,192.0,173.0,166.0
172.0,185.0,223.0,181.0,189.0
130.0,127.0,116.0,117.0,119.0
187.0,202.0,213.0,176.0,183.0
149.0,132.0,133.0,94.0,117.0
172.0,156.0,133.0,136.0,167.0
167.0,153.0,143.0,119.0,153.0
184.0,153.0,170.0,168.0,178.0
188.0,117.0,105.0,121.0,159.0
136.0,149.0,116.0,143.0,165.0
93.0,118.0,122.0,110.0,131.0
128.0,131.0,159.0,164.0,152.0
164.0,187.0,216.0,179.0,155.0
130.0,153.0,143.0,119.0,102.0
159.0,151.0,166.0,168.0,175.0
140.0,161.0,143.0,131.0,128.0
126.0,148.0,130.0,115.0,139.0
120.0,116.0,106.0,0.0,136.0
105.0,113.0,108.0,133.0,79.0
119.0,132.0,143.0,78.0,91.0
167.0,83.0,152.0,144.0,123.0
122.0,109.0,125.0,147.0,136.0
180.0,177.0,154.0,171.0,157.0
87.0,92.0,118.0,146.0,119.0
161.0,197.0,145.0,158.0,143.0
166.0,177.0,160.0,124.0,156.0
178.0,213.0,160.0,125.0,177.0
150.0,154.0,135.0,112.0,118.0
144.0,121.0,181.0,0.0,119.0
125.0,129.0,83.0,152.0,113.0
141.0,169.0,144.0,141.0,179.0
171.0,164.0,196.0,164.0,127.0
165.0,196.0,154.0,130.0,137.0
183.0,163.0,136.0,169.0,153.0
165.0,127.0,152.0,126.0,167.0
166.0,80.0,116.0,112.0,69.0
191.0,190.0,150.0,0.0,173.0
138.0,146.0,147.0,150.0,147.0
159.0,193.0,157.0,126.0,192.0
194.0,182.0,194.0,174.0,300.0
171.0,191.0,171.0,131.0,163.0
140.0,131.0,123.0,107.0,129.0
163.0,155.0,181.0,167.0,144.0
177.0,188.0,113.0,165.0,188.0
122.0,105.0,219.0,123.0,98.0
106.0,121.0,188.0,208.0,148.0
192.0,180.0,165.0,186.0,139.0
107.0,94.0,136.0,142.0,144.0
150.0,155.0,134.0,0.0,115.0
122.0,89.0,185.0,177.0,105.0
123.0,155.0,110.0,0.0,187.0
142.0,151.0,134.0,164.0,122.0
171.0,194.0,161.0,171.0,154.0
133.0,128.0,156.0,117.0,147.0
171.0,178.0,148.0,149.0,154.0
144.0,131.0,168.0,76.0,139.0
146.0,120.0,154.0,129.0,127.0
126.0,164.0,156.0,0.0,153.0
173.0,176.0,142.0,158.0,162.0
154.0,122.0,160.0,0.0,142.0
166.0,184.0,202.0,124.0,181.0
151.0,183.0,167.0,128.0,135.0
109.0,105.0,102.0,0.0,89.0
189.0,165.0,196.0,144.0,197.0
141.0,148.0,162.0,154.0,135.0
199.0,186.0,225.0,176.0,184.0
144.0,121.0,164.0,170.0,145.0
77.0,127.0,191.0,0.0,135.0
151.0,127.0,169.0,150.0,75.0
162.0,153.0,145.0,113.0,166.0
161.0,163.0,174.0,117.0,170.0
110.0,87.0,111.0,154.0,86.0
178.0,211.0,194.0,172.0,201.0
136.0,138.0,119.0,166.0,148.0
159.0,162.0,160.0,164.0,164.0
113.0,157.0,179.0,121.0,132.0
164.0,179.0,141.0,115.0,128.0
126.0,126.0,116.0,157.0,131.0
122.0,113.0,127.0,94.0,113.0
145.0,146.0,126.0,0.0,125.0
155.0,142.0,131.0,172.0,145.0
178.0,149.0,149.0,146.0,130.0
152.0,161.0,162.0,165.0,173.0
191.0,171.0,211.0,180.0,219.0
143.0,124.0,157.0,146.0,133.0
130.0,142.0,131.0,157.0,110.0
111.0,91.0,113.0,117.0,105.0
197.0,166.0,210.0,153.0,171.0
149.0,157.0,154.0,109.0,184.0
166.0,136.0,114.0,0.0,138.0
178.0,199.0,200.0,158.0,194.0
156.0,110.0,104.0,117.0,161.0
115.0,98.0,200.0,127.0,84.0
160.0,155.0,164.0,151.0,173.0
135.0,145.0,148.0,117.0,96.0
166.0,137.0,141.0,166.0,125.0
148.0,161.0,209.0,122.0,127.0
106.0,105.0,120.0,71.0,109.0
109.0,127.0,150.0,154.0,132.0
133.0,138.0,133.0,128.0,133.0
154.0,158.0,164.0,122.0,112.0
178.0,177.0,176.0,151.0,186.0
192.0,175.0,191.0,129.0,191.0
171.0,161.0,154.0,0.0,133.0
140.0,184.0,158.0,300.0,140.0
121.0,84.0,147.0,112.0,112.0
127.0,162.0,133.0,161.0,159.0
183.0,203.0,183.0,123.0,153.0
163.0,160.0,139.0,123.0,180.0
143.0,162.0,144.0,182.0,129.0
147.0,128.0,161.0,0.0,107.0
186.0,180.0,196.0,159.0,180.0
178.0,138.0,130.0,119.0,106.0
139.0,91.0,150.0,0.0,116.0
185.0,145.0,198.0,171.0,183.0
134.0,117.0,94.0,142.0,119.0
109.0,98.0,119.0,95.0,83.0
175.0,169.0,199.0,113.0,172.0
145.0,114.0,135.0,126.0,97.0
148.0,164.0,119.0,151.0,162.0
136.0,134.0,150.0,124.0,139.0
117.0,105.0,109.0,119.0,95.0
106.0,106.0,113.0,129.0,96.0
148.0,153.0,131.0,163.0,131.0
122.0,152.0,144.0,133.0,106.0
130.0,124.0,108.0,158.0,153.0
172.0,185.0,192.0,148.0,183.0
150.0,153.0,165.0,187.0,140.0
170.0,145.0,154.0,204.0,144.0
164.0,181.0,184.0,152.0,140.0
132.0,128.0,123.0,148.0,137.0
128.0,115.0,123.0,108.0,85.0
159.0,154.0,170.0,189.0,115.0
136.0,109.0,146.0,130.0,120.0
169.0,202.0,121.0,109.0,128.0
155.0,150.0,190.0,149.0,122.0
146.0,118.0,136.0,147.0,145.0
183.0,190.0,162.0,177.0,134.0
191.0,199.0,184.0,124.0,196.0
100.0,112.0,156.0,121.0,125.0
172.0,208.0,193.0,129.0,73.0
187.0,172.0,170.0,112.0,153.0
149.0,132.0,151.0,113.0,123.0
191.0,197.0,201.0,165.0,188.0
178.0,188.0,165.0,148.0,120.0
117.0,105.0,115.0,0.0,125.0
175.0,100.0,188.0,152.0,169.0
181.0,190.0,171.0,151.0,180.0
166.0,128.0,151.0,148.0,146.0
196.0,131.0,173.0,125.0,165.0
181.0,176.0,147.0,161.0,163.0
183.0,178.0,165.0,123.0,163.0
149.0,143.0,160.0,0.0,144.0
149.0,125.0,154.0,147.0,168.0
189.0,178.0,188.0,151.0,140.0
145.0,159.0,144.0,123.0,152.0
102.0,112.0,127.0,169.0,90.0
130.0,116.0,147.0,117.0,130.0
158.0,156.0,168.0,120.0,168.0
148.0,173.0,184.0,185.0,151.0
181.0,151.0,216.0,164.0,142.0
152.0,90.0,207.0,184.0,142.0
157.0,165.0,163.0,115.0,166.0
139.0,162.0,178.0,169.0,183.0
165.0,122.0,106.0,143.0,146.0
175.0,154.0,142.0,89.0,127.0
136.0,120.0,126.0,0.0,162.0
106.0,113.0,103.0,93.0,81.0
104.0,123.0,112.0,121.0,81.0
190.0,184.0,171.0,176.0,157.0
127.0,102.0,99.0,128.0,111.0
105.0,128.0,125.0,90.0,115.0
93.0,85.0,116.0,0.0,111.0
152.0,131.0,140.0,163.0,171.0
199.0,196.0,196.0,189.0,216.0
215.0,185.0,191.0,186.0,182.0
168.0,164.0,167.0,167.0,133.0
137.0,161.0,133.0,120.0,150.0
123.0,133.0,164.0,113.0,172.0
82.0,106.0,130.0,120.0,83.0
140.0,142.0,135.0,125.0,149.0
145.0,119.0,132.0,134.0,136.0
140.0,115.0,137.0,0.0,112.0
172.0,212.0,158.0,168.0,197.0
134.0,137.0,137.0,140.0,123.0
173.0,152.0,174.0,158.0,156.0
161.0,174.0,143.0,142.0,148.0
148.0,121.0,200.0,122.0,97.0
173.0,182.0,183.0,168.0,190.0
178.0,139.0,138.0,153.0,156.0
121.0,130.0,108.0,134.0,99.0
119.0,136.0,95.0,135.0,154.0
146.0,138.0,194.0,0.0,187.0
87.0,113.0,172.0,149.0,101.0
113.0,98.0,121.0,147.0,94.0
184.0,167.0,221.0,125.0,210.0
138.0,120.0,137.0,125.0,116.0
124.0,159.0,135.0,117.0,150.0
161.0,121.0,159.0,170.0,122.0
114.0,97.0,111.0,151.0,110.0
160.0,186.0,164.0,113.0,159.0
127.0,111.0,179.0,141.0,141.0
196.0,193.0,199.0,174.0,168.0
208.0,224.0,198.0,178.0,174.0
139.0,102.0,139.0,0.0,173.0
146.0,140.0,164.0,118.0,171.0
125.0,92.0,107.0,156.0,163.0
190.0,161.0,164.0,113.0,142.0
135.0,153.0,153.0,129.0,161.0
138.0,125.0,128.0,159.0,132.0
152.0,148.0,154.0,143.0,134.0
162.0,176.0,171.0,153.0,159.0
123.0,130.0,144.0,127.0,83.0
90.0,126.0,120.0,153.0,125.0
140.0,90.0,148.0,126.0,108.0
155.0,164.0,127.0,150.0,120.0
131.0,142.0,129.0,127.0,159.0
146.0,130.0,167.0,102.0,146.0
152.0,110.0,195.0,170.0,126.0
186.0,154.0,166.0,116.0,157.0
93.0,146.0,216.0,172.0,158.0
125.0,69.0,125.0,173.0,125.0
184.0,169.0,202.0,160.0,166.0
174.0,157.0,213.0,172.0,188.0
127.0,84.0,142.0,150.0,161.0
161.0,149.0,147.0,73.0,153.0
133.0,122.0,114.0,129.0,134.0
116.0,118.0,137.0,134.0,153.0
171.0,167.0,160.0,125.0,147.0
190.0,0.0,144.0,181.0,0.0
199.0,192.0,202.0,176.0,152.0
130.0,116.0,152.0,133.0,119.0
110.0,139.0,180.0,167.0,147.0
124.0,132.0,130.0,127.0,105.0
191.0,185.0,162.0,120.0,127.0
155.0,132.0,139.0,159.0,135.0
164.0,192.0,160.0,154.0,189.0
148.0,157.0,148.0,170.0,155.0
186.0,129.0,193.0,148.0,174.0
102.0,76.0,135.0,85.0,110.0
165.0,163.0,164.0,129.0,152.0
153.0,155.0,197.0,175.0,91.0
170.0,191.0,176.0,152.0,123.0
128.0,122.0,104.0,162.0,105.0
139.0,134.0,150.0,178.0,129.0
146.0,125.0,134.0,166.0,84.0
171.0,163.0,185.0,0.0,116.0
145.0,157.0,141.0,130.0,119.0
149.0,130.0,156.0,175.0,128.0
155.0,141.0,175.0,151.0,83.0
195.0,180.0,187.0,168.0,186.0
156.0,132.0,125.0,151.0,141.0
152.0,168.0,186.0,169.0,143.0
190.0,202.0,200.0,122.0,178.0
129.0,117.0,129.0,111.0,110.0
136.0,112.0,133.0,123.0,117.0
130.0,176.0,115.0,170.0,90.0
158.0,148.0,134.0,0.0,113.0
165.0,167.0,162.0,136.0,179.0
195.0,194.0,192.0,300.0,206.0
101.0,76.0,84.0,87.0,83.0
166.0,104.0,127.0,121.0,181.0
145.0,115.0,153.0,122.0,144.0
120.0,118.0,137.0,119.0,117.0
193.0,183.0,184.0,162.0,187.0
120.0,159.0,149.0,161.0,146.0
129.0,79.0,140.0,162.0,157.0
119.0,99.0,114.0,89.0,78.0
153.0,140.0,163.0,129.0,171.0
105.0,82.0,166.0,143.0,130.0
115.0,101.0,121.0,120.0,114.0
161.0,129.0,130.0,172.0,124.0
188.0,182.0,196.0,150.0,173.0
98.0,135.0,160.0,168.0,159.0
168.0,177.0,183.0,146.0,176.0
152.0,174.0,188.0,119.0,116.0
127.0,107.0,134.0,0.0,130.0
159.0,139.0,201.0,118.0,165.0
200.0,184.0,214.0,196.0,154.0
198.0,209.0,225.0,157.0,173.0
101.0,98.0,105.0,120.0,92.0
111.0,108.0,147.0,122.0,134.0
155.0,154.0,149.0,173.0,153.0
148.0,136.0,137.0,123.0,155.0
121.0,125.0,122.0,152.0,167.0
198.0,205.0,215.0,171.0,164.0
189.0,152.0,169.0,150.0,134.0
142.0,155.0,177.0,172.0,162.0
105.0,150.0,172.0,154.0,126.0
130.0,131.0,120.0,140.0,136.0
165.0,169.0,165.0,149.0,165.0
158.0,119.0,123.0,128.0,104.0
200.0,181.0,172.0,158.0,160.0
166.0,189.0,176.0,151.0,169.0
183.0,173.0,185.0,163.0,181.0
210.0,214.0,230.0,165.0,185.0
170.0,141.0,160.0,110.0,153.0
106.0,110.0,109.0,173.0,87.0
152.0,122.0,128.0,147.0,143.0
178.0,193.0,168.0,134.0,171.0
169.0,171.0,166.0,182.0,166.0
155.0,162.0,190.0,151.0,153.0
133.0,138.0,172.0,180.0,144.0
104.0,130.0,162.0,120.0,105.0
191.0,171.0,162.0,173.0,179.0
140.0,136.0,155.0,181.0,129.0
161.0,187.0,168.0,150.0,112.0
152.0,146.0,175.0,151.0,183.0
163.0,149.0,149.0,148.0,130.0
137.0,146.0,173.0,176.0,127.0
197.0,141.0,122.0,160.0,161.0
148.0,135.0,157.0,137.0,208.0
144.0,117.0,115.0,80.0,93.0
99.0,86.0,127.0,0.0,111.0
139.0,129.0,146.0,124.0,134.0
178.0,175.0,166.0,146.0,173.0
96.0,126.0,112.0,0.0,127.0
156.0,161.0,148.0,127.0,189.0
148.0,125.0,145.0,115.0,109.0
128.0,89.0,83.0,124.0,121.0
138.0,151.0,141.0,144.0,169.0
142.0,115.0,163.0,121.0,145.0
128.0,118.0,149.0,114.0,143.0
146.0,117.0,199.0,110.0,163.0
138.0,98.0,130.0,80.0,100.0
209.0,200.0,206.0,144.0,161.0
147.0,163.0,132.0,123.0,144.0
136.0,116.0,130.0,0.0,108.0
140.0,151.0,154.0,118.0,156.0
152.0,178.0,146.0,150.0,170.0
112.0,107.0,122.0,104.0,115.0
128.0,118.0,129.0,0.0,143.0
106.0,104.0,149.0,166.0,127.0
166.0,179.0,201.0,115.0,160.0
173.0,131.0,130.0,115.0,153.0
219.0,202.0,204.0,155.0,204.0
93.0,79.0,133.0,73.0,102.0
122.0,136.0,120.0,148.0,133.0
141.0,127.0,114.0,128.0,126.0
135.0,136.0,143.0,113.0,104.0
128.0,128.0,140.0,158.0,86.0
119.0,161.0,142.0,181.0,134.0
129.0,169.0,139.0,0.0,139.0
195.0,193.0,196.0,146.0,218.0
177.0,119.0,114.0,152.0,147.0
159.0,164.0,176.0,114.0,103.0
187.0,171.0,193.0,121.0,198.0
193.0,211.0,203.0,135.0,168.0
192.0,150.0,97.0,147.0,153.0
163.0,169.0,160.0,130.0,159.0
166.0,129.0,178.0,171.0,148.0
156.0,180.0,120.0,164.0,156.0
166.0,188.0,140.0,169.0,153.0
145.0,117.0,125.0,120.0,122.0
151.0,119.0,109.0,112.0,117.0
112.0,107.0,146.0,163.0,119.0
149.0,138.0,131.0,145.0,125.0
126.0,151.0,170.0,116.0,182.0
197.0,186.0,156.0,148.0,172.0
150.0,148.0,161.0,0.0,109.0
129.0,134.0,184.0,141.0,158.0
174.0,175.0,127.0,164.0,91.0
109.0,101.0,110.0,106.0,110.0
144.0,190.0,172.0,117.0,162.0
105.0,140.0,126.0,135.0,159.0
170.0,181.0,159.0,153.0,151.0
144.0,180.0,195.0,145.0,153.0
154.0,166.0,127.0,177.0,117.0
170.0,171.0,174.0,145.0,179.0
162.0,127.0,184.0,173.0,116.0
164.0,151.0,196.0,115.0,136.0
204.0,224.0,230.0,175.0,175.0
180.0,173.0,138.0,144.0,135.0
101.0,110.0,109.0,0.0,139.0
149.0,121.0,106.0,174.0,122.0
175.0,120.0,119.0,165.0,187.0
139.0,134.0,135.0,151.0,130.0
139.0,143.0,119.0,156.0,116.0
181.0,136.0,151.0,140.0,177.0
130.0,157.0,159.0,146.0,128.0
113.0,147.0,170.0,154.0,117.0
147.0,149.0,147.0,144.0,111.0
100.0,106.0,146.0,129.0,112.0
208.0,161.0,180.0,165.0,165.0
151.0,166.0,152.0,169.0,149.0
114.0,120.0,157.0,156.0,109.0
171.0,166.0,181.0,165.0,197.0
129.0,120.0,122.0,131.0,129.0
127.0,90.0,131.0,155.0,131.0
187.0,130.0,169.0,162.0,149.0
191.0,184.0,163.0,164.0,154.0
132.0,146.0,107.0,0.0,113.0
167.0,187.0,155.0,81.0,177.0
135.0,137.0,126.0,0.0,130.0
212.0,191.0,159.0,133.0,105.0
94.0,136.0,165.0,105.0,76.0
135.0,139.0,163.0,159.0,155.0
179.0,161.0,159.0,154.0,113.0
170.0,152.0,169.0,163.0,181.0
162.0,143.0,120.0,113.0,147.0
146.0,142.0,174.0,163.0,126.0
159.0,140.0,167.0,154.0,168.0
130.0,131.0,95.0,0.0,133.0
171.0,136.0,128.0,119.0,139.0
98.0,108.0,100.0,104.0,108.0
166.0,160.0,126.0,173.0,121.0
163.0,199.0,201.0,110.0,155.0
202.0,181.0,128.0,154.0,169.0
122.0,151.0,146.0,125.0,129.0
110.0,101.0,150.0,126.0,137.0
138.0,143.0,183.0,114.0,143.0
179.0,157.0,177.0,154.0,108.0
125.0,133.0,162.0,173.0,131.0
149.0,158.0,160.0,124.0,158.0
123.0,159.0,174.0,157.0,153.0
126.0,147.0,99.0,131.0,112.0
138.0,131.0,151.0,149.0,149.0
163.0,165.0,167.0,126.0,157.0
150.0,165.0,173.0,104.0,159.0
141.0,145.0,182.0,163.0,142.0
175.0,206.0,209.0,156.0,198.0
155.0,155.0,127.0,124.0,133.0
163.0,157.0,155.0,127.0,146.0
137.0,115.0,134.0,0.0,128.0
118.0,143.0,122.0,91.0,103.0
201.0,205.0,208.0,151.0,137.0
150.0,110.0,138.0,126.0,137.0
123.0,123.0,143.0,149.0,110.0
181.0,184.0,167.0,128.0,161.0
104.0,110.0,117.0,147.0,95.0
134.0,144.0,134.0,118.0,143.0
102.0,105.0,125.0,127.0,99.0
166.0,133.0,139.0,180.0,161.0
133.0,100.0,194.0,127.0,191.0
179.0,186.0,169.0,145.0,190.0
126.0,118.0,145.0,128.0,173.0
155.0,114.0,183.0,124.0,146.0
135.0,131.0,125.0,143.0,124.0
147.0,141.0,165.0,144.0,149.0
167.0,181.0,160.0,185.0,157.0
135.0,91.0,101.0,115.0,102.0
165.0,164.0,158.0,167.0,135.0
176.0,165.0,202.0,123.0,229.0
186.0,194.0,209.0,177.0,201.0
157.0,110.0,184.0,118.0,94.0
143.0,186.0,138.0,142.0,157.0
163.0,119.0,200.0,154.0,181.0
158.0,171.0,152.0,141.0,149.0
140.0,124.0,161.0,145.0,91.0
182.0,163.0,184.0,142.0,162.0
116.0,113.0,122.0,133.0,107.0
119.0,163.0,101.0,173.0,122.0
99.0,108.0,98.0,145.0,94.0
144.0,122.0,112.0,117.0,100.0
171.0,154.0,151.0,154.0,128.0
183.0,180.0,173.0,158.0,158.0
141.0,165.0,181.0,158.0,138.0
98.0,100.0,122.0,128.0,91.0
113.0,96.0,97.0,129.0,88.0
225.0,231.0,198.0,175.0,225.0
201.0,171.0,168.0,0.0,173.0
197.0,195.0,204.0,113.0,190.0
170.0,157.0,196.0,115.0,174.0
131.0,105.0,130.0,96.0,132.0
198.0,177.0,196.0,143.0,169.0
154.0,168.0,179.0,128.0,108.0
166.0,150.0,141.0,201.0,158.0
164.0,148.0,140.0,119.0,157.0
130.0,126.0,165.0,149.0,137.0
108.0,134.0,169.0,120.0,153.0
111.0,118.0,111.0,125.0,103.0
135.0,158.0,148.0,163.0,126.0
111.0,77.0,112.0,177.0,76.0
139.0,133.0,113.0,146.0,121.0
167.0,150.0,173.0,180.0,163.0
95.0,96.0,145.0,108.0,90.0
217.0,213.0,300.0,175.0,196.0
166.0,142.0,146.0,150.0,149.0
139.0,177.0,189.0,151.0,116.0
121.0,133.0,130.0,149.0,96.0
123.0,93.0,138.0,113.0,106.0
104.0,92.0,150.0,118.0,165.0
149.0,177.0,117.0,0.0,162.0
172.0,157.0,184.0,162.0,199.0
192.0,157.0,164.0,160.0,153.0
179.0,155.0,145.0,156.0,141.0
138.0,157.0,118.0,142.0,134.0
209.0,213.0,224.0,161.0,195.0
138.0,146.0,155.0,124.0,129.0
173.0,196.0,191.0,167.0,174.0
157.0,136.0,131.0,203.0,139.0
110.0,121.0,119.0,132.0,134.0
110.0,117.0,136.0,0.0,117.0
104.0,121.0,121.0,102.0,144.0
175.0,193.0,189.0,151.0,156.0
197.0,122.0,209.0,158.0,149.0
150.0,150.0,202.0,164.0,146.0
134.0,140.0,130.0,122.0,101.0
126.0,94.0,101.0,165.0,87.0
134.0,143.0,124.0,145.0,96.0
178.0,169.0,155.0,159.0,177.0
141.0,105.0,117.0,170.0,129.0
153.0,147.0,149.0,169.0,175.0
173.0,193.0,119.0,174.0,137.0
104.0,88.0,113.0,123.0,106.0
171.0,140.0,201.0,166.0,176.0
131.0,162.0,149.0,116.0,129.0
149.0,156.0,135.0,156.0,149.0
154.0,136.0,116.0,146.0,117.0
153.0,111.0,156.0,0.0,182.0
144.0,120.0,118.0,0.0,94.0
133.0,141.0,145.0,123.0,104.0
115.0,122.0,135.0,139.0,144.0
159.0,179.0,163.0,126.0,184.0
185.0,170.0,159.0,164.0,188.0
134.0,130.0,124.0,116.0,127.0
167.0,134.0,177.0,125.0,159.0
185.0,141.0,202.0,170.0,156.0
300.0,210.0,216.0,130.0,216.0
123.0,92.0,133.0,121.0,136.0
173.0,171.0,149.0,0.0,142.0
181.0,129.0,183.0,153.0,151.0
126.0,101.0,134.0,153.0,174.0
162.0,145.0,133.0,122.0,124.0
80.0,104.0,212.0,179.0,130.0
184.0,170.0,156.0,118.0,147.0
141.0,102.0,117.0,114.0,110.0
101.0,90.0,111.0,116.0,96.0
166.0,167.0,194.0,136.0,169.0
139.0,136.0,139.0,164.0,117.0
188.0,142.0,139.0,149.0,175.0
147.0,141.0,169.0,116.0,148.0
108.0,99.0,113.0,69.0,137.0
151.0,148.0,205.0,175.0,167.0
183.0,194.0,141.0,169.0,181.0
149.0,145.0,159.0,148.0,149.0
122.0,162.0,115.0,175.0,116.0
157.0,144.0,153.0,192.0,182.0
177.0,153.0,165.0,180.0,152.0
156.0,119.0,136.0,175.0,133.0
159.0,173.0,189.0,177.0,101.0
176.0,196.0,161.0,125.0,179.0
146.0,103.0,163.0,139.0,185.0
157.0,158.0,157.0,147.0,154.0
160.0,162.0,171.0,186.0,155.0
155.0,153.0,183.0,0.0,129.0
186.0,162.0,160.0,142.0,109.0
77.0,104.0,186.0,122.0,102.0
190.0,199.0,196.0,114.0,172.0
125.0,128.0,147.0,173.0,122.0
108.0,98.0,127.0,160.0,128.0
114.0,83.0,122.0,109.0,124.0
123.0,121.0,140.0,149.0,120.0
107.0,118.0,127.0,110.0,119.0
172.0,136.0,107.0,172.0,126.0
119.0,129.0,135.0,170.0,96.0
115.0,99.0,136.0,125.0,111.0
173.0,163.0,176.0,118.0,128.0
104.0,115.0,102.0,119.0,107.0
117.0,148.0,188.0,172.0,127.0
183.0,152.0,156.0,155.0,150.0
146.0,140.0,167.0,174.0,117.0
198.0,193.0,207.0,128.0,148.0
124.0,116.0,126.0,95.0,102.0
149.0,151.0,145.0,124.0,137.0
150.0,153.0,158.0,123.0,149.0
149.0,124.0,144.0,150.0,147.0
149.0,150.0,108.0,129.0,113.0
147.0,144.0,132.0,172.0,126.0
168.0,158.0,152.0,175.0,183.0
84.0,120.0,122.0,0.0,108.0
184.0,186.0,173.0,131.0,162.0
198.0,183.0,194.0,141.0,130.0
125.0,121.0,137.0,151.0,115.0
128.0,78.0,132.0,118.0,124.0
129.0,109.0,170.0,129.0,169.0
170.0,134.0,124.0,147.0,110.0
174.0,176.0,122.0,124.0,150.0
127.0,156.0,142.0,134.0,153.0
178.0,159.0,184.0,176.0,170.0
177.0,146.0,127.0,79.0,98.0
162.0,133.0,184.0,128.0,135.0
106.0,103.0,128.0,118.0,104.0
198.0,179.0,206.0,0.0,171.0
161.0,153.0,175.0,157.0,158.0
113.0,109.0,149.0,132.0,130.0
146.0,105.0,184.0,158.0,116.0
186.0,173.0,193.0,134.0,146.0
140.0,93.0,119.0,146.0,116.0
164.0,177.0,156.0,73.0,168.0
102.0,127.0,127.0,144.0,119.0
166.0,126.0,121.0,144.0,146.0
126.0,149.0,134.0,0.0,115.0
170.0,177.0,152.0,162.0,123.0
157.0,166.0,119.0,0.0,133.0
164.0,193.0,147.0,157.0,142.0
129.0,146.0,136.0,0.0,148.0
138.0,112.0,147.0,115.0,172.0
167.0,164.0,205.0,150.0,111.0
137.0,132.0,210.0,183.0,131.0
137.0,127.0,189.0,128.0,146.0
194.0,175.0,192.0,166.0,184.0
121.0,148.0,125.0,156.0,143.0
132.0,122.0,110.0,123.0,106.0
132.0,129.0,122.0,67.0,100.0
167.0,199.0,182.0,95.0,113.0
214.0,216.0,201.0,161.0,196.0
191.0,146.0,190.0,124.0,162.0
151.0,117.0,121.0,138.0,130.0
131.0,127.0,133.0,125.0,133.0
104.0,115.0,102.0,99.0,116.0
189.0,170.0,194.0,145.0,155.0
172.0,163.0,205.0,186.0,94.0
137.0,112.0,111.0,148.0,83.0
153.0,120.0,181.0,170.0,103.0
158.0,149.0,115.0,129.0,159.0
167.0,151.0,156.0,161.0,175.0
130.0,82.0,149.0,126.0,130.0
171.0,164.0,140.0,120.0,177.0
178.0,171.0,180.0,162.0,186.0
160.0,148.0,151.0,121.0,119.0
182.0,182.0,187.0,151.0,193.0
211.0,212.0,146.0,106.0,132.0
133.0,80.0,117.0,139.0,126.0
161.0,138.0,179.0,152.0,112.0
170.0,176.0,163.0,122.0,154.0
123.0,84.0,208.0,144.0,145.0
168.0,156.0,183.0,167.0,159.0
172.0,165.0,150.0,150.0,180.0
101.0,111.0,126.0,129.0,130.0
189.0,210.0,216.0,168.0,211.0
129.0,146.0,121.0,115.0,124.0
149.0,154.0,147.0,126.0,154.0
196.0,180.0,187.0,189.0,160.0
140.0,118.0,137.0,128.0,134.0
201.0,200.0,225.0,149.0,166.0
189.0,156.0,196.0,162.0,151.0
233.0,232.0,217.0,197.0,206.0
175.0,181.0,138.0,107.0,172.0
146.0,137.0,122.0,130.0,156.0
135.0,143.0,130.0,143.0,122.0
128.0,116.0,164.0,0.0,134.0
112.0,111.0,140.0,0.0,116.0
182.0,187.0,167.0,169.0,162.0
186.0,159.0,190.0,110.0,207.0
144.0,119.0,155.0,0.0,136.0
159.0,185.0,166.0,145.0,169.0
185.0,177.0,218.0,0.0,185.0
168.0,153.0,190.0,145.0,210.0
208.0,169.0,187.0,158.0,136.0
166.0,138.0,136.0,168.0,166.0
159.0,143.0,128.0,131.0,121.0
156.0,113.0,170.0,113.0,113.0
114.0,116.0,121.0,84.0,101.0
175.0,187.0,147.0,168.0,142.0
156.0,177.0,130.0,83.0,112.0
88.0,82.0,161.0,188.0,127.0
185.0,173.0,192.0,172.0,120.0
199.0,179.0,187.0,160.0,187.0
175.0,174.0,191.0,0.0,185.0
163.0,172.0,95.0,118.0,136.0
151.0,120.0,138.0,134.0,144.0
133.0,131.0,128.0,0.0,158.0
160.0,131.0,140.0,125.0,130.0
197.0,167.0,155.0,119.0,177.0
181.0,169.0,145.0,122.0,112.0
211.0,179.0,210.0,159.0,218.0
114.0,122.0,129.0,160.0,115.0
173.0,149.0,168.0,165.0,164.0
173.0,194.0,180.0,150.0,130.0
160.0,137.0,126.0,147.0,125.0
133.0,109.0,131.0,113.0,123.0
139.0,120.0,182.0,181.0,123.0
130.0,147.0,170.0,156.0,131.0
183.0,218.0,198.0,156.0,188.0
157.0,169.0,169.0,182.0,168.0
161.0,150.0,149.0,119.0,148.0
167.0,221.0,202.0,172.0,177.0
121.0,115.0,166.0,119.0,151.0
78.0,80.0,117.0,119.0,136.0
144.0,105.0,160.0,120.0,104.0
175.0,159.0,165.0,199.0,199.0
154.0,157.0,135.0,127.0,126.0
139.0,143.0,115.0,118.0,138.0
123.0,134.0,136.0,0.0,101.0
148.0,181.0,139.0,163.0,153.0
184.0,157.0,168.0,119.0,146.0
114.0,133.0,141.0,157.0,97.0
146.0,124.0,78.0,0.0,128.0
136.0,105.0,85.0,87.0,104.0
173.0,168.0,172.0,165.0,182.0
202.0,230.0,215.0,192.0,188.0
182.0,178.0,163.0,119.0,143.0
188.0,185.0,177.0,120.0,161.0
107.0,134.0,160.0,128.0,174.0
228.0,225.0,221.0,151.0,223.0
135.0,107.0,137.0,152.0,117.0
148.0,145.0,172.0,0.0,119.0
185.0,193.0,172.0,167.0,201.0
140.0,127.0,174.0,176.0,184.0
189.0,161.0,206.0,134.0,202.0
115.0,107.0,133.0,140.0,101.0
182.0,165.0,147.0,176.0,185.0
215.0,206.0,207.0,169.0,204.0
187.0,165.0,205.0,147.0,200.0
148.0,111.0,176.0,127.0,124.0
158.0,152.0,158.0,181.0,133.0
162.0,128.0,163.0,156.0,143.0
123.0,147.0,135.0,115.0,110.0
153.0,169.0,149.0,123.0,128.0
182.0,163.0,145.0,141.0,152.0
195.0,205.0,212.0,174.0,191.0
160.0,196.0,188.0,150.0,172.0
176.0,173.0,201.0,152.0,202.0
127.0,106.0,128.0,123.0,72.0
166.0,194.0,143.0,121.0,107.0
129.0,130.0,138.0,180.0,160.0
201.0,206.0,185.0,169.0,172.0
155.0,173.0,148.0,159.0,87.0
148.0,132.0,176.0,118.0,155.0
144.0,90.0,89.0,124.0,95.0
109.0,100.0,112.0,165.0,178.0
165.0,147.0,142.0,193.0,149.0
203.0,182.0,194.0,166.0,205.0
110.0,101.0,117.0,115.0,132.0
180.0,195.0,193.0,160.0,148.0
140.0,156.0,123.0,128.0,140.0
155.0,164.0,192.0,160.0,152.0
103.0,152.0,155.0,173.0,153.0
128.0,136.0,146.0,163.0,114.0
127.0,112.0,121.0,121.0,135.0
187.0,184.0,181.0,151.0,131.0
147.0,173.0,158.0,151.0,129.0
181.0,220.0,167.0,164.0,183.0
142.0,146.0,171.0,152.0,147.0
153.0,130.0,153.0,154.0,151.0
184.0,211.0,300.0,170.0,167.0
118.0,125.0,98.0,174.0,108.0
162.0,181.0,184.0,111.0,172.0
183.0,188.0,158.0,119.0,123.0
153.0,147.0,154.0,151.0,167.0
159.0,160.0,164.0,179.0,175.0
121.0,153.0,119.0,176.0,134.0
141.0,150.0,127.0,129.0,154.0
158.0,151.0,153.0,125.0,167.0
158.0,181.0,136.0,158.0,92.0
139.0,153.0,180.0,128.0,170.0
92.0,113.0,125.0,116.0,99.0
115.0,104.0,120.0,0.0,137.0
127.0,110.0,115.0,107.0,101.0
204.0,187.0,186.0,173.0,161.0
163.0,176.0,144.0,134.0,108.0
174.0,189.0,203.0,135.0,180.0
158.0,165.0,169.0,170.0,146.0
177.0,167.0,168.0,174.0,177.0
167.0,129.0,125.0,0.0,78.0
141.0,139.0,149.0,97.0,137.0
126.0,153.0,138.0,166.0,154.0
160.0,176.0,144.0,124.0,131.0
159.0,162.0,186.0,111.0,131.0
138.0,200.0,191.0,164.0,179.0
123.0,157.0,127.0,127.0,127.0
216.0,210.0,300.0,154.0,103.0
159.0,101.0,202.0,154.0,151.0
142.0,121.0,180.0,149.0,117.0
164.0,140.0,158.0,147.0,165.0
184.0,203.0,175.0,166.0,196.0
156.0,131.0,127.0,153.0,113.0
119.0,120.0,156.0,150.0,155.0
111.0,111.0,128.0,121.0,92.0
187.0,166.0,193.0,141.0,130.0
136.0,155.0,149.0,0.0,160.0
169.0,161.0,157.0,146.0,157.0
131.0,151.0,157.0,141.0,135.0
155.0,93.0,103.0,180.0,117.0
108.0,117.0,145.0,119.0,106.0
151.0,182.0,163.0,157.0,133.0
204.0,196.0,300.0,188.0,174.0
172.0,147.0,150.0,156.0,149.0
106.0,138.0,101.0,126.0,120.0
184.0,183.0,196.0,124.0,152.0
164.0,190.0,190.0,118.0,143.0
164.0,164.0,211.0,189.0,165.0
157.0,169.0,183.0,157.0,161.0
123.0,151.0,119.0,171.0,132.0
115.0,90.0,153.0,0.0,90.0
187.0,132.0,172.0,136.0,136.0
160.0,204.0,211.0,150.0,118.0
156.0,112.0,125.0,179.0,78.0
135.0,121.0,134.0,109.0,71.0
183.0,171.0,203.0,157.0,111.0
133.0,117.0,161.0,120.0,95.0
164.0,123.0,165.0,176.0,174.0
154.0,156.0,160.0,162.0,92.0
132.0,72.0,105.0,168.0,69.0
191.0,161.0,192.0,170.0,157.0
214.0,189.0,224.0,194.0,209.0
156.0,161.0,146.0,140.0,159.0
138.0,124.0,101.0,133.0,74.0
148.0,140.0,160.0,114.0,140.0
118.0,115.0,130.0,168.0,122.0
191.0,181.0,165.0,173.0,196.0
182.0,194.0,175.0,300.0,159.0
165.0,144.0,178.0,167.0,161.0
180.0,165.0,144.0,180.0,177.0
148.0,166.0,168.0,166.0,152.0
113.0,127.0,140.0,81.0,116.0
208.0,208.0,213.0,117.0,168.0
198.0,196.0,182.0,130.0,157.0
159.0,170.0,133.0,166.0,162.0
179.0,182.0,184.0,171.0,180.0
162.0,153.0,175.0,172.0,169.0
173.0,161.0,147.0,144.0,148.0
159.0,164.0,119.0,89.0,88.0
143.0,132.0,137.0,147.0,161.0
175.0,110.0,157.0,120.0,154.0
179.0,182.0,148.0,176.0,176.0
173.0,188.0,147.0,130.0,172.0
168.0,148.0,204.0,158.0,164.0
119.0,127.0,143.0,155.0,127.0
171.0,132.0,208.0,163.0,163.0
165.0,160.0,204.0,125.0,132.0
100.0,86.0,183.0,143.0,101.0
129.0,117.0,137.0,122.0,130.0
181.0,171.0,173.0,163.0,207.0
101.0,87.0,103.0,0.0,107.0
186.0,168.0,171.0,125.0,200.0
139.0,107.0,138.0,146.0,79.0
141.0,127.0,161.0,109.0,160.0
208.0,191.0,300.0,149.0,194.0
184.0,195.0,204.0,197.0,202.0
200.0,202.0,186.0,170.0,220.0
125.0,127.0,108.0,121.0,126.0
132.0,105.0,114.0,130.0,138.0
149.0,124.0,121.0,130.0,133.0
168.0,144.0,136.0,175.0,92.0
157.0,185.0,134.0,183.0,136.0
129.0,135.0,128.0,175.0,128.0
141.0,147.0,177.0,149.0,133.0
148.0,131.0,150.0,165.0,132.0
146.0,136.0,148.0,77.0,155.0
170.0,188.0,207.0,178.0,152.0
171.0,186.0,161.0,123.0,180.0
161.0,145.0,161.0,113.0,185.0
91.0,82.0,130.0,0.0,91.0
129.0,148.0,154.0,151.0,167.0
196.0,173.0,212.0,169.0,176.0
148.0,156.0,140.0,131.0,158.0
161.0,157.0,176.0,193.0,169.0
128.0,100.0,107.0,118.0,86.0
152.0,84.0,127.0,130.0,110.0
143.0,116.0,155.0,158.0,129.0
160.0,150.0,171.0,168.0,123.0
118.0,99.0,160.0,148.0,111.0
149.0,186.0,152.0,170.0,144.0
100.0,89.0,126.0,113.0,110.0
180.0,205.0,211.0,178.0,198.0
178.0,117.0,167.0,168.0,113.0
109.0,99.0,109.0,104.0,93.0
155.0,159.0,139.0,153.0,85.0
173.0,165.0,178.0,143.0,138.0
179.0,168.0,152.0,170.0,166.0
123.0,144.0,191.0,175.0,182.0
160.0,150.0,152.0,127.0,148.0
124.0,143.0,155.0,138.0,152.0
160.0,137.0,120.0,124.0,176.0
185.0,153.0,156.0,113.0,114.0
167.0,166.0,169.0,162.0,161.0
77.0,96.0,155.0,166.0,143.0
132.0,132.0,105.0,85.0,137.0
175.0,180.0,155.0,122.0,164.0
178.0,168.0,157.0,140.0,149.0
157.0,164.0,157.0,157.0,143.0
153.0,139.0,155.0,124.0,117.0
109.0,106.0,105.0,78.0,128.0
156.0,139.0,133.0,154.0,148.0
119.0,113.0,140.0,162.0,148.0
139.0,139.0,166.0,161.0,134.0
183.0,193.0,212.0,156.0,164.0
173.0,157.0,171.0,147.0,97.0
171.0,154.0,154.0,152.0,144.0
129.0,129.0,120.0,129.0,143.0
134.0,153.0,151.0,150.0,134.0
132.0,114.0,148.0,136.0,103.0
114.0,94.0,107.0,151.0,95.0
129.0,114.0,145.0,111.0,131.0
177.0,177.0,166.0,159.0,175.0
205.0,191.0,181.0,159.0,184.0
139.0,153.0,123.0,150.0,104.0
136.0,73.0,132.0,125.0,124.0
183.0,166.0,159.0,146.0,139.0
156.0,146.0,161.0,170.0,167.0
161.0,136.0,152.0,116.0,152.0
119.0,113.0,111.0,0.0,124.0
172.0,148.0,158.0,121.0,107.0
180.0,191.0,203.0,141.0,150.0
122.0,84.0,192.0,144.0,192.0
187.0,182.0,176.0,145.0,163.0
134.0,115.0,113.0,177.0,110.0
133.0,128.0,149.0,125.0,153.0
172.0,167.0,167.0,170.0,130.0
118.0,120.0,155.0,122.0,139.0
176.0,149.0,174.0,171.0,134.0
189.0,189.0,189.0,157.0,173.0
157.0,124.0,136.0,146.0,141.0
144.0,161.0,139.0,161.0,157.0
143.0,145.0,137.0,131.0,147.0
142.0,103.0,163.0,171.0,136.0
140.0,158.0,105.0,173.0,152.0
167.0,180.0,159.0,154.0,167.0
172.0,152.0,165.0,151.0,197.0
158.0,134.0,110.0,0.0,148.0
176.0,150.0,172.0,163.0,154.0
188.0,171.0,183.0,154.0,179.0
122.0,137.0,200.0,131.0,172.0
191.0,190.0,194.0,131.0,173.0
117.0,132.0,129.0,137.0,139.0
151.0,156.0,170.0,119.0,143.0
156.0,124.0,152.0,159.0,130.0
205.0,300.0,198.0,169.0,224.0
193.0,182.0,185.0,126.0,179.0
147.0,189.0,117.0,153.0,149.0
184.0,196.0,177.0,191.0,138.0
195.0,176.0,193.0,172.0,184.0
175.0,182.0,180.0,111.0,159.0
147.0,158.0,150.0,169.0,105.0
159.0,165.0,115.0,188.0,160.0
162.0,157.0,127.0,161.0,110.0
173.0,190.0,171.0,124.0,143.0
134.0,122.0,140.0,128.0,126.0
175.0,145.0,147.0,117.0,159.0
162.0,188.0,177.0,164.0,154.0
159.0,138.0,159.0,144.0,159.0
154.0,126.0,160.0,129.0,138.0
176.0,184.0,164.0,166.0,145.0
171.0,186.0,193.0,0.0,151.0
195.0,162.0,200.0,140.0,166.0
186.0,164.0,189.0,197.0,131.0
113.0,114.0,144.0,147.0,100.0
101.0,109.0,127.0,125.0,107.0
191.0,161.0,200.0,150.0,209.0
121.0,103.0,132.0,123.0,147.0
146.0,168.0,185.0,166.0,180.0
160.0,134.0,169.0,114.0,155.0
135.0,82.0,113.0,132.0,102.0
175.0,159.0,131.0,173.0,148.0
152.0,184.0,159.0,136.0,180.0
197.0,178.0,170.0,142.0,187.0
209.0,204.0,192.0,204.0,219.0
91.0,134.0,105.0,157.0,82.0
102.0,103.0,121.0,132.0,97.0
132.0,172.0,208.0,127.0,152.0
111.0,167.0,115.0,161.0,152.0
154.0,180.0,155.0,115.0,171.0
133.0,142.0,149.0,112.0,106.0
167.0,129.0,175.0,133.0,174.0
160.0,173.0,181.0,160.0,105.0
135.0,95.0,111.0,136.0,120.0
136.0,132.0,146.0,122.0,154.0
109.0,82.0,131.0,119.0,149.0
176.0,165.0,200.0,161.0,167.0
144.0,102.0,101.0,300.0,147.0
142.0,130.0,152.0,164.0,160.0
130.0,115.0,126.0,123.0,122.0
210.0,195.0,186.0,167.0,173.0
206.0,178.0,172.0,161.0,196.0
130.0,108.0,132.0,151.0,140.0
131.0,160.0,152.0,173.0,143.0
163.0,182.0,178.0,122.0,159.0
165.0,97.0,189.0,129.0,161.0
163.0,194.0,138.0,113.0,113.0
184.0,152.0,147.0,117.0,192.0
129.0,149.0,166.0,157.0,158.0
188.0,154.0,193.0,115.0,175.0
123.0,146.0,163.0,162.0,139.0
95.0,87.0,127.0,79.0,122.0
169.0,156.0,105.0,116.0,192.0
141.0,80.0,101.0,109.0,79.0
96.0,84.0,137.0,0.0,167.0
137.0,117.0,120.0,113.0,134.0
185.0,171.0,166.0,158.0,180.0
101.0,133.0,106.0,141.0,139.0
155.0,143.0,212.0,147.0,134.0
126.0,122.0,141.0,113.0,124.0
111.0,117.0,143.0,127.0,114.0
175.0,151.0,197.0,160.0,156.0
197.0,198.0,227.0,173.0,158.0
104.0,84.0,133.0,153.0,83.0
135.0,85.0,168.0,152.0,87.0
150.0,132.0,156.0,0.0,182.0
136.0,124.0,187.0,77.0,142.0
172.0,146.0,197.0,152.0,182.0
123.0,96.0,122.0,135.0,97.0
189.0,177.0,166.0,154.0,163.0
216.0,202.0,194.0,169.0,197.0
143.0,139.0,145.0,154.0,170.0
0.0,0.0,0.0,0.0,0.0
105.0,68.0,139.0,113.0,132.0
139.0,101.0,131.0,120.0,124.0
107.0,69.0,159.0,120.0,118.0
170.0,159.0,143.0,129.0,139.0
153.0,116.0,146.0,168.0,158.0
171.0,174.0,149.0,120.0,120.0
166.0,162.0,152.0,118.0,161.0
131.0,133.0,103.0,0.0,118.0
185.0,188.0,210.0,167.0,150.0
178.0,156.0,138.0,170.0,198.0
167.0,151.0,221.0,165.0,186.0
126.0,145.0,173.0,133.0,121.0
128.0,154.0,146.0,176.0,129.0
127.0,81.0,116.0,180.0,149.0
159.0,164.0,164.0,177.0,138.0
159.0,176.0,157.0,127.0,147.0
213.0,187.0,219.0,190.0,162.0
186.0,149.0,175.0,178.0,144.0
118.0,86.0,96.0,133.0,145.0
143.0,175.0,121.0,158.0,142.0
121.0,119.0,123.0,162.0,106.0
175.0,158.0,164.0,155.0,162.0
157.0,126.0,141.0,178.0,109.0
135.0,98.0,173.0,0.0,128.0
117.0,104.0,113.0,0.0,124.0
232.0,166.0,300.0,111.0,203.0
106.0,131.0,154.0,173.0,171.0
143.0,109.0,136.0,129.0,98.0
171.0,179.0,144.0,125.0,138.0
178.0,129.0,150.0,149.0,176.0
120.0,138.0,116.0,179.0,118.0
148.0,148.0,154.0,119.0,134.0
162.0,157.0,176.0,121.0,204.0
125.0,152.0,148.0,138.0,142.0
133.0,162.0,148.0,104.0,120.0
160.0,130.0,120.0,173.0,172.0
193.0,208.0,171.0,0.0,199.0
174.0,162.0,166.0,121.0,188.0
195.0,228.0,300.0,176.0,142.0
180.0,167.0,163.0,0.0,136.0
187.0,182.0,205.0,139.0,207.0
180.0,176.0,159.0,0.0,105.0
166.0,165.0,192.0,192.0,161.0
159.0,98.0,110.0,0.0,108.0
183.0,132.0,184.0,131.0,164.0
124.0,148.0,140.0,0.0,152.0
158.0,130.0,124.0,156.0,128.0
147.0,138.0,156.0,132.0,118.0
165.0,190.0,107.0,0.0,190.0
122.0,95.0,119.0,160.0,163.0
103.0,127.0,102.0,134.0,95.0
149.0,134.0,163.0,118.0,145.0
144.0,143.0,139.0,169.0,167.0
212.0,214.0,203.0,125.0,209.0
212.0,187.0,191.0,164.0,213.0
172.0,224.0,125.0,177.0,177.0
164.0,132.0,209.0,300.0,167.0
93.0,75.0,85.0,169.0,185.0
143.0,128.0,102.0,113.0,105.0
191.0,150.0,151.0,146.0,181.0
157.0,168.0,138.0,128.0,137.0
127.0,161.0,167.0,165.0,165.0
158.0,140.0,172.0,122.0,129.0
184.0,145.0,172.0,156.0,172.0
161.0,186.0,162.0,127.0,188.0
172.0,199.0,146.0,126.0,180.0
103.0,121.0,128.0,131.0,150.0
134.0,142.0,118.0,172.0,133.0
142.0,157.0,163.0,154.0,130.0
185.0,210.0,224.0,154.0,194.0
147.0,87.0,119.0,123.0,151.0
99.0,110.0,119.0,144.0,124.0
152.0,133.0,161.0,127.0,107.0
124.0,147.0,84.0,169.0,89.0
132.0,103.0,156.0,155.0,144.0
215.0,184.0,185.0,187.0,182.0
177.0,168.0,171.0,153.0,146.0
122.0,142.0,147.0,169.0,119.0
184.0,159.0,197.0,148.0,184.0
87.0,93.0,137.0,158.0,92.0
180.0,139.0,173.0,183.0,149.0
128.0,165.0,173.0,113.0,156.0
125.0,128.0,146.0,119.0,148.0
108.0,122.0,140.0,113.0,110.0
156.0,87.0,125.0,162.0,152.0
155.0,103.0,149.0,148.0,111.0
138.0,162.0,158.0,167.0,122.0
156.0,145.0,124.0,93.0,158.0
161.0,163.0,154.0,125.0,127.0
140.0,129.0,109.0,138.0,138.0
107.0,109.0,116.0,122.0,107.0
201.0,191.0,159.0,166.0,191.0
207.0,185.0,130.0,120.0,179.0
149.0,127.0,116.0,81.0,115.0
112.0,137.0,144.0,181.0,135.0
167.0,171.0,143.0,137.0,155.0
181.0,169.0,163.0,165.0,183.0
161.0,145.0,176.0,128.0,180.0
136.0,133.0,139.0,79.0,142.0
182.0,149.0,148.0,145.0,130.0
168.0,151.0,180.0,165.0,197.0
165.0,145.0,156.0,127.0,147.0
106.0,118.0,114.0,139.0,107.0
187.0,170.0,177.0,123.0,146.0
131.0,159.0,139.0,120.0,175.0
170.0,138.0,157.0,165.0,184.0
171.0,186.0,198.0,176.0,162.0
152.0,75.0,161.0,126.0,131.0
138.0,129.0,145.0,112.0,133.0
185.0,161.0,152.0,164.0,135.0
129.0,135.0,134.0,114.0,157.0
153.0,151.0,185.0,122.0,168.0
154.0,142.0,117.0,146.0,137.0
199.0,186.0,194.0,135.0,147.0
137.0,139.0,179.0,146.0,106.0
145.0,148.0,131.0,117.0,117.0
166.0,138.0,106.0,94.0,131.0
225.0,230.0,217.0,190.0,227.0
149.0,112.0,131.0,149.0,145.0
187.0,167.0,193.0,161.0,184.0
186.0,208.0,185.0,170.0,188.0
93.0,84.0,122.0,128.0,119.0
168.0,134.0,159.0,176.0,168.0
189.0,137.0,132.0,134.0,156.0
108.0,103.0,123.0,124.0,93.0
177.0,177.0,189.0,163.0,176.0
167.0,171.0,183.0,162.0,174.0
151.0,130.0,143.0,170.0,108.0
114.0,99.0,137.0,147.0,154.0
140.0,132.0,118.0,118.0,157.0
172.0,171.0,183.0,126.0,93.0
108.0,100.0,186.0,166.0,143.0
82.0,102.0,78.0,157.0,100.0
139.0,128.0,153.0,148.0,160.0
163.0,155.0,186.0,0.0,176.0
192.0,131.0,142.0,118.0,156.0
143.0,104.0,160.0,180.0,149.0
158.0,131.0,204.0,0.0,127.0
126.0,91.0,119.0,151.0,178.0
155.0,112.0,150.0,166.0,181.0
166.0,188.0,154.0,153.0,96.0
154.0,141.0,104.0,0.0,146.0
136.0,109.0,122.0,126.0,100.0
120.0,114.0,144.0,128.0,167.0
156.0,128.0,196.0,166.0,77.0
149.0,132.0,130.0,179.0,117.0
154.0,150.0,153.0,169.0,190.0
190.0,199.0,211.0,160.0,172.0
107.0,95.0,120.0,129.0,72.0
178.0,172.0,193.0,109.0,181.0
157.0,159.0,123.0,110.0,156.0
162.0,118.0,168.0,125.0,137.0
197.0,188.0,208.0,188.0,183.0
153.0,135.0,105.0,0.0,132.0
179.0,205.0,217.0,180.0,191.0
164.0,162.0,123.0,123.0,137.0
212.0,190.0,209.0,123.0,138.0
189.0,190.0,212.0,173.0,196.0
158.0,122.0,178.0,154.0,118.0
165.0,203.0,177.0,169.0,150.0
176.0,162.0,167.0,156.0,145.0
177.0,179.0,191.0,171.0,207.0
189.0,115.0,163.0,166.0,174.0
182.0,152.0,146.0,123.0,139.0
142.0,142.0,130.0,169.0,151.0
85.0,105.0,132.0,87.0,119.0
143.0,154.0,118.0,0.0,103.0
157.0,174.0,168.0,144.0,189.0
154.0,73.0,155.0,158.0,185.0
118.0,94.0,118.0,0.0,90.0
101.0,105.0,118.0,163.0,68.0
135.0,94.0,198.0,95.0,165.0
185.0,148.0,199.0,142.0,150.0
149.0,186.0,196.0,118.0,173.0
116.0,113.0,105.0,143.0,118.0
132.0,147.0,152.0,130.0,129.0
139.0,131.0,119.0,145.0,92.0
152.0,140.0,116.0,0.0,159.0
142.0,125.0,133.0,114.0,130.0
175.0,204.0,201.0,141.0,185.0
181.0,178.0,151.0,149.0,147.0
141.0,142.0,136.0,115.0,92.0
150.0,162.0,168.0,126.0,186.0
149.0,160.0,172.0,98.0,140.0
172.0,161.0,160.0,115.0,182.0
128.0,124.0,150.0,128.0,104.0
158.0,128.0,149.0,191.0,112.0
116.0,106.0,166.0,0.0,126.0
153.0,158.0,139.0,123.0,131.0
145.0,160.0,171.0,126.0,152.0
146.0,144.0,106.0,154.0,160.0
183.0,196.0,187.0,300.0,177.0
165.0,189.0,160.0,154.0,113.0
162.0,176.0,169.0,79.0,146.0
193.0,148.0,147.0,167.0,166.0
148.0,83.0,152.0,116.0,104.0
153.0,159.0,168.0,164.0,142.0
126.0,112.0,195.0,181.0,195.0
103.0,114.0,138.0,180.0,144.0
164.0,189.0,166.0,178.0,177.0
161.0,116.0,175.0,165.0,186.0
198.0,204.0,300.0,188.0,189.0
114.0,114.0,137.0,121.0,113.0
200.0,170.0,160.0,161.0,143.0
137.0,145.0,142.0,162.0,128.0
125.0,108.0,152.0,120.0,109.0
169.0,155.0,137.0,0.0,139.0
183.0,194.0,159.0,167.0,184.0
131.0,136.0,139.0,141.0,137.0
0.0,111.0,157.0,0.0,0.0
208.0,215.0,211.0,121.0,205.0
205.0,183.0,186.0,191.0,152.0
179.0,186.0,217.0,136.0,182.0
197.0,176.0,300.0,164.0,175.0
130.0,124.0,122.0,88.0,107.0
118.0,91.0,125.0,175.0,123.0
140.0,148.0,140.0,155.0,151.0
161.0,148.0,179.0,165.0,130.0
162.0,107.0,176.0,156.0,96.0
77.0,126.0,118.0,112.0,131.0
146.0,166.0,151.0,138.0,147.0
105.0,94.0,131.0,150.0,119.0
97.0,94.0,110.0,115.0,141.0
152.0,143.0,149.0,0.0,176.0
136.0,154.0,180.0,170.0,128.0
170.0,156.0,211.0,117.0,118.0
190.0,201.0,185.0,0.0,168.0
113.0,106.0,95.0,0.0,82.0
171.0,167.0,136.0,173.0,132.0
105.0,92.0,151.0,168.0,101.0
195.0,199.0,186.0,184.0,192.0
183.0,155.0,124.0,149.0,165.0
162.0,209.0,132.0,169.0,175.0
149.0,155.0,179.0,134.0,178.0
189.0,182.0,215.0,300.0,162.0
140.0,167.0,137.0,123.0,158.0
209.0,181.0,169.0,144.0,176.0
122.0,150.0,122.0,154.0,116.0
196.0,181.0,196.0,116.0,185.0
164.0,147.0,109.0,166.0,143.0
82.0,111.0,121.0,63.0,114.0
154.0,126.0,121.0,0.0,106.0
146.0,136.0,118.0,158.0,154.0
149.0,154.0,138.0,175.0,132.0
140.0,145.0,146.0,153.0,144.0
170.0,177.0,175.0,187.0,197.0
107.0,84.0,93.0,142.0,85.0
190.0,184.0,171.0,176.0,157.0
182.0,162.0,161.0,173.0,123.0
116.0,139.0,139.0,89.0,108.0
130.0,118.0,141.0,130.0,99.0
144.0,119.0,122.0,93.0,114.0
134.0,154.0,153.0,124.0,135.0
150.0,128.0,126.0,114.0,144.0
104.0,115.0,113.0,112.0,90.0
169.0,164.0,152.0,123.0,125.0
99.0,104.0,117.0,108.0,105.0
124.0,83.0,123.0,105.0,152.0
144.0,148.0,137.0,181.0,151.0
100.0,94.0,158.0,0.0,86.0
86.0,167.0,205.0,0.0,182.0
119.0,108.0,144.0,174.0,111.0
150.0,135.0,154.0,112.0,133.0
182.0,160.0,189.0,124.0,187.0
184.0,187.0,159.0,151.0,145.0
172.0,181.0,177.0,124.0,176.0
122.0,147.0,171.0,132.0,173.0
140.0,121.0,148.0,151.0,150.0
130.0,139.0,176.0,123.0,116.0
127.0,140.0,138.0,166.0,167.0
154.0,176.0,204.0,127.0,186.0
146.0,117.0,149.0,125.0,139.0
161.0,146.0,141.0,149.0,124.0
198.0,185.0,225.0,192.0,188.0
183.0,170.0,215.0,151.0,158.0
122.0,100.0,133.0,0.0,86.0
110.0,119.0,155.0,73.0,139.0
185.0,174.0,185.0,146.0,183.0
172.0,134.0,197.0,125.0,154.0
162.0,173.0,144.0,179.0,182.0
185.0,162.0,161.0,179.0,166.0
196.0,185.0,221.0,174.0,181.0
169.0,183.0,157.0,148.0,167.0
184.0,171.0,180.0,177.0,173.0
166.0,173.0,158.0,137.0,167.0
179.0,212.0,198.0,119.0,167.0
136.0,84.0,143.0,69.0,96.0
152.0,101.0,150.0,119.0,151.0
124.0,94.0,122.0,176.0,145.0
145.0,130.0,174.0,121.0,133.0
183.0,174.0,129.0,190.0,163.0
173.0,149.0,149.0,130.0,153.0
187.0,181.0,195.0,125.0,181.0
179.0,157.0,166.0,165.0,190.0
109.0,107.0,127.0,121.0,120.0
220.0,207.0,173.0,119.0,186.0
155.0,145.0,119.0,166.0,150.0
177.0,137.0,165.0,173.0,114.0
118.0,100.0,113.0,0.0,98.0
167.0,160.0,139.0,157.0,161.0
134.0,97.0,167.0,119.0,145.0
195.0,165.0,216.0,171.0,199.0
101.0,100.0,119.0,145.0,93.0
177.0,142.0,106.0,172.0,138.0
150.0,153.0,174.0,131.0,97.0
118.0,132.0,159.0,149.0,161.0
130.0,92.0,174.0,149.0,147.0
162.0,95.0,172.0,159.0,176.0
126.0,162.0,159.0,147.0,150.0
152.0,190.0,219.0,172.0,188.0
179.0,157.0,214.0,163.0,166.0
122.0,118.0,117.0,117.0,112.0
134.0,129.0,145.0,116.0,117.0
111.0,109.0,187.0,121.0,97.0
160.0,154.0,131.0,148.0,175.0
167.0,139.0,181.0,150.0,123.0
124.0,125.0,137.0,147.0,129.0
189.0,135.0,158.0,171.0,137.0
193.0,167.0,183.0,154.0,151.0
164.0,152.0,138.0,138.0,163.0
144.0,136.0,166.0,135.0,164.0
180.0,168.0,164.0,169.0,151.0
204.0,195.0,174.0,133.0,225.0
129.0,110.0,187.0,125.0,159.0
154.0,165.0,157.0,106.0,151.0
184.0,108.0,201.0,182.0,123.0
166.0,144.0,208.0,164.0,153.0
145.0,176.0,168.0,146.0,119.0
209.0,183.0,188.0,161.0,150.0
118.0,109.0,125.0,151.0,155.0
190.0,156.0,201.0,192.0,186.0
142.0,120.0,156.0,111.0,119.0
130.0,123.0,130.0,164.0,96.0
136.0,123.0,125.0,186.0,163.0
155.0,152.0,157.0,161.0,176.0
107.0,115.0,117.0,123.0,121.0
163.0,176.0,169.0,128.0,165.0
95.0,99.0,140.0,122.0,83.0
182.0,169.0,171.0,154.0,206.0
149.0,158.0,170.0,159.0,96.0
165.0,147.0,166.0,153.0,72.0
161.0,179.0,129.0,153.0,169.0
173.0,145.0,162.0,166.0,131.0
149.0,128.0,134.0,95.0,148.0
122.0,86.0,119.0,115.0,96.0
134.0,134.0,158.0,159.0,138.0
179.0,182.0,201.0,118.0,199.0
154.0,137.0,157.0,130.0,162.0
172.0,156.0,117.0,125.0,149.0
165.0,174.0,107.0,112.0,151.0
133.0,119.0,134.0,121.0,166.0
136.0,133.0,127.0,0.0,116.0
144.0,127.0,144.0,126.0,156.0
106.0,129.0,129.0,0.0,141.0
126.0,151.0,145.0,119.0,154.0
221.0,198.0,300.0,162.0,220.0
179.0,165.0,199.0,116.0,132.0
180.0,170.0,204.0,165.0,163.0
147.0,148.0,142.0,147.0,157.0
140.0,96.0,181.0,0.0,162.0
186.0,101.0,182.0,122.0,186.0
130.0,157.0,123.0,152.0,151.0
189.0,175.0,161.0,109.0,182.0
102.0,83.0,125.0,0.0,125.0
138.0,127.0,170.0,168.0,127.0
166.0,160.0,160.0,148.0,162.0
148.0,165.0,134.0,0.0,111.0
143.0,131.0,137.0,168.0,148.0
93.0,95.0,94.0,151.0,115.0
160.0,145.0,154.0,0.0,177.0
158.0,138.0,135.0,181.0,118.0
198.0,198.0,156.0,0.0,155.0
114.0,120.0,109.0,161.0,121.0
147.0,158.0,197.0,173.0,158.0
111.0,104.0,145.0,157.0,132.0
164.0,96.0,136.0,155.0,159.0
145.0,140.0,95.0,119.0,138.0
137.0,161.0,110.0,118.0,112.0
144.0,119.0,124.0,115.0,135.0
135.0,143.0,140.0,174.0,142.0
142.0,158.0,150.0,174.0,113.0
172.0,123.0,114.0,144.0,101.0
121.0,120.0,128.0,178.0,111.0
114.0,83.0,119.0,137.0,79.0
127.0,126.0,122.0,121.0,97.0
149.0,162.0,144.0,125.0,127.0
168.0,156.0,170.0,172.0,112.0
109.0,114.0,131.0,117.0,109.0
122.0,146.0,135.0,87.0,133.0
180.0,177.0,135.0,155.0,185.0
133.0,110.0,180.0,174.0,136.0
169.0,170.0,152.0,0.0,127.0
144.0,146.0,163.0,145.0,151.0
168.0,131.0,183.0,120.0,176.0
142.0,124.0,141.0,154.0,105.0
185.0,222.0,157.0,170.0,160.0
300.0,211.0,300.0,179.0,203.0
149.0,127.0,300.0,141.0,166.0
149.0,144.0,132.0,118.0,101.0
162.0,152.0,115.0,174.0,165.0
161.0,193.0,185.0,122.0,165.0
166.0,187.0,166.0,196.0,160.0
167.0,132.0,104.0,163.0,152.0
113.0,113.0,132.0,124.0,125.0
114.0,108.0,140.0,107.0,122.0
131.0,173.0,117.0,211.0,136.0
174.0,190.0,165.0,176.0,174.0
216.0,202.0,168.0,143.0,154.0
185.0,180.0,203.0,135.0,207.0
139.0,141.0,150.0,149.0,158.0
168.0,186.0,192.0,178.0,160.0
154.0,159.0,163.0,169.0,118.0
136.0,106.0,151.0,0.0,139.0
192.0,178.0,164.0,166.0,154.0
170.0,165.0,213.0,132.0,137.0
106.0,97.0,138.0,104.0,126.0
182.0,151.0,177.0,192.0,146.0
205.0,210.0,205.0,171.0,181.0
153.0,193.0,174.0,123.0,176.0
127.0,112.0,114.0,90.0,143.0
198.0,77.0,197.0,205.0,183.0
168.0,179.0,186.0,82.0,179.0
158.0,134.0,146.0,121.0,129.0
151.0,176.0,179.0,71.0,146.0
150.0,156.0,188.0,189.0,153.0
164.0,116.0,145.0,110.0,130.0
212.0,182.0,212.0,130.0,171.0
185.0,132.0,165.0,142.0,152.0
146.0,159.0,162.0,124.0,208.0
155.0,157.0,158.0,152.0,163.0
225.0,209.0,218.0,0.0,175.0
144.0,132.0,138.0,146.0,155.0
137.0,133.0,114.0,0.0,165.0
129.0,101.0,146.0,127.0,109.0
143.0,181.0,147.0,167.0,173.0
192.0,198.0,207.0,166.0,172.0
114.0,157.0,199.0,119.0,181.0
149.0,157.0,150.0,177.0,173.0
151.0,156.0,158.0,155.0,127.0
152.0,137.0,131.0,145.0,84.0
103.0,113.0,138.0,158.0,153.0
139.0,167.0,145.0,174.0,127.0
123.0,107.0,113.0,0.0,83.0
194.0,183.0,206.0,171.0,158.0
132.0,132.0,161.0,0.0,103.0
134.0,167.0,156.0,129.0,147.0
121.0,126.0,151.0,129.0,102.0
155.0,151.0,215.0,147.0,182.0
113.0,95.0,110.0,138.0,101.0
139.0,163.0,142.0,128.0,177.0
162.0,166.0,160.0,181.0,209.0
104.0,100.0,166.0,125.0,111.0
205.0,200.0,199.0,114.0,143.0
164.0,151.0,123.0,112.0,181.0
101.0,127.0,105.0,85.0,103.0
180.0,171.0,134.0,145.0,173.0
140.0,104.0,131.0,119.0,96.0
148.0,135.0,119.0,121.0,155.0
158.0,146.0,127.0,108.0,151.0
122.0,107.0,159.0,0.0,135.0
137.0,157.0,177.0,130.0,134.0
197.0,171.0,158.0,158.0,148.0
153.0,159.0,154.0,121.0,161.0
133.0,145.0,150.0,147.0,150.0
158.0,140.0,200.0,157.0,143.0
182.0,171.0,156.0,149.0,145.0
170.0,178.0,156.0,123.0,163.0
109.0,115.0,129.0,155.0,163.0
99.0,98.0,110.0,75.0,113.0
137.0,84.0,113.0,166.0,149.0
187.0,168.0,153.0,125.0,190.0
124.0,116.0,136.0,0.0,96.0
89.0,108.0,158.0,171.0,157.0
112.0,103.0,134.0,137.0,117.0
95.0,109.0,104.0,0.0,108.0
153.0,112.0,135.0,156.0,114.0
171.0,150.0,114.0,121.0,137.0
180.0,162.0,183.0,165.0,155.0
164.0,167.0,164.0,125.0,133.0
177.0,176.0,165.0,167.0,130.0
164.0,100.0,151.0,153.0,190.0
162.0,160.0,145.0,173.0,139.0
158.0,170.0,104.0,169.0,146.0
213.0,175.0,300.0,175.0,163.0
144.0,151.0,120.0,132.0,144.0
172.0,92.0,0.0,0.0,140.0
142.0,146.0,130.0,120.0,146.0
111.0,134.0,126.0,154.0,130.0
128.0,153.0,133.0,151.0,111.0
146.0,161.0,120.0,124.0,139.0
189.0,165.0,165.0,142.0,174.0
133.0,110.0,150.0,163.0,121.0
211.0,176.0,214.0,131.0,173.0
147.0,143.0,147.0,118.0,148.0
160.0,161.0,169.0,143.0,136.0
165.0,160.0,162.0,124.0,162.0
93.0,71.0,128.0,143.0,95.0
98.0,93.0,117.0,167.0,113.0
118.0,132.0,160.0,130.0,102.0
183.0,151.0,180.0,110.0,205.0
165.0,160.0,158.0,0.0,131.0
148.0,133.0,180.0,147.0,196.0
156.0,129.0,143.0,170.0,145.0
136.0,134.0,160.0,121.0,173.0
119.0,98.0,167.0,0.0,195.0
218.0,217.0,179.0,155.0,158.0
149.0,131.0,143.0,167.0,164.0
122.0,126.0,150.0,124.0,84.0
175.0,175.0,194.0,163.0,157.0
178.0,156.0,191.0,162.0,136.0
124.0,117.0,112.0,75.0,100.0
118.0,136.0,124.0,94.0,88.0
164.0,104.0,149.0,140.0,139.0
128.0,146.0,144.0,158.0,153.0
190.0,202.0,196.0,178.0,192.0
131.0,120.0,113.0,147.0,125.0
133.0,89.0,114.0,112.0,111.0
103.0,93.0,129.0,101.0,108.0
118.0,87.0,164.0,122.0,196.0
165.0,141.0,136.0,177.0,176.0
147.0,133.0,165.0,146.0,170.0
153.0,145.0,136.0,0.0,158.0
181.0,164.0,194.0,147.0,105.0
187.0,153.0,187.0,148.0,126.0
128.0,111.0,145.0,131.0,127.0
159.0,110.0,171.0,177.0,139.0
158.0,209.0,185.0,197.0,193.0
151.0,134.0,160.0,135.0,118.0
137.0,140.0,118.0,154.0,149.0
109.0,145.0,172.0,130.0,151.0
127.0,141.0,136.0,90.0,178.0
174.0,161.0,158.0,159.0,167.0
166.0,196.0,188.0,162.0,175.0
191.0,134.0,131.0,177.0,160.0
128.0,152.0,142.0,125.0,130.0
220.0,216.0,184.0,166.0,196.0
144.0,131.0,168.0,112.0,165.0
179.0,165.0,175.0,170.0,181.0
157.0,128.0,148.0,179.0,194.0
211.0,234.0,195.0,165.0,164.0
128.0,141.0,165.0,128.0,109.0
148.0,112.0,136.0,0.0,120.0
146.0,94.0,191.0,148.0,175.0
156.0,151.0,144.0,168.0,137.0
159.0,143.0,177.0,156.0,157.0
102.0,107.0,111.0,112.0,59.0
177.0,206.0,178.0,163.0,206.0
154.0,162.0,186.0,146.0,175.0
139.0,145.0,177.0,143.0,171.0
121.0,85.0,102.0,143.0,118.0
180.0,177.0,176.0,169.0,153.0
215.0,190.0,161.0,125.0,174.0
179.0,144.0,138.0,125.0,123.0
195.0,124.0,214.0,160.0,198.0
130.0,106.0,156.0,149.0,147.0
178.0,140.0,167.0,126.0,147.0
149.0,151.0,148.0,120.0,168.0
160.0,145.0,117.0,147.0,139.0
169.0,163.0,164.0,175.0,126.0
175.0,157.0,200.0,136.0,187.0
128.0,125.0,120.0,79.0,142.0
175.0,176.0,160.0,169.0,170.0
155.0,165.0,127.0,184.0,136.0
179.0,141.0,181.0,118.0,160.0
199.0,185.0,300.0,166.0,150.0
189.0,178.0,175.0,180.0,159.0
190.0,133.0,184.0,114.0,98.0
176.0,170.0,170.0,145.0,160.0
124.0,136.0,119.0,166.0,120.0
166.0,133.0,119.0,114.0,132.0
181.0,181.0,134.0,173.0,142.0
175.0,161.0,197.0,166.0,86.0
168.0,176.0,179.0,300.0,119.0
132.0,113.0,124.0,122.0,119.0
87.0,117.0,133.0,112.0,101.0
140.0,150.0,118.0,152.0,147.0
148.0,128.0,133.0,0.0,143.0
135.0,115.0,116.0,147.0,128.0
134.0,144.0,200.0,185.0,138.0
155.0,133.0,141.0,135.0,161.0
203.0,188.0,175.0,174.0,180.0
189.0,172.0,211.0,160.0,176.0
113.0,92.0,109.0,0.0,80.0
104.0,110.0,176.0,114.0,128.0
181.0,154.0,145.0,112.0,152.0
110.0,89.0,130.0,171.0,90.0
114.0,126.0,132.0,116.0,126.0
200.0,176.0,300.0,172.0,169.0
111.0,127.0,109.0,151.0,94.0
99.0,114.0,141.0,0.0,80.0
107.0,86.0,153.0,147.0,99.0
146.0,128.0,144.0,128.0,144.0
178.0,180.0,152.0,160.0,181.0
140.0,163.0,138.0,158.0,152.0
126.0,149.0,101.0,129.0,144.0
154.0,159.0,170.0,127.0,149.0
179.0,175.0,131.0,128.0,169.0
95.0,86.0,126.0,115.0,125.0
167.0,163.0,153.0,132.0,179.0
179.0,168.0,146.0,120.0,183.0
149.0,166.0,127.0,105.0,140.0
182.0,159.0,189.0,137.0,150.0
178.0,168.0,160.0,169.0,160.0
209.0,195.0,201.0,162.0,208.0
144.0,173.0,200.0,150.0,183.0
207.0,185.0,225.0,195.0,179.0
155.0,132.0,120.0,152.0,101.0
153.0,167.0,161.0,127.0,159.0
193.0,197.0,213.0,129.0,185.0
179.0,163.0,192.0,156.0,152.0
172.0,137.0,173.0,160.0,150.0
121.0,124.0,156.0,144.0,110.0
153.0,168.0,168.0,124.0,159.0
134.0,122.0,130.0,123.0,175.0
125.0,127.0,140.0,112.0,108.0
134.0,80.0,162.0,179.0,93.0
207.0,178.0,227.0,146.0,202.0
125.0,132.0,110.0,128.0,104.0
163.0,164.0,198.0,163.0,197.0
157.0,124.0,155.0,124.0,198.0
189.0,128.0,165.0,181.0,202.0
194.0,181.0,171.0,146.0,133.0
151.0,105.0,143.0,147.0,162.0
124.0,142.0,146.0,130.0,120.0
184.0,149.0,193.0,122.0,142.0
173.0,130.0,134.0,118.0,132.0
154.0,142.0,153.0,157.0,125.0
196.0,219.0,227.0,141.0,187.0
169.0,138.0,185.0,176.0,131.0
173.0,145.0,208.0,0.0,158.0
109.0,100.0,111.0,165.0,142.0
189.0,201.0,193.0,153.0,175.0
152.0,126.0,164.0,119.0,130.0
186.0,221.0,146.0,121.0,135.0
146.0,150.0,145.0,0.0,179.0
194.0,201.0,204.0,176.0,150.0
131.0,119.0,94.0,152.0,91.0
182.0,105.0,154.0,152.0,201.0
205.0,197.0,203.0,173.0,193.0
130.0,131.0,148.0,165.0,96.0
119.0,96.0,142.0,146.0,123.0
174.0,149.0,166.0,196.0,172.0
131.0,103.0,85.0,115.0,108.0
152.0,164.0,154.0,120.0,162.0
164.0,176.0,178.0,164.0,148.0
174.0,183.0,188.0,150.0,164.0
139.0,172.0,170.0,113.0,129.0
191.0,153.0,208.0,171.0,132.0
204.0,176.0,171.0,155.0,217.0
189.0,184.0,203.0,179.0,155.0
139.0,131.0,134.0,181.0,99.0
153.0,139.0,118.0,116.0,149.0
146.0,140.0,119.0,142.0,171.0
202.0,169.0,203.0,92.0,182.0
130.0,152.0,140.0,69.0,125.0
157.0,164.0,105.0,155.0,146.0
130.0,144.0,119.0,182.0,138.0
159.0,176.0,146.0,155.0,145.0
148.0,130.0,145.0,118.0,115.0
121.0,136.0,124.0,121.0,142.0
162.0,128.0,160.0,179.0,133.0
185.0,174.0,156.0,186.0,134.0
174.0,166.0,198.0,185.0,149.0
179.0,131.0,166.0,118.0,108.0
134.0,125.0,132.0,130.0,125.0
97.0,135.0,143.0,120.0,128.0
139.0,132.0,141.0,118.0,147.0
208.0,197.0,300.0,176.0,185.0
147.0,123.0,156.0,143.0,124.0
148.0,143.0,143.0,122.0,162.0
145.0,105.0,110.0,92.0,137.0
192.0,181.0,203.0,145.0,172.0
121.0,77.0,157.0,177.0,155.0
156.0,140.0,130.0,157.0,153.0
143.0,171.0,152.0,137.0,160.0
181.0,126.0,93.0,117.0,129.0
173.0,144.0,170.0,0.0,177.0
151.0,151.0,124.0,145.0,129.0
156.0,185.0,136.0,154.0,141.0
182.0,138.0,195.0,166.0,162.0
138.0,98.0,82.0,0.0,132.0
131.0,122.0,131.0,127.0,97.0
176.0,183.0,187.0,155.0,168.0
203.0,192.0,195.0,178.0,176.0
196.0,159.0,200.0,172.0,136.0
134.0,93.0,115.0,168.0,147.0
171.0,185.0,186.0,119.0,128.0
175.0,168.0,182.0,186.0,199.0
185.0,165.0,191.0,0.0,116.0
102.0,111.0,136.0,106.0,101.0
159.0,166.0,131.0,120.0,156.0
167.0,188.0,133.0,165.0,126.0
170.0,174.0,121.0,123.0,115.0
149.0,179.0,165.0,144.0,144.0
151.0,137.0,163.0,159.0,145.0
89.0,80.0,122.0,0.0,94.0
173.0,90.0,136.0,148.0,146.0
136.0,149.0,157.0,147.0,131.0
135.0,127.0,126.0,85.0,122.0
170.0,157.0,158.0,173.0,163.0
155.0,93.0,107.0,180.0,114.0
195.0,206.0,228.0,162.0,177.0
194.0,186.0,154.0,93.0,129.0
124.0,89.0,189.0,178.0,119.0
97.0,87.0,126.0,132.0,113.0
171.0,163.0,111.0,153.0,148.0
210.0,210.0,215.0,151.0,167.0
152.0,140.0,131.0,126.0,151.0
140.0,80.0,129.0,0.0,142.0
96.0,91.0,96.0,148.0,104.0
137.0,132.0,118.0,121.0,125.0
206.0,186.0,183.0,123.0,190.0
136.0,138.0,113.0,164.0,108.0
174.0,187.0,170.0,189.0,143.0
106.0,95.0,152.0,120.0,109.0
128.0,106.0,121.0,119.0,106.0
147.0,133.0,133.0,85.0,138.0
199.0,204.0,300.0,183.0,196.0
144.0,83.0,117.0,0.0,148.0
141.0,149.0,156.0,176.0,126.0
111.0,102.0,129.0,178.0,110.0
139.0,175.0,146.0,122.0,119.0
91.0,80.0,113.0,134.0,73.0
102.0,85.0,136.0,109.0,146.0
147.0,143.0,165.0,127.0,86.0
182.0,153.0,214.0,126.0,182.0
100.0,90.0,142.0,163.0,109.0
165.0,154.0,180.0,123.0,156.0
156.0,130.0,160.0,124.0,133.0
167.0,130.0,110.0,128.0,133.0
153.0,160.0,183.0,120.0,85.0
131.0,136.0,104.0,112.0,116.0
150.0,139.0,187.0,171.0,151.0
184.0,138.0,139.0,126.0,181.0
138.0,145.0,148.0,93.0,115.0
178.0,181.0,155.0,300.0,169.0
168.0,141.0,173.0,161.0,147.0
164.0,158.0,166.0,171.0,151.0
174.0,125.0,144.0,143.0,162.0
126.0,102.0,135.0,120.0,104.0
123.0,111.0,161.0,166.0,140.0
173.0,163.0,180.0,170.0,175.0
159.0,167.0,179.0,147.0,178.0
177.0,196.0,184.0,170.0,170.0
124.0,145.0,136.0,156.0,124.0
126.0,137.0,123.0,154.0,112.0
119.0,103.0,112.0,110.0,136.0
151.0,132.0,146.0,155.0,102.0
170.0,184.0,194.0,123.0,144.0
187.0,169.0,158.0,124.0,162.0
170.0,141.0,180.0,128.0,201.0
205.0,190.0,201.0,157.0,182.0
197.0,150.0,187.0,119.0,188.0
138.0,135.0,134.0,160.0,97.0
174.0,169.0,198.0,152.0,212.0
202.0,196.0,193.0,163.0,146.0
152.0,177.0,140.0,114.0,125.0
157.0,132.0,110.0,146.0,138.0
159.0,117.0,128.0,167.0,112.0
175.0,110.0,176.0,117.0,148.0
147.0,114.0,154.0,119.0,153.0
199.0,162.0,198.0,179.0,192.0
166.0,168.0,122.0,175.0,156.0
163.0,145.0,142.0,152.0,182.0
185.0,173.0,208.0,170.0,174.0
184.0,181.0,216.0,167.0,198.0
146.0,113.0,178.0,121.0,133.0
150.0,150.0,113.0,118.0,154.0
115.0,85.0,151.0,120.0,154.0
131.0,145.0,150.0,119.0,102.0
117.0,106.0,116.0,116.0,108.0
191.0,207.0,174.0,152.0,194.0
123.0,123.0,164.0,0.0,98.0
174.0,172.0,133.0,154.0,148.0
139.0,145.0,165.0,116.0,150.0
98.0,120.0,97.0,123.0,104.0
159.0,133.0,83.0,165.0,153.0
105.0,82.0,129.0,116.0,97.0
160.0,167.0,168.0,137.0,121.0
159.0,192.0,130.0,120.0,163.0
214.0,180.0,224.0,170.0,117.0
116.0,114.0,131.0,89.0,159.0
200.0,188.0,225.0,167.0,160.0
181.0,192.0,214.0,161.0,184.0
159.0,183.0,175.0,112.0,173.0
156.0,101.0,105.0,0.0,183.0
142.0,103.0,137.0,115.0,161.0
169.0,168.0,155.0,117.0,194.0
158.0,115.0,139.0,119.0,149.0
215.0,157.0,220.0,203.0,189.0
169.0,172.0,183.0,123.0,140.0
194.0,184.0,200.0,159.0,189.0
126.0,103.0,155.0,124.0,116.0
124.0,91.0,111.0,111.0,118.0
148.0,105.0,149.0,0.0,146.0
179.0,173.0,163.0,128.0,180.0
165.0,142.0,164.0,109.0,147.0
129.0,105.0,148.0,119.0,127.0
128.0,126.0,157.0,174.0,185.0
154.0,95.0,157.0,113.0,91.0
129.0,149.0,160.0,169.0,113.0
171.0,157.0,149.0,0.0,165.0
123.0,182.0,153.0,116.0,201.0
111.0,134.0,142.0,174.0,125.0
186.0,166.0,175.0,147.0,177.0
148.0,151.0,155.0,148.0,142.0
126.0,134.0,154.0,165.0,170.0
163.0,166.0,153.0,124.0,162.0
149.0,88.0,144.0,74.0,117.0
154.0,149.0,145.0,156.0,127.0
125.0,95.0,98.0,171.0,115.0
185.0,199.0,158.0,159.0,153.0
141.0,149.0,162.0,101.0,148.0
150.0,104.0,145.0,118.0,102.0
148.0,151.0,157.0,142.0,151.0
106.0,85.0,126.0,159.0,117.0
133.0,184.0,157.0,144.0,131.0
168.0,157.0,128.0,127.0,150.0
144.0,150.0,137.0,117.0,126.0
140.0,171.0,162.0,123.0,111.0
164.0,147.0,133.0,120.0,111.0
72.0,92.0,118.0,117.0,81.0
206.0,152.0,127.0,134.0,156.0
162.0,163.0,117.0,172.0,127.0
91.0,146.0,186.0,170.0,96.0
178.0,141.0,120.0,94.0,167.0
87.0,76.0,190.0,120.0,106.0
197.0,190.0,224.0,145.0,177.0
156.0,157.0,145.0,87.0,130.0
200.0,181.0,201.0,145.0,162.0
170.0,178.0,186.0,146.0,167.0
107.0,72.0,139.0,0.0,113.0
134.0,124.0,128.0,135.0,116.0
139.0,140.0,140.0,107.0,150.0
138.0,166.0,145.0,126.0,142.0
192.0,186.0,168.0,199.0,176.0
139.0,109.0,141.0,149.0,116.0
145.0,107.0,155.0,149.0,119.0
209.0,200.0,209.0,164.0,171.0
203.0,217.0,200.0,158.0,221.0
185.0,177.0,300.0,149.0,137.0
142.0,149.0,202.0,164.0,174.0
130.0,102.0,120.0,168.0,98.0
99.0,133.0,158.0,124.0,152.0
104.0,130.0,134.0,154.0,146.0
135.0,98.0,111.0,111.0,108.0
163.0,140.0,199.0,150.0,160.0
145.0,172.0,155.0,124.0,171.0
147.0,158.0,186.0,131.0,129.0
171.0,195.0,178.0,126.0,157.0
183.0,227.0,215.0,126.0,221.0
129.0,122.0,143.0,147.0,130.0
220.0,189.0,191.0,166.0,189.0
139.0,134.0,159.0,110.0,122.0
188.0,173.0,191.0,183.0,168.0
161.0,92.0,101.0,138.0,132.0
196.0,180.0,217.0,152.0,172.0
158.0,182.0,178.0,157.0,134.0
172.0,152.0,195.0,153.0,130.0
156.0,129.0,144.0,180.0,129.0
142.0,139.0,201.0,167.0,131.0
94.0,108.0,147.0,0.0,164.0
127.0,100.0,122.0,0.0,157.0
180.0,157.0,189.0,0.0,182.0
138.0,164.0,151.0,156.0,171.0
123.0,87.0,131.0,114.0,108.0
161.0,174.0,157.0,135.0,202.0
141.0,179.0,147.0,127.0,193.0
179.0,184.0,159.0,127.0,162.0
161.0,157.0,181.0,0.0,147.0
208.0,170.0,300.0,187.0,202.0
102.0,147.0,134.0,168.0,115.0
183.0,169.0,179.0,167.0,147.0
137.0,158.0,167.0,159.0,166.0
201.0,186.0,207.0,193.0,150.0
172.0,161.0,168.0,147.0,178.0
149.0,147.0,108.0,133.0,136.0
149.0,113.0,100.0,140.0,117.0
134.0,108.0,127.0,155.0,166.0
152.0,104.0,142.0,155.0,95.0
131.0,102.0,168.0,0.0,156.0
128.0,134.0,155.0,161.0,131.0
119.0,120.0,137.0,167.0,107.0
137.0,127.0,118.0,92.0,151.0
94.0,166.0,147.0,175.0,159.0
181.0,182.0,196.0,156.0,198.0
116.0,99.0,132.0,102.0,98.0
194.0,211.0,202.0,141.0,194.0
100.0,126.0,127.0,185.0,123.0
176.0,185.0,175.0,128.0,170.0
193.0,186.0,182.0,127.0,183.0
137.0,102.0,157.0,174.0,177.0
153.0,163.0,158.0,133.0,151.0
181.0,107.0,129.0,168.0,181.0
157.0,147.0,136.0,143.0,121.0
176.0,178.0,168.0,122.0,163.0
157.0,71.0,137.0,113.0,174.0
112.0,95.0,163.0,141.0,108.0
156.0,176.0,149.0,116.0,158.0
154.0,134.0,134.0,169.0,154.0
154.0,124.0,82.0,143.0,129.0
150.0,159.0,200.0,161.0,213.0
178.0,163.0,171.0,194.0,115.0
149.0,168.0,189.0,110.0,194.0
161.0,171.0,122.0,0.0,154.0
182.0,170.0,178.0,130.0,192.0
193.0,196.0,224.0,156.0,188.0
127.0,133.0,136.0,101.0,102.0
150.0,163.0,179.0,174.0,187.0
177.0,201.0,150.0,156.0,194.0
188.0,213.0,169.0,171.0,186.0
131.0,130.0,150.0,126.0,142.0
145.0,152.0,186.0,300.0,159.0
180.0,173.0,147.0,123.0,169.0
179.0,145.0,127.0,160.0,153.0
121.0,138.0,150.0,127.0,145.0
183.0,148.0,188.0,89.0,129.0
172.0,162.0,152.0,127.0,186.0
104.0,116.0,107.0,103.0,121.0
149.0,143.0,120.0,162.0,118.0
115.0,102.0,118.0,143.0,118.0
184.0,219.0,300.0,161.0,224.0
206.0,202.0,219.0,166.0,168.0
162.0,75.0,181.0,130.0,157.0
112.0,111.0,113.0,162.0,105.0
128.0,137.0,135.0,118.0,144.0
137.0,112.0,111.0,147.0,152.0
118.0,120.0,122.0,158.0,137.0
97.0,75.0,115.0,113.0,109.0
111.0,100.0,111.0,142.0,95.0
96.0,125.0,138.0,150.0,178.0
208.0,187.0,212.0,147.0,194.0
146.0,140.0,135.0,129.0,154.0
169.0,133.0,167.0,156.0,149.0
152.0,123.0,150.0,161.0,91.0
198.0,212.0,199.0,153.0,203.0
131.0,81.0,153.0,120.0,120.0
152.0,150.0,189.0,174.0,176.0
137.0,119.0,140.0,130.0,130.0
182.0,168.0,157.0,143.0,154.0
198.0,178.0,204.0,145.0,141.0
203.0,197.0,163.0,170.0,132.0
181.0,162.0,176.0,146.0,177.0
160.0,127.0,142.0,128.0,148.0
152.0,103.0,130.0,128.0,124.0
111.0,120.0,109.0,125.0,102.0
108.0,99.0,137.0,117.0,127.0
159.0,174.0,161.0,119.0,152.0
129.0,110.0,155.0,0.0,131.0
127.0,138.0,117.0,119.0,151.0
105.0,73.0,112.0,132.0,111.0
202.0,178.0,198.0,157.0,206.0
182.0,165.0,205.0,170.0,174.0
186.0,192.0,216.0,180.0,112.0
145.0,164.0,168.0,153.0,179.0
125.0,168.0,168.0,0.0,119.0
143.0,99.0,108.0,0.0,90.0
101.0,108.0,151.0,148.0,161.0
109.0,124.0,134.0,144.0,121.0
140.0,173.0,166.0,102.0,165.0
127.0,101.0,163.0,159.0,157.0
116.0,131.0,167.0,157.0,153.0
207.0,199.0,212.0,182.0,157.0
169.0,189.0,199.0,164.0,170.0
144.0,136.0,133.0,120.0,145.0
135.0,154.0,170.0,125.0,162.0
175.0,160.0,183.0,165.0,148.0
82.0,97.0,160.0,85.0,85.0
130.0,122.0,139.0,148.0,126.0
130.0,181.0,166.0,142.0,160.0
166.0,176.0,128.0,172.0,123.0
174.0,187.0,165.0,159.0,133.0
115.0,99.0,132.0,150.0,96.0
147.0,153.0,169.0,154.0,181.0
145.0,170.0,179.0,150.0,142.0
184.0,180.0,193.0,156.0,174.0
184.0,163.0,138.0,123.0,187.0
131.0,146.0,152.0,112.0,142.0
152.0,154.0,166.0,179.0,167.0
173.0,194.0,208.0,174.0,154.0
205.0,185.0,201.0,151.0,136.0
173.0,184.0,159.0,117.0,169.0
176.0,176.0,201.0,300.0,134.0
151.0,156.0,150.0,122.0,120.0
194.0,194.0,204.0,167.0,151.0
217.0,210.0,205.0,161.0,189.0
166.0,161.0,124.0,152.0,135.0
208.0,195.0,218.0,171.0,194.0
127.0,113.0,165.0,117.0,150.0
162.0,152.0,151.0,149.0,181.0
136.0,144.0,152.0,172.0,171.0
122.0,146.0,165.0,147.0,144.0
177.0,182.0,159.0,130.0,123.0
148.0,191.0,177.0,173.0,145.0
132.0,112.0,152.0,150.0,152.0
159.0,157.0,152.0,177.0,153.0
134.0,130.0,143.0,186.0,101.0
129.0,136.0,155.0,172.0,140.0
177.0,170.0,171.0,175.0,112.0
193.0,190.0,145.0,120.0,178.0
192.0,166.0,154.0,178.0,144.0
164.0,153.0,142.0,173.0,152.0
227.0,217.0,214.0,184.0,154.0
161.0,168.0,164.0,198.0,177.0
188.0,154.0,212.0,147.0,140.0
118.0,123.0,152.0,177.0,115.0
155.0,124.0,105.0,105.0,116.0
134.0,138.0,148.0,146.0,135.0
101.0,129.0,144.0,88.0,102.0
153.0,140.0,105.0,147.0,124.0
145.0,139.0,148.0,144.0,129.0
138.0,140.0,144.0,143.0,129.0
106.0,93.0,114.0,81.0,122.0
179.0,181.0,150.0,163.0,142.0
155.0,126.0,143.0,117.0,118.0
135.0,115.0,107.0,114.0,113.0
120.0,175.0,149.0,114.0,155.0
147.0,149.0,136.0,121.0,156.0
167.0,163.0,143.0,179.0,161.0
142.0,81.0,140.0,156.0,112.0
144.0,109.0,114.0,111.0,134.0
145.0,159.0,144.0,124.0,153.0
165.0,159.0,192.0,120.0,118.0
94.0,103.0,107.0,129.0,114.0
174.0,186.0,187.0,147.0,173.0
154.0,172.0,127.0,0.0,178.0
174.0,170.0,181.0,144.0,133.0
175.0,165.0,210.0,125.0,166.0
140.0,129.0,122.0,0.0,113.0
148.0,139.0,141.0,158.0,186.0
166.0,162.0,155.0,162.0,134.0
106.0,86.0,127.0,118.0,92.0
152.0,165.0,151.0,170.0,152.0
170.0,178.0,179.0,174.0,176.0
184.0,185.0,190.0,180.0,185.0
201.0,205.0,135.0,144.0,210.0
137.0,125.0,123.0,125.0,143.0
132.0,98.0,140.0,110.0,131.0
130.0,127.0,168.0,172.0,144.0
119.0,85.0,136.0,156.0,99.0
168.0,111.0,125.0,176.0,127.0
159.0,156.0,129.0,123.0,144.0
116.0,123.0,147.0,116.0,96.0
119.0,131.0,153.0,140.0,148.0
188.0,214.0,204.0,160.0,167.0
147.0,111.0,132.0,117.0,135.0
179.0,166.0,156.0,155.0,185.0
171.0,184.0,170.0,161.0,157.0
181.0,173.0,198.0,175.0,189.0
135.0,150.0,125.0,160.0,156.0
135.0,164.0,186.0,148.0,145.0
191.0,157.0,194.0,146.0,176.0
141.0,120.0,120.0,111.0,97.0
112.0,116.0,136.0,126.0,86.0
195.0,195.0,161.0,146.0,110.0
177.0,87.0,152.0,146.0,151.0
124.0,155.0,204.0,137.0,117.0
132.0,123.0,154.0,137.0,112.0
112.0,95.0,111.0,0.0,67.0
196.0,178.0,171.0,151.0,194.0
202.0,159.0,193.0,134.0,147.0
126.0,180.0,145.0,170.0,170.0
140.0,103.0,135.0,153.0,118.0
185.0,172.0,193.0,150.0,178.0
121.0,172.0,146.0,187.0,154.0
154.0,161.0,109.0,84.0,153.0
183.0,152.0,154.0,118.0,170.0
177.0,139.0,173.0,172.0,151.0
149.0,139.0,155.0,120.0,134.0
160.0,114.0,157.0,0.0,94.0
178.0,185.0,174.0,176.0,194.0
221.0,195.0,216.0,173.0,208.0
193.0,207.0,214.0,0.0,300.0
144.0,144.0,128.0,155.0,152.0
163.0,123.0,178.0,145.0,74.0
201.0,171.0,181.0,134.0,188.0
185.0,169.0,143.0,164.0,173.0
186.0,201.0,201.0,152.0,205.0
116.0,134.0,124.0,129.0,134.0
143.0,145.0,157.0,108.0,65.0
158.0,168.0,207.0,168.0,142.0
165.0,148.0,183.0,127.0,134.0
153.0,145.0,141.0,122.0,152.0
181.0,151.0,169.0,166.0,172.0
135.0,115.0,151.0,148.0,124.0
114.0,103.0,150.0,127.0,127.0
150.0,143.0,149.0,170.0,140.0
168.0,205.0,138.0,174.0,136.0
183.0,182.0,187.0,162.0,184.0
123.0,140.0,123.0,156.0,146.0
163.0,185.0,175.0,117.0,151.0
168.0,152.0,176.0,148.0,177.0
155.0,148.0,157.0,300.0,145.0
125.0,121.0,137.0,161.0,96.0
138.0,159.0,191.0,162.0,193.0
125.0,136.0,146.0,142.0,121.0
152.0,157.0,300.0,129.0,191.0
160.0,179.0,146.0,120.0,177.0
191.0,174.0,199.0,190.0,172.0
135.0,169.0,138.0,143.0,160.0
125.0,104.0,112.0,153.0,132.0
171.0,162.0,170.0,122.0,125.0
86.0,82.0,168.0,123.0,91.0
122.0,105.0,173.0,109.0,82.0
114.0,86.0,119.0,147.0,96.0
154.0,138.0,196.0,169.0,118.0
158.0,138.0,151.0,152.0,159.0
131.0,133.0,137.0,131.0,142.0
131.0,86.0,149.0,0.0,143.0
171.0,152.0,209.0,93.0,193.0
125.0,121.0,128.0,125.0,91.0
162.0,169.0,204.0,0.0,185.0
148.0,139.0,179.0,0.0,133.0
147.0,121.0,127.0,162.0,118.0
156.0,143.0,122.0,155.0,125.0
140.0,150.0,126.0,117.0,210.0
172.0,155.0,193.0,143.0,191.0
177.0,174.0,158.0,119.0,152.0
166.0,124.0,184.0,108.0,125.0
177.0,197.0,194.0,147.0,120.0
156.0,164.0,134.0,129.0,156.0
184.0,157.0,224.0,153.0,110.0
124.0,104.0,199.0,0.0,197.0
187.0,180.0,190.0,153.0,203.0
128.0,142.0,121.0,0.0,171.0
156.0,128.0,166.0,161.0,158.0
115.0,89.0,122.0,137.0,138.0
160.0,132.0,152.0,147.0,127.0
98.0,131.0,137.0,0.0,104.0
170.0,173.0,179.0,132.0,161.0
107.0,102.0,110.0,114.0,130.0
151.0,145.0,168.0,183.0,143.0
198.0,209.0,171.0,182.0,173.0
192.0,183.0,184.0,132.0,183.0
174.0,158.0,189.0,117.0,156.0
109.0,128.0,107.0,141.0,66.0
147.0,154.0,153.0,125.0,160.0
141.0,170.0,174.0,122.0,138.0
157.0,129.0,168.0,155.0,176.0
162.0,141.0,120.0,110.0,136.0
142.0,82.0,134.0,107.0,147.0
168.0,182.0,152.0,131.0,156.0
102.0,80.0,166.0,119.0,128.0
195.0,171.0,196.0,177.0,200.0
177.0,153.0,172.0,88.0,162.0
147.0,122.0,163.0,120.0,152.0
153.0,111.0,140.0,121.0,147.0
148.0,205.0,194.0,151.0,152.0
134.0,110.0,111.0,120.0,94.0
161.0,119.0,167.0,174.0,153.0
209.0,232.0,200.0,150.0,223.0
108.0,123.0,101.0,146.0,85.0
157.0,152.0,189.0,167.0,180.0
123.0,119.0,137.0,164.0,125.0
160.0,155.0,156.0,137.0,122.0
203.0,198.0,214.0,170.0,222.0
151.0,112.0,153.0,105.0,79.0
166.0,158.0,172.0,112.0,138.0
141.0,106.0,125.0,106.0,94.0
140.0,131.0,129.0,177.0,134.0
135.0,114.0,131.0,152.0,117.0
172.0,166.0,159.0,156.0,130.0
153.0,140.0,149.0,136.0,140.0
139.0,170.0,125.0,0.0,124.0
204.0,213.0,300.0,152.0,185.0
161.0,190.0,148.0,94.0,155.0
116.0,118.0,133.0,121.0,164.0
144.0,150.0,170.0,174.0,151.0
216.0,196.0,232.0,300.0,205.0
167.0,142.0,195.0,125.0,136.0
183.0,193.0,199.0,132.0,171.0
138.0,143.0,156.0,150.0,143.0
160.0,173.0,184.0,159.0,149.0
182.0,146.0,178.0,166.0,114.0
136.0,102.0,155.0,154.0,95.0
119.0,94.0,127.0,91.0,127.0
113.0,118.0,139.0,152.0,120.0
171.0,177.0,162.0,146.0,166.0
117.0,102.0,109.0,132.0,123.0
221.0,189.0,176.0,150.0,204.0
154.0,156.0,150.0,139.0,171.0
108.0,94.0,86.0,129.0,96.0
164.0,160.0,182.0,166.0,169.0
131.0,130.0,152.0,186.0,139.0
171.0,111.0,182.0,153.0,166.0
202.0,200.0,121.0,185.0,174.0
131.0,102.0,177.0,158.0,100.0
111.0,146.0,187.0,149.0,167.0
195.0,197.0,226.0,170.0,156.0
107.0,99.0,135.0,125.0,122.0
129.0,153.0,164.0,122.0,146.0
151.0,148.0,143.0,120.0,122.0
158.0,160.0,146.0,145.0,154.0
115.0,129.0,120.0,74.0,102.0
146.0,131.0,129.0,159.0,126.0
193.0,174.0,211.0,181.0,147.0
111.0,140.0,117.0,180.0,164.0
114.0,123.0,147.0,177.0,170.0
162.0,161.0,121.0,126.0,111.0
206.0,204.0,166.0,119.0,166.0
179.0,173.0,155.0,147.0,136.0
146.0,112.0,128.0,115.0,183.0
117.0,106.0,135.0,143.0,133.0
140.0,132.0,146.0,0.0,112.0
159.0,170.0,184.0,172.0,176.0
141.0,109.0,169.0,133.0,124.0
110.0,135.0,156.0,161.0,159.0
180.0,139.0,169.0,165.0,142.0
157.0,132.0,156.0,112.0,138.0
112.0,111.0,132.0,117.0,106.0
177.0,185.0,145.0,136.0,150.0
129.0,111.0,147.0,123.0,140.0
143.0,131.0,163.0,186.0,144.0
117.0,96.0,123.0,129.0,117.0
127.0,144.0,140.0,111.0,135.0
183.0,174.0,186.0,145.0,179.0
157.0,166.0,179.0,162.0,158.0
206.0,204.0,201.0,161.0,174.0
162.0,160.0,144.0,117.0,140.0
157.0,154.0,145.0,145.0,127.0
186.0,178.0,219.0,163.0,212.0
153.0,110.0,150.0,122.0,122.0
167.0,114.0,192.0,175.0,140.0
139.0,132.0,116.0,125.0,144.0
188.0,163.0,168.0,120.0,174.0
140.0,145.0,137.0,120.0,185.0
162.0,115.0,139.0,156.0,140.0
175.0,185.0,225.0,121.0,161.0
133.0,127.0,126.0,134.0,138.0
195.0,204.0,216.0,178.0,212.0
163.0,162.0,114.0,151.0,164.0
167.0,165.0,159.0,198.0,173.0
174.0,134.0,157.0,112.0,155.0
110.0,189.0,161.0,167.0,134.0
192.0,162.0,198.0,181.0,189.0
180.0,165.0,182.0,178.0,152.0
142.0,113.0,132.0,117.0,117.0
193.0,188.0,209.0,166.0,216.0
204.0,192.0,193.0,162.0,205.0
189.0,154.0,147.0,167.0,178.0
174.0,170.0,202.0,160.0,190.0
148.0,151.0,168.0,176.0,160.0
205.0,186.0,203.0,125.0,224.0
146.0,129.0,153.0,98.0,152.0
153.0,152.0,174.0,183.0,131.0
157.0,158.0,180.0,178.0,146.0
164.0,145.0,189.0,165.0,108.0
175.0,161.0,204.0,170.0,195.0
174.0,167.0,157.0,126.0,148.0
155.0,89.0,110.0,114.0,139.0
187.0,195.0,203.0,164.0,213.0
178.0,147.0,160.0,131.0,182.0
130.0,114.0,102.0,131.0,97.0
125.0,126.0,148.0,124.0,105.0
165.0,179.0,195.0,131.0,157.0
188.0,183.0,206.0,153.0,201.0
173.0,131.0,171.0,131.0,142.0
164.0,168.0,161.0,181.0,185.0
138.0,146.0,161.0,170.0,162.0
198.0,196.0,300.0,202.0,197.0
202.0,193.0,195.0,175.0,208.0
154.0,123.0,115.0,120.0,107.0
152.0,126.0,157.0,172.0,130.0
141.0,145.0,155.0,0.0,144.0
126.0,160.0,127.0,172.0,135.0
134.0,163.0,127.0,149.0,120.0
150.0,160.0,168.0,121.0,86.0
148.0,123.0,140.0,0.0,127.0
126.0,165.0,108.0,133.0,138.0
159.0,173.0,119.0,151.0,153.0
150.0,180.0,169.0,126.0,131.0
176.0,165.0,209.0,158.0,184.0
146.0,116.0,133.0,119.0,130.0
151.0,155.0,145.0,153.0,150.0
140.0,143.0,150.0,176.0,151.0
156.0,160.0,160.0,109.0,127.0
189.0,176.0,192.0,133.0,204.0
174.0,151.0,169.0,192.0,172.0
148.0,145.0,167.0,117.0,155.0
167.0,172.0,157.0,167.0,171.0
196.0,180.0,195.0,185.0,160.0
134.0,131.0,125.0,139.0,135.0
157.0,155.0,167.0,166.0,175.0
127.0,142.0,157.0,0.0,155.0
182.0,192.0,186.0,300.0,194.0
115.0,100.0,130.0,70.0,129.0
117.0,95.0,132.0,120.0,137.0
180.0,162.0,147.0,188.0,161.0
132.0,149.0,129.0,165.0,108.0
156.0,142.0,183.0,124.0,164.0
185.0,156.0,202.0,153.0,153.0
106.0,158.0,127.0,133.0,145.0
106.0,133.0,181.0,157.0,118.0
133.0,142.0,181.0,169.0,126.0
166.0,159.0,183.0,115.0,174.0
105.0,116.0,109.0,136.0,88.0
183.0,157.0,195.0,187.0,155.0
230.0,227.0,211.0,161.0,222.0
212.0,171.0,228.0,150.0,183.0
121.0,127.0,145.0,126.0,125.0
134.0,140.0,130.0,124.0,143.0
188.0,121.0,165.0,159.0,143.0
139.0,125.0,151.0,169.0,121.0
149.0,158.0,149.0,121.0,122.0
178.0,173.0,128.0,119.0,149.0
224.0,192.0,228.0,171.0,182.0
89.0,85.0,113.0,0.0,104.0
195.0,210.0,156.0,119.0,181.0
154.0,155.0,167.0,134.0,137.0
148.0,148.0,157.0,129.0,151.0
131.0,162.0,148.0,174.0,143.0
199.0,179.0,179.0,132.0,165.0
121.0,78.0,110.0,127.0,133.0
146.0,115.0,114.0,117.0,182.0
138.0,135.0,140.0,160.0,163.0
190.0,146.0,214.0,153.0,176.0
218.0,180.0,204.0,164.0,192.0
88.0,81.0,134.0,170.0,99.0
171.0,169.0,150.0,170.0,152.0
157.0,107.0,163.0,172.0,139.0
149.0,138.0,132.0,0.0,125.0
132.0,165.0,138.0,115.0,154.0
158.0,102.0,169.0,0.0,127.0
176.0,171.0,156.0,152.0,147.0
145.0,131.0,157.0,161.0,140.0
149.0,154.0,138.0,155.0,121.0
142.0,110.0,121.0,123.0,132.0
169.0,155.0,213.0,181.0,172.0
170.0,172.0,187.0,163.0,154.0
150.0,97.0,99.0,83.0,96.0
105.0,123.0,164.0,118.0,121.0
207.0,199.0,175.0,165.0,147.0
175.0,131.0,164.0,118.0,172.0
139.0,115.0,116.0,128.0,136.0
179.0,197.0,217.0,162.0,156.0
144.0,147.0,176.0,146.0,133.0
184.0,160.0,125.0,128.0,96.0
150.0,155.0,183.0,173.0,160.0
186.0,197.0,185.0,161.0,169.0
168.0,189.0,189.0,128.0,174.0
170.0,184.0,197.0,152.0,165.0
158.0,147.0,136.0,0.0,112.0
126.0,151.0,173.0,128.0,159.0
145.0,165.0,127.0,153.0,129.0
210.0,196.0,214.0,202.0,226.0
186.0,173.0,156.0,96.0,88.0
202.0,211.0,214.0,130.0,199.0
144.0,115.0,171.0,145.0,137.0
120.0,144.0,117.0,125.0,140.0
195.0,206.0,209.0,168.0,188.0
166.0,149.0,137.0,134.0,121.0
139.0,139.0,179.0,118.0,188.0
186.0,178.0,157.0,155.0,150.0
147.0,131.0,115.0,110.0,114.0
112.0,92.0,95.0,146.0,138.0
119.0,143.0,119.0,140.0,135.0
170.0,190.0,171.0,146.0,180.0
111.0,91.0,97.0,164.0,161.0
164.0,116.0,163.0,123.0,141.0
140.0,143.0,138.0,0.0,194.0
93.0,117.0,109.0,121.0,115.0
142.0,158.0,144.0,123.0,112.0
153.0,178.0,123.0,113.0,165.0
195.0,202.0,217.0,122.0,195.0
137.0,102.0,129.0,0.0,132.0
106.0,124.0,127.0,69.0,140.0
141.0,134.0,153.0,109.0,127.0
149.0,167.0,177.0,119.0,133.0
143.0,167.0,172.0,158.0,181.0
110.0,86.0,117.0,121.0,88.0
169.0,184.0,169.0,121.0,152.0
142.0,142.0,146.0,140.0,157.0
142.0,162.0,104.0,122.0,107.0
170.0,202.0,163.0,185.0,166.0
95.0,133.0,144.0,0.0,134.0
150.0,104.0,177.0,169.0,155.0
195.0,197.0,204.0,158.0,206.0
162.0,183.0,186.0,176.0,176.0
144.0,134.0,154.0,153.0,137.0
150.0,133.0,171.0,158.0,171.0
188.0,196.0,176.0,179.0,197.0
139.0,162.0,160.0,153.0,133.0
98.0,102.0,146.0,131.0,170.0
200.0,182.0,188.0,123.0,149.0
122.0,101.0,109.0,106.0,70.0
206.0,194.0,207.0,121.0,173.0
137.0,139.0,165.0,139.0,150.0
184.0,169.0,208.0,149.0,177.0
163.0,132.0,154.0,134.0,145.0
127.0,140.0,106.0,120.0,84.0
210.0,200.0,220.0,149.0,219.0
152.0,148.0,128.0,167.0,121.0
111.0,95.0,103.0,127.0,80.0
109.0,113.0,219.0,124.0,191.0
128.0,115.0,155.0,155.0,131.0
202.0,179.0,188.0,174.0,152.0
172.0,191.0,205.0,167.0,159.0
192.0,176.0,160.0,167.0,194.0
151.0,153.0,165.0,186.0,141.0
212.0,181.0,195.0,177.0,190.0
169.0,144.0,144.0,122.0,122.0
153.0,154.0,152.0,149.0,140.0
86.0,116.0,131.0,73.0,109.0
207.0,195.0,199.0,184.0,172.0
192.0,186.0,170.0,154.0,147.0
155.0,199.0,162.0,145.0,137.0
123.0,97.0,120.0,133.0,129.0
138.0,126.0,142.0,109.0,130.0
174.0,188.0,222.0,164.0,151.0
150.0,166.0,151.0,154.0,126.0
173.0,179.0,161.0,127.0,190.0
128.0,124.0,144.0,0.0,150.0
145.0,125.0,121.0,0.0,131.0
165.0,143.0,106.0,169.0,178.0
104.0,103.0,164.0,151.0,90.0
166.0,157.0,105.0,166.0,146.0
160.0,151.0,166.0,300.0,135.0
132.0,131.0,161.0,128.0,104.0
119.0,127.0,116.0,0.0,112.0
170.0,122.0,215.0,143.0,162.0
208.0,188.0,179.0,167.0,191.0
164.0,145.0,168.0,159.0,152.0
169.0,176.0,198.0,146.0,160.0
99.0,122.0,178.0,169.0,91.0
170.0,196.0,132.0,136.0,159.0
135.0,143.0,134.0,114.0,136.0
112.0,127.0,110.0,126.0,120.0
119.0,109.0,122.0,156.0,110.0
211.0,204.0,300.0,188.0,214.0
142.0,138.0,171.0,151.0,126.0
154.0,163.0,222.0,150.0,126.0
193.0,177.0,197.0,171.0,111.0
184.0,161.0,148.0,113.0,168.0
148.0,147.0,182.0,146.0,167.0
147.0,120.0,138.0,156.0,151.0
144.0,166.0,155.0,164.0,109.0
131.0,71.0,109.0,125.0,113.0
136.0,152.0,111.0,180.0,156.0
167.0,189.0,145.0,0.0,144.0
176.0,163.0,169.0,121.0,182.0
166.0,130.0,162.0,169.0,173.0
179.0,169.0,141.0,105.0,153.0
160.0,163.0,164.0,97.0,172.0
175.0,198.0,180.0,150.0,184.0
117.0,124.0,106.0,143.0,116.0
111.0,128.0,132.0,164.0,98.0
185.0,152.0,197.0,121.0,123.0
149.0,140.0,159.0,161.0,135.0
108.0,115.0,108.0,0.0,112.0
196.0,162.0,154.0,122.0,171.0
172.0,174.0,138.0,116.0,148.0
185.0,194.0,205.0,127.0,183.0
150.0,171.0,146.0,119.0,197.0
203.0,196.0,197.0,170.0,175.0
119.0,94.0,141.0,114.0,101.0
184.0,199.0,160.0,148.0,146.0
126.0,119.0,144.0,130.0,122.0
169.0,106.0,163.0,173.0,195.0
124.0,143.0,144.0,128.0,135.0
167.0,121.0,151.0,158.0,192.0
161.0,184.0,154.0,161.0,146.0
212.0,198.0,204.0,173.0,185.0
156.0,163.0,199.0,149.0,153.0
114.0,117.0,100.0,179.0,102.0
190.0,150.0,194.0,123.0,158.0
157.0,162.0,151.0,144.0,166.0
154.0,154.0,150.0,156.0,165.0
112.0,116.0,123.0,80.0,104.0
117.0,103.0,149.0,104.0,156.0
163.0,154.0,184.0,159.0,160.0
140.0,160.0,139.0,162.0,139.0
178.0,168.0,160.0,135.0,139.0
168.0,152.0,126.0,0.0,150.0
148.0,116.0,115.0,144.0,101.0
147.0,171.0,148.0,127.0,142.0
165.0,189.0,205.0,161.0,162.0
197.0,168.0,162.0,169.0,85.0
159.0,143.0,150.0,150.0,162.0
129.0,156.0,161.0,144.0,206.0
163.0,123.0,106.0,169.0,132.0
150.0,169.0,104.0,105.0,150.0
179.0,152.0,183.0,170.0,187.0
120.0,100.0,125.0,170.0,123.0
146.0,86.0,118.0,0.0,114.0
170.0,137.0,154.0,145.0,130.0
146.0,116.0,135.0,111.0,157.0
165.0,130.0,183.0,156.0,154.0
142.0,117.0,143.0,130.0,113.0
159.0,139.0,124.0,151.0,166.0
130.0,87.0,178.0,99.0,127.0
93.0,103.0,121.0,134.0,106.0
185.0,224.0,180.0,153.0,161.0
118.0,121.0,133.0,111.0,128.0
115.0,98.0,130.0,149.0,125.0
138.0,122.0,133.0,148.0,136.0
145.0,204.0,134.0,153.0,192.0
144.0,150.0,129.0,0.0,158.0
95.0,110.0,134.0,121.0,105.0
166.0,183.0,166.0,178.0,137.0
171.0,177.0,176.0,170.0,157.0
171.0,180.0,212.0,89.0,168.0
158.0,175.0,155.0,128.0,160.0
147.0,165.0,148.0,123.0,160.0
123.0,124.0,172.0,178.0,106.0
127.0,90.0,156.0,170.0,104.0
107.0,92.0,109.0,112.0,103.0
172.0,137.0,166.0,144.0,186.0
206.0,140.0,176.0,176.0,191.0
164.0,121.0,162.0,157.0,185.0
115.0,100.0,149.0,150.0,143.0
195.0,182.0,211.0,118.0,148.0
209.0,111.0,221.0,300.0,217.0
121.0,134.0,133.0,153.0,163.0
179.0,102.0,171.0,172.0,193.0
150.0,122.0,120.0,120.0,146.0
146.0,122.0,146.0,186.0,140.0
202.0,194.0,211.0,156.0,208.0
123.0,120.0,133.0,126.0,104.0
189.0,119.0,159.0,163.0,191.0
212.0,154.0,219.0,129.0,168.0
133.0,81.0,81.0,111.0,107.0
189.0,188.0,194.0,167.0,202.0
173.0,164.0,191.0,152.0,129.0
141.0,147.0,154.0,152.0,164.0
95.0,183.0,153.0,146.0,127.0
160.0,183.0,193.0,148.0,110.0
199.0,210.0,161.0,175.0,122.0
184.0,161.0,154.0,167.0,121.0
139.0,138.0,154.0,116.0,141.0
110.0,87.0,140.0,125.0,93.0
109.0,103.0,108.0,105.0,118.0
175.0,183.0,183.0,146.0,135.0
155.0,142.0,184.0,113.0,128.0
120.0,103.0,152.0,170.0,113.0
152.0,117.0,125.0,123.0,111.0
148.0,139.0,118.0,110.0,159.0
124.0,102.0,108.0,155.0,117.0
138.0,158.0,163.0,148.0,149.0
141.0,142.0,151.0,174.0,122.0
181.0,146.0,167.0,131.0,158.0
183.0,180.0,215.0,200.0,188.0
134.0,155.0,183.0,179.0,184.0
149.0,148.0,122.0,123.0,125.0
113.0,112.0,122.0,116.0,133.0
72.0,95.0,132.0,0.0,101.0
114.0,138.0,153.0,183.0,181.0
193.0,152.0,227.0,118.0,153.0
149.0,154.0,173.0,164.0,155.0
159.0,127.0,133.0,118.0,117.0
206.0,213.0,173.0,167.0,222.0
186.0,134.0,164.0,155.0,147.0
154.0,159.0,172.0,130.0,178.0
146.0,149.0,194.0,153.0,179.0
138.0,149.0,158.0,127.0,139.0
137.0,132.0,163.0,176.0,130.0
146.0,147.0,163.0,151.0,119.0
166.0,145.0,138.0,109.0,114.0
109.0,89.0,161.0,141.0,127.0
123.0,116.0,124.0,124.0,146.0
160.0,198.0,169.0,125.0,106.0
156.0,154.0,179.0,89.0,134.0
170.0,184.0,122.0,163.0,127.0
117.0,157.0,126.0,159.0,120.0
176.0,198.0,193.0,112.0,184.0
204.0,222.0,128.0,175.0,186.0
210.0,201.0,214.0,120.0,191.0
164.0,144.0,177.0,149.0,164.0
93.0,88.0,152.0,109.0,97.0
153.0,101.0,157.0,99.0,163.0
141.0,103.0,190.0,131.0,137.0
189.0,158.0,200.0,117.0,155.0
188.0,216.0,166.0,125.0,211.0
172.0,200.0,184.0,121.0,163.0
196.0,167.0,177.0,163.0,188.0
142.0,120.0,122.0,121.0,97.0
140.0,140.0,158.0,133.0,121.0
108.0,142.0,125.0,156.0,124.0
138.0,121.0,161.0,171.0,114.0
114.0,96.0,134.0,176.0,133.0
106.0,106.0,124.0,121.0,94.0
138.0,146.0,148.0,121.0,117.0
172.0,175.0,200.0,115.0,165.0
137.0,174.0,143.0,165.0,136.0
176.0,150.0,212.0,113.0,191.0
206.0,196.0,216.0,156.0,158.0
171.0,178.0,183.0,155.0,168.0
213.0,206.0,193.0,127.0,182.0
140.0,160.0,129.0,125.0,161.0
124.0,143.0,133.0,147.0,121.0
156.0,155.0,197.0,161.0,176.0
138.0,114.0,142.0,77.0,133.0
126.0,96.0,140.0,0.0,139.0
160.0,158.0,145.0,126.0,122.0
131.0,95.0,146.0,174.0,138.0
141.0,134.0,143.0,123.0,136.0
137.0,116.0,125.0,165.0,116.0
220.0,206.0,158.0,116.0,172.0
162.0,140.0,143.0,104.0,180.0
177.0,146.0,145.0,172.0,149.0
170.0,155.0,171.0,174.0,145.0
172.0,165.0,144.0,128.0,155.0
166.0,161.0,189.0,155.0,156.0
188.0,182.0,181.0,171.0,185.0
137.0,137.0,124.0,182.0,114.0
110.0,94.0,109.0,122.0,123.0
170.0,205.0,144.0,167.0,176.0
167.0,155.0,175.0,0.0,125.0
206.0,182.0,200.0,122.0,173.0
132.0,155.0,192.0,193.0,128.0
192.0,204.0,193.0,111.0,188.0
194.0,185.0,162.0,172.0,188.0
158.0,148.0,165.0,153.0,174.0
123.0,138.0,141.0,179.0,121.0
120.0,145.0,175.0,155.0,153.0
229.0,211.0,228.0,160.0,162.0
170.0,137.0,122.0,126.0,114.0
148.0,141.0,127.0,146.0,103.0
178.0,174.0,145.0,140.0,201.0
108.0,105.0,109.0,0.0,139.0
142.0,139.0,157.0,128.0,143.0
113.0,118.0,147.0,161.0,144.0
168.0,164.0,173.0,170.0,149.0
147.0,186.0,156.0,155.0,136.0
103.0,130.0,124.0,104.0,119.0
162.0,167.0,166.0,162.0,180.0
143.0,68.0,127.0,115.0,167.0
182.0,185.0,171.0,151.0,148.0
177.0,194.0,195.0,116.0,198.0
192.0,189.0,179.0,127.0,150.0
136.0,120.0,136.0,159.0,142.0
130.0,98.0,120.0,96.0,121.0
146.0,168.0,152.0,81.0,156.0
141.0,110.0,129.0,151.0,151.0
195.0,193.0,204.0,198.0,191.0
149.0,138.0,155.0,108.0,112.0
122.0,126.0,118.0,146.0,119.0
88.0,109.0,118.0,136.0,129.0
113.0,95.0,102.0,164.0,137.0
180.0,175.0,157.0,163.0,137.0
192.0,161.0,155.0,0.0,158.0
154.0,140.0,163.0,168.0,140.0
109.0,138.0,134.0,145.0,97.0
175.0,161.0,176.0,160.0,130.0
179.0,162.0,146.0,184.0,147.0
165.0,148.0,162.0,126.0,178.0
143.0,102.0,152.0,169.0,102.0
112.0,109.0,139.0,147.0,119.0
146.0,137.0,139.0,128.0,131.0
145.0,127.0,155.0,163.0,126.0
140.0,155.0,148.0,0.0,149.0
90.0,136.0,132.0,141.0,100.0
157.0,108.0,151.0,146.0,151.0
176.0,150.0,169.0,132.0,153.0
172.0,164.0,187.0,173.0,192.0
179.0,181.0,150.0,153.0,163.0
149.0,169.0,145.0,162.0,147.0
138.0,156.0,121.0,116.0,107.0
161.0,168.0,158.0,124.0,161.0
191.0,171.0,190.0,119.0,194.0
141.0,103.0,122.0,167.0,122.0
141.0,168.0,188.0,169.0,129.0
231.0,226.0,225.0,300.0,189.0
96.0,137.0,125.0,145.0,103.0
129.0,140.0,119.0,118.0,104.0
108.0,142.0,151.0,126.0,98.0
123.0,146.0,124.0,91.0,95.0
141.0,135.0,156.0,139.0,158.0
161.0,163.0,198.0,155.0,166.0
186.0,198.0,184.0,148.0,146.0
178.0,143.0,116.0,138.0,171.0
134.0,92.0,107.0,121.0,125.0
135.0,141.0,136.0,145.0,181.0
152.0,150.0,140.0,135.0,123.0
168.0,125.0,178.0,114.0,137.0
150.0,160.0,167.0,151.0,135.0
159.0,137.0,115.0,170.0,136.0
176.0,174.0,179.0,151.0,167.0
142.0,143.0,177.0,123.0,117.0
162.0,141.0,111.0,135.0,115.0
165.0,171.0,158.0,109.0,115.0
172.0,158.0,153.0,300.0,126.0
166.0,106.0,156.0,148.0,139.0
147.0,88.0,141.0,111.0,116.0
145.0,143.0,159.0,116.0,150.0
174.0,77.0,186.0,122.0,125.0
143.0,111.0,140.0,128.0,171.0
197.0,192.0,192.0,195.0,149.0
120.0,139.0,156.0,156.0,140.0
162.0,127.0,100.0,133.0,130.0
142.0,135.0,153.0,156.0,100.0
102.0,123.0,129.0,168.0,137.0
153.0,149.0,152.0,157.0,153.0
150.0,184.0,167.0,124.0,111.0
130.0,120.0,129.0,148.0,120.0
179.0,143.0,192.0,125.0,198.0
149.0,149.0,138.0,100.0,131.0
148.0,98.0,104.0,170.0,121.0
146.0,148.0,136.0,131.0,108.0
102.0,120.0,135.0,119.0,119.0
197.0,173.0,191.0,186.0,214.0
169.0,168.0,162.0,180.0,177.0
182.0,175.0,191.0,147.0,180.0
154.0,130.0,152.0,67.0,120.0
207.0,181.0,120.0,115.0,179.0
144.0,151.0,149.0,136.0,116.0
147.0,130.0,134.0,124.0,96.0
165.0,189.0,190.0,149.0,171.0
118.0,167.0,192.0,131.0,127.0
136.0,136.0,132.0,119.0,99.0
101.0,99.0,148.0,114.0,95.0
159.0,159.0,142.0,129.0,172.0
115.0,123.0,138.0,126.0,151.0
143.0,146.0,201.0,150.0,140.0
93.0,110.0,121.0,134.0,119.0
142.0,158.0,150.0,120.0,143.0
204.0,179.0,193.0,116.0,167.0
190.0,180.0,154.0,165.0,140.0
128.0,141.0,145.0,124.0,146.0
133.0,159.0,130.0,85.0,128.0
171.0,179.0,155.0,150.0,146.0
166.0,199.0,166.0,122.0,169.0
125.0,107.0,150.0,116.0,123.0
156.0,170.0,138.0,178.0,182.0
125.0,132.0,156.0,149.0,92.0
160.0,137.0,185.0,116.0,174.0
177.0,189.0,205.0,181.0,101.0
152.0,177.0,123.0,156.0,131.0
203.0,130.0,212.0,0.0,128.0
176.0,153.0,160.0,119.0,154.0
174.0,169.0,209.0,154.0,169.0
127.0,153.0,169.0,146.0,94.0
118.0,152.0,129.0,113.0,121.0
200.0,216.0,192.0,300.0,167.0
138.0,121.0,133.0,129.0,90.0
198.0,205.0,183.0,169.0,209.0
123.0,118.0,147.0,136.0,119.0
147.0,145.0,106.0,178.0,99.0
113.0,121.0,118.0,103.0,152.0
153.0,133.0,155.0,129.0,132.0
178.0,87.0,182.0,149.0,185.0
202.0,156.0,205.0,123.0,175.0
135.0,91.0,132.0,143.0,98.0
197.0,141.0,178.0,195.0,164.0
139.0,100.0,137.0,163.0,114.0
160.0,158.0,153.0,0.0,136.0
206.0,208.0,201.0,135.0,222.0
150.0,179.0,174.0,148.0,177.0
130.0,141.0,117.0,118.0,78.0
129.0,121.0,142.0,128.0,109.0
166.0,157.0,168.0,167.0,186.0
165.0,163.0,136.0,151.0,169.0
187.0,172.0,208.0,300.0,151.0
85.0,98.0,130.0,121.0,87.0
175.0,159.0,126.0,166.0,156.0
180.0,189.0,162.0,123.0,131.0
184.0,168.0,205.0,166.0,181.0
111.0,145.0,108.0,123.0,97.0
159.0,185.0,180.0,125.0,189.0
144.0,160.0,137.0,110.0,118.0
174.0,167.0,212.0,163.0,190.0
102.0,111.0,108.0,172.0,94.0
156.0,163.0,150.0,158.0,161.0
155.0,170.0,158.0,140.0,127.0
163.0,164.0,172.0,124.0,184.0
153.0,124.0,135.0,113.0,134.0
122.0,145.0,111.0,115.0,119.0
182.0,180.0,169.0,117.0,165.0
113.0,103.0,136.0,151.0,159.0
176.0,211.0,206.0,187.0,199.0
186.0,134.0,186.0,171.0,165.0
165.0,171.0,142.0,167.0,123.0
188.0,169.0,213.0,0.0,166.0
111.0,120.0,135.0,0.0,112.0
158.0,143.0,181.0,142.0,120.0
155.0,120.0,126.0,158.0,127.0
174.0,153.0,170.0,181.0,209.0
154.0,156.0,139.0,130.0,164.0
148.0,150.0,153.0,110.0,172.0
180.0,154.0,191.0,178.0,183.0
182.0,202.0,181.0,174.0,150.0
157.0,162.0,143.0,90.0,197.0
195.0,200.0,177.0,151.0,202.0
196.0,199.0,178.0,169.0,170.0
104.0,99.0,113.0,108.0,117.0
188.0,153.0,188.0,171.0,152.0
183.0,213.0,151.0,134.0,169.0
136.0,126.0,139.0,122.0,119.0
193.0,166.0,300.0,176.0,169.0
162.0,163.0,152.0,165.0,156.0
151.0,167.0,159.0,123.0,167.0
134.0,168.0,165.0,118.0,166.0
161.0,176.0,127.0,148.0,184.0
167.0,125.0,146.0,167.0,149.0
212.0,196.0,196.0,153.0,186.0
171.0,191.0,161.0,147.0,181.0
166.0,160.0,203.0,174.0,174.0
181.0,168.0,212.0,148.0,182.0
150.0,154.0,168.0,137.0,152.0
119.0,149.0,148.0,146.0,125.0
143.0,132.0,152.0,156.0,182.0
155.0,102.0,212.0,154.0,189.0
222.0,221.0,213.0,300.0,184.0
191.0,165.0,162.0,163.0,148.0
110.0,86.0,100.0,0.0,98.0
183.0,100.0,125.0,153.0,137.0
163.0,165.0,185.0,123.0,153.0
108.0,155.0,114.0,130.0,87.0
109.0,97.0,145.0,166.0,144.0
144.0,128.0,142.0,119.0,129.0
157.0,137.0,152.0,175.0,134.0
145.0,133.0,153.0,151.0,156.0
161.0,159.0,156.0,126.0,144.0
150.0,188.0,142.0,158.0,160.0
139.0,150.0,154.0,167.0,130.0
120.0,118.0,123.0,0.0,107.0
151.0,174.0,147.0,150.0,141.0
156.0,91.0,119.0,152.0,139.0
159.0,138.0,134.0,106.0,115.0
147.0,162.0,172.0,144.0,172.0
206.0,180.0,196.0,159.0,194.0
116.0,108.0,181.0,124.0,102.0
168.0,178.0,185.0,162.0,154.0
157.0,153.0,144.0,162.0,161.0
96.0,111.0,149.0,128.0,114.0
206.0,183.0,300.0,166.0,138.0
140.0,139.0,161.0,132.0,128.0
134.0,133.0,134.0,74.0,130.0
187.0,175.0,300.0,300.0,149.0
156.0,145.0,139.0,119.0,125.0
180.0,166.0,198.0,173.0,177.0
140.0,132.0,157.0,156.0,144.0
156.0,155.0,135.0,116.0,153.0
133.0,155.0,128.0,121.0,130.0
181.0,171.0,160.0,122.0,165.0
175.0,83.0,172.0,156.0,160.0
172.0,158.0,161.0,159.0,167.0
177.0,148.0,187.0,152.0,192.0
117.0,125.0,144.0,119.0,126.0
127.0,130.0,124.0,142.0,143.0
115.0,150.0,131.0,0.0,111.0
121.0,130.0,140.0,114.0,139.0
167.0,167.0,134.0,138.0,167.0
168.0,160.0,149.0,168.0,118.0
189.0,198.0,171.0,153.0,179.0
147.0,112.0,117.0,113.0,76.0
152.0,136.0,159.0,0.0,118.0
180.0,122.0,185.0,162.0,128.0
179.0,139.0,130.0,153.0,101.0
137.0,93.0,172.0,116.0,131.0
184.0,165.0,184.0,122.0,165.0
131.0,88.0,127.0,125.0,112.0
166.0,171.0,125.0,74.0,146.0
211.0,207.0,198.0,170.0,196.0
141.0,129.0,138.0,0.0,135.0
121.0,123.0,130.0,155.0,151.0
138.0,150.0,129.0,95.0,117.0
199.0,186.0,151.0,171.0,148.0
158.0,124.0,113.0,159.0,125.0
156.0,149.0,165.0,180.0,114.0
125.0,102.0,131.0,114.0,121.0
149.0,105.0,149.0,176.0,174.0
140.0,159.0,159.0,114.0,157.0
185.0,217.0,187.0,300.0,182.0
168.0,134.0,127.0,122.0,140.0
223.0,206.0,177.0,174.0,156.0
179.0,131.0,143.0,147.0,121.0
179.0,205.0,151.0,159.0,148.0
171.0,183.0,137.0,170.0,122.0
196.0,187.0,177.0,113.0,162.0
146.0,155.0,131.0,153.0,131.0
206.0,194.0,174.0,156.0,205.0
190.0,199.0,181.0,145.0,163.0
164.0,144.0,161.0,190.0,68.0
147.0,147.0,183.0,124.0,130.0
116.0,116.0,121.0,0.0,118.0
198.0,170.0,170.0,147.0,137.0
132.0,104.0,128.0,118.0,116.0
156.0,168.0,147.0,129.0,187.0
174.0,157.0,158.0,120.0,139.0
194.0,155.0,222.0,189.0,166.0
168.0,145.0,156.0,126.0,149.0
162.0,169.0,168.0,149.0,174.0
164.0,178.0,161.0,119.0,137.0
120.0,108.0,125.0,159.0,148.0
88.0,102.0,117.0,0.0,112.0
133.0,142.0,124.0,163.0,131.0
184.0,183.0,210.0,151.0,124.0
149.0,158.0,133.0,124.0,141.0
150.0,169.0,155.0,100.0,169.0
167.0,210.0,188.0,169.0,179.0
158.0,140.0,122.0,151.0,147.0
121.0,87.0,114.0,147.0,136.0
162.0,145.0,124.0,121.0,136.0
196.0,183.0,205.0,160.0,150.0
150.0,125.0,156.0,124.0,158.0
156.0,149.0,108.0,123.0,140.0
107.0,108.0,126.0,127.0,91.0
189.0,177.0,162.0,171.0,166.0
163.0,165.0,207.0,134.0,139.0
184.0,134.0,198.0,153.0,149.0
164.0,181.0,167.0,144.0,118.0
148.0,157.0,189.0,122.0,147.0
183.0,218.0,190.0,176.0,196.0
84.0,108.0,125.0,0.0,126.0
116.0,97.0,111.0,167.0,117.0
192.0,211.0,191.0,164.0,189.0
219.0,224.0,173.0,166.0,168.0
166.0,152.0,141.0,0.0,109.0
154.0,143.0,157.0,169.0,154.0
169.0,179.0,166.0,116.0,164.0
193.0,181.0,175.0,131.0,145.0
147.0,94.0,138.0,138.0,156.0
187.0,160.0,200.0,147.0,193.0
158.0,166.0,179.0,126.0,139.0
144.0,143.0,154.0,148.0,107.0
147.0,128.0,153.0,152.0,122.0
160.0,159.0,144.0,173.0,140.0
104.0,135.0,161.0,161.0,138.0
132.0,156.0,129.0,110.0,150.0
143.0,140.0,148.0,89.0,130.0
186.0,192.0,201.0,174.0,178.0
138.0,122.0,157.0,117.0,119.0
163.0,145.0,216.0,165.0,172.0
158.0,169.0,120.0,151.0,169.0
172.0,139.0,105.0,166.0,120.0
200.0,192.0,191.0,169.0,205.0
119.0,107.0,122.0,132.0,96.0
141.0,182.0,207.0,156.0,133.0
138.0,137.0,161.0,160.0,153.0
156.0,174.0,168.0,179.0,121.0
174.0,82.0,202.0,165.0,112.0
121.0,117.0,153.0,113.0,93.0
147.0,139.0,170.0,148.0,141.0
186.0,163.0,160.0,158.0,218.0
113.0,131.0,196.0,130.0,90.0
130.0,136.0,174.0,171.0,171.0
165.0,176.0,126.0,121.0,134.0
178.0,181.0,167.0,143.0,178.0
161.0,151.0,154.0,121.0,159.0
145.0,166.0,149.0,122.0,171.0
198.0,180.0,178.0,129.0,192.0
134.0,132.0,140.0,103.0,113.0
162.0,174.0,161.0,140.0,118.0
188.0,184.0,202.0,154.0,193.0
151.0,78.0,152.0,190.0,174.0
164.0,175.0,202.0,195.0,121.0
155.0,83.0,97.0,155.0,152.0
118.0,133.0,138.0,120.0,85.0
184.0,193.0,182.0,176.0,188.0
167.0,174.0,129.0,110.0,127.0
202.0,200.0,214.0,183.0,187.0
135.0,169.0,159.0,143.0,129.0
167.0,149.0,100.0,122.0,128.0
145.0,120.0,134.0,189.0,124.0
167.0,155.0,158.0,138.0,136.0
195.0,174.0,173.0,173.0,206.0
186.0,198.0,183.0,159.0,194.0
147.0,181.0,130.0,123.0,172.0
171.0,76.0,147.0,142.0,179.0
116.0,125.0,142.0,147.0,110.0
162.0,157.0,182.0,174.0,190.0
149.0,105.0,159.0,180.0,127.0
117.0,124.0,156.0,131.0,125.0
171.0,163.0,163.0,112.0,179.0
177.0,179.0,202.0,113.0,174.0
114.0,106.0,122.0,121.0,111.0
127.0,110.0,106.0,0.0,141.0
129.0,152.0,183.0,122.0,140.0
181.0,164.0,134.0,143.0,169.0
147.0,149.0,148.0,158.0,129.0
123.0,118.0,169.0,123.0,115.0
184.0,188.0,191.0,188.0,94.0
160.0,138.0,131.0,117.0,118.0
139.0,108.0,158.0,157.0,141.0
116.0,108.0,136.0,127.0,108.0
118.0,81.0,96.0,144.0,82.0
192.0,179.0,178.0,126.0,171.0
139.0,115.0,162.0,121.0,161.0
118.0,137.0,151.0,141.0,145.0
177.0,201.0,164.0,162.0,200.0
175.0,204.0,145.0,154.0,190.0
163.0,140.0,139.0,190.0,140.0
154.0,155.0,193.0,126.0,142.0
117.0,129.0,129.0,0.0,96.0
194.0,124.0,195.0,186.0,175.0
110.0,138.0,124.0,131.0,143.0
140.0,120.0,172.0,150.0,173.0
136.0,179.0,139.0,145.0,168.0
165.0,144.0,176.0,137.0,149.0
300.0,207.0,223.0,175.0,229.0
140.0,159.0,121.0,118.0,111.0
172.0,159.0,172.0,118.0,161.0
190.0,174.0,165.0,124.0,173.0
162.0,145.0,124.0,151.0,150.0
135.0,163.0,123.0,170.0,119.0
186.0,174.0,193.0,164.0,127.0
189.0,188.0,156.0,168.0,161.0
128.0,151.0,121.0,145.0,191.0
151.0,186.0,146.0,160.0,128.0
175.0,145.0,171.0,146.0,151.0
125.0,143.0,176.0,110.0,118.0
150.0,137.0,152.0,128.0,128.0
138.0,100.0,94.0,100.0,115.0
171.0,169.0,104.0,147.0,122.0
203.0,172.0,165.0,168.0,143.0
142.0,148.0,157.0,125.0,138.0
153.0,142.0,192.0,116.0,130.0
178.0,163.0,174.0,156.0,130.0
145.0,155.0,157.0,164.0,130.0
135.0,126.0,157.0,83.0,142.0
115.0,102.0,164.0,119.0,113.0
131.0,88.0,119.0,167.0,83.0
138.0,138.0,156.0,131.0,122.0
120.0,95.0,128.0,88.0,120.0
178.0,180.0,180.0,176.0,177.0
199.0,122.0,190.0,174.0,182.0
158.0,144.0,184.0,165.0,157.0
140.0,129.0,141.0,121.0,165.0
133.0,150.0,142.0,160.0,167.0
160.0,144.0,181.0,116.0,121.0
162.0,186.0,147.0,0.0,156.0
138.0,186.0,173.0,175.0,166.0
183.0,168.0,160.0,151.0,134.0
179.0,125.0,175.0,118.0,162.0
146.0,116.0,147.0,135.0,144.0
112.0,120.0,125.0,127.0,127.0
168.0,150.0,206.0,184.0,178.0
124.0,107.0,160.0,176.0,154.0
184.0,182.0,156.0,122.0,99.0
168.0,148.0,142.0,155.0,125.0
174.0,187.0,168.0,167.0,192.0
185.0,205.0,200.0,300.0,227.0
177.0,152.0,133.0,123.0,186.0
125.0,119.0,112.0,123.0,88.0
177.0,158.0,180.0,161.0,157.0
154.0,126.0,166.0,165.0,151.0
106.0,113.0,121.0,117.0,99.0
184.0,189.0,214.0,159.0,158.0
201.0,193.0,205.0,118.0,187.0
156.0,133.0,163.0,146.0,139.0
140.0,114.0,113.0,178.0,144.0
160.0,159.0,163.0,0.0,143.0
111.0,107.0,121.0,140.0,124.0
139.0,143.0,145.0,170.0,171.0
203.0,198.0,184.0,176.0,176.0
123.0,113.0,136.0,109.0,136.0
136.0,157.0,180.0,150.0,130.0
127.0,135.0,120.0,125.0,133.0
114.0,98.0,117.0,177.0,106.0
115.0,104.0,114.0,120.0,100.0
136.0,118.0,104.0,94.0,82.0
148.0,176.0,151.0,113.0,123.0
194.0,205.0,215.0,183.0,202.0
160.0,184.0,192.0,122.0,195.0
162.0,173.0,154.0,131.0,123.0
118.0,104.0,149.0,120.0,129.0
165.0,168.0,209.0,135.0,175.0
153.0,139.0,200.0,143.0,149.0
158.0,176.0,160.0,164.0,188.0
171.0,159.0,121.0,120.0,141.0
209.0,179.0,228.0,175.0,196.0
141.0,140.0,141.0,163.0,141.0
106.0,88.0,130.0,109.0,127.0
88.0,126.0,141.0,164.0,114.0
96.0,108.0,139.0,126.0,129.0
112.0,94.0,114.0,129.0,78.0
104.0,121.0,133.0,153.0,147.0
152.0,90.0,166.0,122.0,135.0
165.0,167.0,139.0,175.0,158.0
116.0,134.0,121.0,118.0,128.0
209.0,300.0,300.0,154.0,300.0
155.0,133.0,196.0,180.0,153.0
119.0,111.0,111.0,116.0,89.0
179.0,185.0,152.0,175.0,138.0
145.0,136.0,116.0,0.0,127.0
120.0,91.0,137.0,116.0,127.0
149.0,161.0,129.0,131.0,129.0
131.0,92.0,128.0,145.0,138.0
182.0,178.0,190.0,169.0,196.0
199.0,193.0,174.0,175.0,194.0
126.0,127.0,120.0,119.0,112.0
155.0,133.0,134.0,138.0,133.0
176.0,154.0,181.0,113.0,149.0
149.0,146.0,154.0,152.0,166.0
160.0,158.0,146.0,149.0,180.0
180.0,145.0,168.0,118.0,128.0
143.0,127.0,162.0,136.0,148.0
103.0,96.0,141.0,121.0,96.0
144.0,181.0,151.0,165.0,137.0
174.0,152.0,132.0,143.0,155.0
154.0,139.0,171.0,105.0,157.0
187.0,183.0,165.0,182.0,162.0
121.0,151.0,114.0,0.0,127.0
173.0,179.0,156.0,142.0,139.0
173.0,183.0,177.0,114.0,188.0
93.0,76.0,169.0,127.0,155.0
148.0,103.0,126.0,130.0,116.0
138.0,117.0,149.0,129.0,122.0
137.0,137.0,124.0,84.0,103.0
162.0,156.0,156.0,151.0,210.0
124.0,130.0,162.0,146.0,164.0
218.0,204.0,154.0,186.0,213.0
157.0,189.0,139.0,153.0,165.0
133.0,98.0,135.0,95.0,107.0
138.0,108.0,126.0,0.0,119.0
202.0,200.0,165.0,152.0,173.0
143.0,120.0,121.0,104.0,108.0
144.0,123.0,108.0,0.0,132.0
148.0,121.0,127.0,167.0,123.0
126.0,125.0,181.0,112.0,146.0
143.0,117.0,133.0,132.0,113.0
177.0,159.0,191.0,158.0,168.0
178.0,165.0,132.0,147.0,166.0
129.0,125.0,140.0,144.0,133.0
176.0,178.0,157.0,163.0,143.0
138.0,150.0,109.0,119.0,113.0
134.0,136.0,130.0,143.0,131.0
171.0,159.0,162.0,174.0,164.0
189.0,171.0,119.0,130.0,138.0
152.0,167.0,193.0,123.0,144.0
148.0,179.0,180.0,134.0,151.0
115.0,143.0,132.0,151.0,109.0
125.0,88.0,126.0,179.0,144.0
137.0,142.0,126.0,125.0,83.0
160.0,170.0,144.0,124.0,150.0
113.0,123.0,113.0,82.0,114.0
142.0,116.0,148.0,122.0,118.0
146.0,142.0,118.0,119.0,143.0
139.0,105.0,132.0,132.0,111.0
132.0,146.0,172.0,174.0,160.0
152.0,186.0,149.0,111.0,108.0
133.0,78.0,108.0,113.0,61.0
175.0,132.0,127.0,127.0,153.0
160.0,108.0,164.0,0.0,136.0
113.0,138.0,157.0,141.0,126.0
174.0,199.0,160.0,125.0,172.0
135.0,100.0,205.0,152.0,102.0
162.0,176.0,147.0,120.0,129.0
90.0,107.0,142.0,167.0,147.0
204.0,184.0,162.0,127.0,170.0
109.0,129.0,133.0,148.0,136.0
107.0,87.0,155.0,135.0,78.0
183.0,200.0,174.0,171.0,171.0
150.0,133.0,121.0,122.0,121.0
156.0,95.0,162.0,151.0,160.0
160.0,136.0,185.0,193.0,139.0
178.0,185.0,176.0,125.0,194.0
220.0,195.0,300.0,172.0,213.0
124.0,119.0,118.0,85.0,114.0
164.0,158.0,165.0,117.0,176.0
168.0,149.0,161.0,159.0,170.0
144.0,163.0,143.0,90.0,156.0
114.0,137.0,122.0,117.0,106.0
152.0,152.0,200.0,157.0,181.0
143.0,114.0,137.0,136.0,106.0
156.0,112.0,117.0,167.0,113.0
183.0,167.0,152.0,119.0,140.0
144.0,121.0,155.0,117.0,160.0
113.0,106.0,124.0,112.0,106.0
142.0,122.0,114.0,131.0,128.0
170.0,160.0,148.0,169.0,153.0
187.0,117.0,169.0,163.0,144.0
183.0,183.0,212.0,160.0,189.0
102.0,116.0,149.0,116.0,101.0
203.0,199.0,221.0,172.0,203.0
103.0,85.0,125.0,117.0,128.0
155.0,89.0,109.0,111.0,155.0
178.0,137.0,194.0,177.0,106.0
160.0,145.0,186.0,122.0,153.0
108.0,117.0,168.0,117.0,109.0
209.0,200.0,202.0,162.0,192.0
137.0,140.0,137.0,172.0,149.0
119.0,126.0,143.0,114.0,120.0
177.0,202.0,170.0,159.0,160.0
184.0,166.0,137.0,153.0,146.0
169.0,169.0,214.0,158.0,200.0
128.0,126.0,108.0,147.0,149.0
149.0,151.0,181.0,168.0,183.0
204.0,156.0,161.0,173.0,159.0
148.0,150.0,129.0,121.0,128.0
137.0,168.0,153.0,152.0,131.0
159.0,141.0,165.0,171.0,109.0
176.0,179.0,178.0,154.0,189.0
147.0,101.0,116.0,114.0,138.0
183.0,179.0,167.0,130.0,155.0
123.0,132.0,125.0,119.0,107.0
181.0,152.0,136.0,119.0,121.0
130.0,122.0,122.0,122.0,149.0
174.0,123.0,175.0,0.0,151.0
203.0,159.0,169.0,159.0,220.0
144.0,134.0,172.0,162.0,148.0
163.0,152.0,177.0,132.0,142.0
175.0,142.0,211.0,160.0,162.0
164.0,169.0,197.0,169.0,151.0
128.0,165.0,147.0,144.0,150.0
199.0,207.0,203.0,113.0,167.0
129.0,105.0,113.0,0.0,96.0
130.0,174.0,126.0,131.0,172.0
161.0,153.0,157.0,146.0,174.0
193.0,196.0,300.0,153.0,177.0
160.0,132.0,132.0,157.0,114.0
177.0,149.0,175.0,125.0,157.0
150.0,160.0,160.0,124.0,174.0
191.0,191.0,179.0,147.0,163.0
175.0,182.0,127.0,174.0,117.0
146.0,78.0,159.0,160.0,113.0
300.0,226.0,206.0,162.0,183.0
149.0,141.0,139.0,99.0,112.0
118.0,120.0,128.0,0.0,122.0
170.0,160.0,158.0,154.0,156.0
146.0,127.0,174.0,124.0,115.0
122.0,146.0,207.0,167.0,108.0
161.0,130.0,132.0,144.0,138.0
162.0,141.0,129.0,124.0,155.0
153.0,126.0,153.0,116.0,117.0
218.0,233.0,210.0,0.0,198.0
150.0,188.0,149.0,117.0,182.0
113.0,97.0,128.0,149.0,133.0
123.0,108.0,153.0,166.0,126.0
154.0,136.0,171.0,126.0,128.0
144.0,137.0,166.0,121.0,143.0
104.0,102.0,129.0,119.0,88.0
113.0,117.0,142.0,125.0,82.0
139.0,108.0,123.0,153.0,77.0
157.0,180.0,137.0,111.0,142.0
99.0,109.0,151.0,124.0,151.0
184.0,187.0,161.0,153.0,149.0
152.0,156.0,148.0,147.0,133.0
189.0,165.0,162.0,124.0,183.0
179.0,163.0,163.0,150.0,157.0
135.0,138.0,154.0,152.0,162.0
182.0,182.0,201.0,166.0,198.0
186.0,171.0,154.0,143.0,174.0
193.0,198.0,194.0,167.0,154.0
155.0,185.0,171.0,133.0,225.0
135.0,113.0,0.0,0.0,139.0
126.0,140.0,156.0,174.0,176.0
156.0,165.0,142.0,175.0,159.0
199.0,194.0,218.0,178.0,184.0
88.0,128.0,122.0,180.0,103.0
161.0,150.0,95.0,168.0,176.0
189.0,187.0,189.0,165.0,150.0
182.0,174.0,164.0,162.0,206.0
209.0,197.0,209.0,126.0,188.0
146.0,172.0,161.0,169.0,162.0
172.0,176.0,165.0,150.0,157.0
112.0,106.0,149.0,112.0,115.0
128.0,150.0,158.0,123.0,134.0
192.0,177.0,211.0,165.0,214.0
137.0,145.0,108.0,114.0,164.0
179.0,165.0,175.0,120.0,147.0
123.0,92.0,148.0,150.0,104.0
153.0,110.0,117.0,124.0,130.0
151.0,128.0,170.0,175.0,110.0
193.0,167.0,190.0,160.0,135.0
140.0,117.0,138.0,161.0,103.0
188.0,185.0,124.0,122.0,160.0
300.0,184.0,300.0,179.0,169.0
126.0,164.0,165.0,127.0,103.0
194.0,215.0,208.0,196.0,193.0
184.0,153.0,152.0,168.0,148.0
125.0,138.0,144.0,157.0,136.0
168.0,176.0,187.0,148.0,180.0
106.0,124.0,136.0,0.0,150.0
112.0,131.0,105.0,145.0,141.0
121.0,123.0,111.0,98.0,136.0
162.0,149.0,136.0,141.0,146.0
171.0,144.0,176.0,169.0,135.0
149.0,135.0,165.0,145.0,140.0
181.0,177.0,135.0,134.0,211.0
160.0,166.0,148.0,155.0,164.0
149.0,114.0,133.0,125.0,91.0
172.0,171.0,164.0,167.0,171.0
203.0,212.0,182.0,156.0,174.0
84.0,83.0,103.0,132.0,91.0
156.0,97.0,165.0,160.0,108.0
176.0,171.0,174.0,138.0,138.0
190.0,172.0,162.0,124.0,175.0
183.0,187.0,198.0,151.0,174.0
153.0,142.0,124.0,76.0,134.0
155.0,98.0,166.0,161.0,184.0
134.0,121.0,182.0,91.0,113.0
201.0,196.0,300.0,128.0,187.0
152.0,109.0,169.0,154.0,168.0
197.0,185.0,300.0,161.0,200.0
121.0,106.0,83.0,135.0,125.0
158.0,139.0,170.0,170.0,140.0
197.0,205.0,170.0,145.0,92.0
163.0,190.0,201.0,164.0,208.0
176.0,184.0,170.0,125.0,189.0
174.0,147.0,189.0,128.0,186.0
178.0,146.0,188.0,177.0,124.0
184.0,185.0,213.0,300.0,179.0
171.0,145.0,162.0,175.0,132.0
145.0,198.0,180.0,128.0,178.0
161.0,183.0,191.0,154.0,138.0
138.0,140.0,181.0,156.0,122.0
182.0,188.0,190.0,165.0,133.0
180.0,146.0,134.0,93.0,146.0
229.0,178.0,230.0,165.0,180.0
123.0,131.0,113.0,118.0,114.0
183.0,175.0,189.0,174.0,162.0
209.0,219.0,300.0,174.0,187.0
111.0,123.0,139.0,118.0,86.0
176.0,178.0,165.0,116.0,174.0
148.0,103.0,184.0,153.0,163.0
139.0,172.0,109.0,130.0,139.0
167.0,171.0,156.0,159.0,139.0
148.0,145.0,141.0,0.0,140.0
179.0,158.0,198.0,126.0,166.0
109.0,94.0,109.0,150.0,76.0
167.0,167.0,129.0,119.0,140.0
151.0,139.0,209.0,188.0,145.0
112.0,86.0,139.0,179.0,124.0
181.0,181.0,211.0,150.0,175.0
134.0,126.0,156.0,121.0,113.0
111.0,119.0,112.0,156.0,95.0
151.0,137.0,169.0,169.0,149.0
180.0,184.0,161.0,129.0,172.0
127.0,100.0,177.0,120.0,94.0
134.0,118.0,127.0,117.0,153.0
95.0,100.0,111.0,124.0,129.0
84.0,128.0,124.0,117.0,111.0
124.0,148.0,132.0,114.0,139.0
143.0,113.0,117.0,145.0,103.0
138.0,88.0,135.0,0.0,108.0
169.0,158.0,169.0,161.0,198.0
174.0,194.0,137.0,125.0,112.0
170.0,187.0,183.0,135.0,193.0
163.0,143.0,213.0,162.0,193.0
155.0,166.0,142.0,150.0,122.0
125.0,97.0,150.0,122.0,149.0
198.0,195.0,188.0,174.0,203.0
101.0,109.0,101.0,167.0,66.0
131.0,153.0,153.0,162.0,158.0
168.0,168.0,195.0,163.0,159.0
151.0,142.0,122.0,152.0,158.0
109.0,138.0,129.0,112.0,137.0
137.0,76.0,176.0,0.0,108.0
158.0,147.0,129.0,132.0,137.0
157.0,131.0,105.0,123.0,111.0
172.0,174.0,216.0,176.0,154.0
122.0,112.0,136.0,87.0,103.0
183.0,188.0,181.0,174.0,158.0
163.0,191.0,173.0,87.0,129.0
185.0,170.0,199.0,175.0,95.0
180.0,164.0,195.0,149.0,151.0
145.0,128.0,159.0,153.0,145.0
139.0,118.0,104.0,122.0,124.0
160.0,176.0,149.0,134.0,90.0
172.0,213.0,175.0,186.0,162.0
144.0,112.0,146.0,156.0,184.0
136.0,120.0,132.0,150.0,95.0
184.0,196.0,176.0,156.0,128.0
118.0,110.0,145.0,124.0,114.0
135.0,134.0,140.0,121.0,172.0
178.0,175.0,165.0,154.0,142.0
153.0,105.0,164.0,119.0,171.0
153.0,121.0,142.0,149.0,133.0
140.0,156.0,176.0,300.0,109.0
189.0,167.0,209.0,164.0,112.0
196.0,177.0,177.0,127.0,223.0
121.0,92.0,134.0,118.0,126.0
146.0,103.0,136.0,117.0,126.0
124.0,160.0,135.0,122.0,164.0
123.0,130.0,132.0,113.0,105.0
200.0,165.0,201.0,180.0,89.0
142.0,162.0,185.0,168.0,189.0
131.0,85.0,132.0,130.0,98.0
126.0,121.0,131.0,0.0,101.0
143.0,174.0,167.0,145.0,191.0
163.0,152.0,184.0,127.0,145.0
161.0,155.0,177.0,166.0,71.0
152.0,111.0,139.0,124.0,153.0
130.0,104.0,137.0,124.0,103.0
168.0,90.0,162.0,0.0,152.0
168.0,141.0,124.0,153.0,161.0
146.0,128.0,169.0,114.0,159.0
158.0,170.0,179.0,125.0,136.0
149.0,192.0,152.0,149.0,129.0
132.0,104.0,154.0,0.0,103.0
176.0,204.0,167.0,144.0,151.0
141.0,117.0,124.0,116.0,127.0
141.0,133.0,138.0,171.0,111.0
143.0,172.0,116.0,168.0,164.0
116.0,109.0,96.0,115.0,97.0
158.0,145.0,161.0,124.0,133.0
174.0,167.0,176.0,148.0,142.0
143.0,112.0,160.0,118.0,151.0
125.0,129.0,136.0,173.0,151.0
111.0,109.0,189.0,169.0,132.0
166.0,161.0,164.0,151.0,166.0
135.0,127.0,156.0,202.0,166.0
127.0,141.0,149.0,0.0,109.0
196.0,166.0,217.0,197.0,120.0
173.0,185.0,115.0,142.0,165.0
139.0,163.0,179.0,127.0,149.0
144.0,148.0,157.0,196.0,129.0
150.0,117.0,96.0,152.0,114.0
124.0,127.0,132.0,117.0,99.0
94.0,95.0,141.0,118.0,95.0
174.0,183.0,162.0,123.0,160.0
140.0,108.0,98.0,0.0,140.0
129.0,166.0,199.0,195.0,176.0
128.0,93.0,0.0,141.0,139.0
125.0,144.0,157.0,148.0,109.0
171.0,161.0,124.0,115.0,162.0
144.0,138.0,142.0,0.0,99.0
138.0,174.0,96.0,116.0,195.0
170.0,177.0,152.0,120.0,152.0
178.0,164.0,137.0,97.0,154.0
218.0,226.0,210.0,213.0,137.0
132.0,161.0,142.0,127.0,153.0
185.0,196.0,174.0,126.0,216.0
147.0,133.0,161.0,141.0,166.0
157.0,163.0,143.0,179.0,162.0
159.0,183.0,77.0,146.0,145.0
152.0,148.0,121.0,156.0,156.0
149.0,178.0,110.0,156.0,179.0
149.0,115.0,157.0,130.0,137.0
148.0,173.0,167.0,160.0,198.0
157.0,151.0,141.0,94.0,155.0
219.0,198.0,300.0,167.0,218.0
219.0,220.0,214.0,146.0,204.0
109.0,120.0,127.0,152.0,129.0
155.0,169.0,216.0,172.0,145.0
95.0,121.0,143.0,114.0,93.0
170.0,138.0,145.0,126.0,134.0
160.0,158.0,153.0,129.0,133.0
210.0,192.0,146.0,118.0,161.0
128.0,126.0,139.0,120.0,143.0
168.0,136.0,166.0,0.0,167.0
174.0,143.0,150.0,133.0,159.0
145.0,162.0,148.0,190.0,152.0
193.0,204.0,177.0,166.0,203.0
163.0,159.0,171.0,172.0,136.0
210.0,174.0,205.0,162.0,188.0
159.0,151.0,136.0,0.0,124.0
123.0,121.0,109.0,111.0,82.0
93.0,93.0,150.0,126.0,135.0
169.0,200.0,165.0,124.0,148.0
126.0,107.0,123.0,0.0,141.0
143.0,135.0,144.0,145.0,149.0
160.0,171.0,173.0,84.0,176.0
179.0,172.0,300.0,172.0,196.0
150.0,139.0,117.0,80.0,125.0
174.0,147.0,176.0,173.0,109.0
134.0,106.0,120.0,153.0,119.0
120.0,118.0,101.0,76.0,109.0
118.0,123.0,139.0,117.0,114.0
151.0,131.0,135.0,0.0,125.0
131.0,133.0,193.0,178.0,181.0
300.0,229.0,207.0,186.0,168.0
159.0,153.0,162.0,167.0,174.0
140.0,139.0,133.0,95.0,133.0
180.0,185.0,184.0,159.0,181.0
146.0,154.0,141.0,148.0,157.0
179.0,160.0,162.0,114.0,162.0
138.0,136.0,141.0,95.0,123.0
154.0,138.0,146.0,136.0,148.0
134.0,136.0,129.0,170.0,124.0
137.0,159.0,156.0,172.0,162.0
134.0,145.0,117.0,86.0,119.0
151.0,150.0,129.0,112.0,138.0
114.0,106.0,144.0,146.0,149.0
144.0,158.0,185.0,158.0,142.0
149.0,136.0,120.0,124.0,138.0
155.0,172.0,144.0,147.0,158.0
122.0,124.0,123.0,89.0,106.0
180.0,219.0,197.0,169.0,180.0
182.0,169.0,197.0,164.0,178.0
187.0,177.0,195.0,171.0,164.0
191.0,180.0,158.0,125.0,179.0
151.0,112.0,100.0,120.0,120.0
150.0,169.0,190.0,127.0,180.0
195.0,172.0,121.0,193.0,189.0
185.0,197.0,179.0,136.0,160.0
167.0,161.0,164.0,140.0,125.0
156.0,185.0,206.0,152.0,95.0
144.0,165.0,145.0,0.0,126.0
92.0,107.0,90.0,119.0,117.0
135.0,132.0,144.0,119.0,146.0
162.0,127.0,188.0,117.0,127.0
117.0,97.0,93.0,0.0,93.0
130.0,150.0,181.0,129.0,135.0
144.0,173.0,181.0,172.0,155.0
194.0,197.0,159.0,182.0,160.0
125.0,134.0,132.0,174.0,110.0
143.0,168.0,127.0,151.0,150.0
137.0,151.0,140.0,128.0,166.0
180.0,116.0,165.0,103.0,146.0
140.0,167.0,149.0,0.0,114.0
174.0,155.0,183.0,173.0,141.0
199.0,194.0,214.0,174.0,232.0
148.0,132.0,153.0,100.0,151.0
158.0,124.0,146.0,148.0,129.0
129.0,137.0,79.0,118.0,98.0
134.0,157.0,143.0,118.0,120.0
198.0,183.0,183.0,151.0,180.0
212.0,183.0,165.0,127.0,189.0
165.0,158.0,143.0,172.0,149.0
134.0,133.0,200.0,157.0,132.0
171.0,170.0,126.0,0.0,153.0
148.0,146.0,162.0,172.0,132.0
177.0,177.0,202.0,154.0,166.0
153.0,137.0,148.0,166.0,131.0
181.0,180.0,94.0,156.0,159.0
122.0,128.0,134.0,159.0,152.0
127.0,118.0,138.0,125.0,150.0
192.0,144.0,214.0,134.0,182.0
114.0,121.0,149.0,121.0,146.0
135.0,148.0,156.0,0.0,159.0
174.0,144.0,126.0,154.0,168.0
170.0,195.0,178.0,143.0,106.0
191.0,129.0,176.0,184.0,133.0
149.0,135.0,151.0,125.0,149.0
174.0,174.0,174.0,180.0,167.0
144.0,124.0,123.0,126.0,99.0
155.0,164.0,130.0,147.0,136.0
149.0,213.0,155.0,124.0,211.0
107.0,96.0,101.0,120.0,113.0
145.0,150.0,159.0,106.0,153.0
124.0,117.0,108.0,135.0,99.0
130.0,116.0,152.0,171.0,101.0
119.0,109.0,109.0,137.0,152.0
156.0,147.0,132.0,111.0,124.0
129.0,137.0,117.0,127.0,113.0
110.0,108.0,151.0,135.0,167.0
150.0,151.0,136.0,123.0,144.0
188.0,170.0,202.0,161.0,188.0
178.0,168.0,186.0,169.0,166.0
135.0,154.0,136.0,130.0,143.0
129.0,155.0,129.0,128.0,123.0
194.0,180.0,218.0,164.0,184.0
147.0,125.0,109.0,153.0,122.0
184.0,185.0,184.0,161.0,149.0
194.0,165.0,192.0,128.0,105.0
219.0,204.0,160.0,160.0,156.0
183.0,178.0,228.0,167.0,196.0
158.0,168.0,198.0,152.0,178.0
134.0,112.0,168.0,117.0,107.0
134.0,105.0,117.0,117.0,99.0
158.0,136.0,101.0,147.0,108.0
79.0,162.0,130.0,153.0,121.0
186.0,182.0,199.0,164.0,173.0
166.0,177.0,156.0,135.0,146.0
150.0,172.0,171.0,117.0,149.0
115.0,116.0,179.0,135.0,147.0
170.0,113.0,119.0,174.0,131.0
133.0,142.0,134.0,127.0,146.0
158.0,151.0,148.0,175.0,133.0
129.0,80.0,138.0,166.0,134.0
96.0,102.0,109.0,122.0,69.0
146.0,130.0,154.0,126.0,124.0
141.0,131.0,138.0,113.0,118.0
130.0,155.0,168.0,164.0,116.0
125.0,151.0,121.0,116.0,106.0
179.0,181.0,135.0,123.0,185.0
147.0,117.0,150.0,0.0,124.0
92.0,105.0,160.0,177.0,128.0
133.0,126.0,142.0,0.0,148.0
102.0,112.0,153.0,109.0,119.0
109.0,88.0,128.0,178.0,158.0
161.0,111.0,188.0,168.0,182.0
73.0,181.0,173.0,160.0,81.0
177.0,186.0,214.0,157.0,167.0
208.0,125.0,184.0,140.0,160.0
146.0,96.0,107.0,121.0,97.0
206.0,170.0,226.0,187.0,178.0
131.0,128.0,137.0,148.0,108.0
187.0,200.0,186.0,154.0,146.0
149.0,171.0,103.0,144.0,116.0
134.0,116.0,120.0,144.0,146.0
188.0,166.0,203.0,120.0,161.0
185.0,188.0,185.0,182.0,146.0
177.0,166.0,146.0,164.0,162.0
106.0,108.0,144.0,130.0,113.0
88.0,79.0,130.0,170.0,106.0
141.0,127.0,165.0,157.0,142.0
182.0,181.0,154.0,157.0,137.0
136.0,76.0,91.0,122.0,106.0
171.0,166.0,177.0,144.0,180.0
195.0,113.0,177.0,153.0,153.0
155.0,148.0,160.0,159.0,140.0
154.0,184.0,153.0,148.0,150.0
202.0,162.0,212.0,190.0,187.0
173.0,173.0,175.0,131.0,179.0
159.0,175.0,166.0,167.0,150.0
176.0,167.0,170.0,131.0,149.0
143.0,97.0,120.0,118.0,107.0
198.0,184.0,135.0,176.0,166.0
156.0,136.0,179.0,181.0,155.0
151.0,142.0,162.0,149.0,141.0
140.0,132.0,136.0,115.0,136.0
137.0,135.0,117.0,135.0,86.0
209.0,183.0,205.0,130.0,211.0
126.0,98.0,125.0,0.0,109.0
111.0,116.0,115.0,114.0,166.0
125.0,85.0,107.0,175.0,118.0
179.0,191.0,174.0,161.0,174.0
206.0,198.0,219.0,157.0,184.0
149.0,109.0,92.0,143.0,108.0
167.0,165.0,164.0,95.0,149.0
100.0,106.0,113.0,143.0,125.0
115.0,117.0,135.0,117.0,101.0
124.0,96.0,134.0,120.0,110.0
167.0,124.0,122.0,0.0,149.0
129.0,106.0,142.0,129.0,107.0
181.0,175.0,143.0,141.0,143.0
162.0,140.0,117.0,172.0,160.0
205.0,191.0,220.0,168.0,174.0
190.0,154.0,162.0,130.0,157.0
147.0,173.0,164.0,173.0,161.0
158.0,140.0,177.0,113.0,140.0
192.0,187.0,300.0,164.0,218.0
134.0,131.0,128.0,135.0,116.0
122.0,116.0,145.0,158.0,69.0
136.0,98.0,137.0,133.0,137.0
141.0,131.0,161.0,119.0,139.0
167.0,136.0,167.0,151.0,139.0
107.0,88.0,114.0,125.0,114.0
169.0,122.0,125.0,108.0,113.0
191.0,202.0,182.0,169.0,222.0
128.0,128.0,116.0,168.0,137.0
145.0,137.0,177.0,171.0,140.0
204.0,171.0,181.0,152.0,139.0
96.0,91.0,103.0,171.0,126.0
154.0,154.0,141.0,183.0,109.0
195.0,196.0,178.0,155.0,148.0
134.0,125.0,172.0,167.0,145.0
141.0,169.0,118.0,123.0,161.0
92.0,78.0,105.0,191.0,93.0
156.0,187.0,188.0,158.0,143.0
177.0,156.0,181.0,166.0,119.0
169.0,163.0,182.0,173.0,203.0
122.0,147.0,125.0,158.0,150.0
172.0,174.0,145.0,119.0,149.0
112.0,92.0,119.0,119.0,118.0
180.0,185.0,211.0,89.0,158.0
153.0,120.0,154.0,155.0,166.0
140.0,148.0,118.0,122.0,170.0
217.0,214.0,214.0,148.0,213.0
102.0,109.0,132.0,70.0,143.0
131.0,172.0,161.0,176.0,171.0
199.0,175.0,160.0,150.0,175.0
194.0,178.0,151.0,165.0,115.0
145.0,155.0,134.0,157.0,153.0
135.0,129.0,161.0,111.0,95.0
134.0,131.0,168.0,121.0,145.0
143.0,120.0,144.0,122.0,152.0
229.0,201.0,222.0,180.0,173.0
143.0,136.0,140.0,122.0,120.0
143.0,107.0,134.0,154.0,125.0
184.0,171.0,191.0,179.0,155.0
217.0,214.0,194.0,102.0,210.0
171.0,200.0,174.0,149.0,163.0
144.0,171.0,153.0,138.0,131.0
190.0,152.0,165.0,165.0,196.0
194.0,191.0,169.0,161.0,167.0
164.0,147.0,113.0,180.0,185.0
140.0,134.0,164.0,0.0,129.0
163.0,130.0,132.0,164.0,110.0
187.0,178.0,177.0,166.0,168.0
194.0,206.0,219.0,140.0,173.0
161.0,189.0,163.0,81.0,163.0
121.0,118.0,145.0,129.0,170.0
192.0,168.0,177.0,163.0,190.0
213.0,182.0,189.0,179.0,201.0
122.0,116.0,127.0,0.0,132.0
160.0,121.0,115.0,110.0,158.0
153.0,148.0,147.0,121.0,153.0
176.0,86.0,165.0,123.0,184.0
175.0,179.0,184.0,97.0,192.0
177.0,157.0,121.0,151.0,127.0
166.0,155.0,167.0,126.0,172.0
115.0,101.0,122.0,125.0,122.0
145.0,183.0,168.0,210.0,121.0
158.0,152.0,185.0,0.0,169.0
131.0,147.0,145.0,0.0,146.0
157.0,111.0,163.0,123.0,107.0
135.0,172.0,192.0,157.0,145.0
158.0,92.0,195.0,0.0,123.0
124.0,121.0,132.0,114.0,135.0
157.0,171.0,154.0,167.0,149.0
178.0,163.0,129.0,154.0,135.0
136.0,130.0,117.0,146.0,95.0
164.0,132.0,153.0,115.0,142.0
99.0,112.0,124.0,86.0,87.0
184.0,180.0,191.0,188.0,167.0
181.0,169.0,185.0,146.0,191.0
127.0,125.0,137.0,118.0,130.0
178.0,143.0,171.0,154.0,134.0
161.0,162.0,148.0,147.0,142.0
126.0,126.0,115.0,73.0,137.0
107.0,85.0,154.0,119.0,146.0
79.0,92.0,106.0,0.0,77.0
177.0,178.0,179.0,163.0,181.0
152.0,150.0,140.0,0.0,108.0
220.0,192.0,201.0,172.0,187.0
229.0,177.0,137.0,175.0,139.0
123.0,156.0,154.0,128.0,100.0
129.0,128.0,111.0,168.0,124.0
123.0,153.0,111.0,152.0,123.0
155.0,179.0,171.0,167.0,141.0
120.0,136.0,118.0,153.0,149.0
131.0,149.0,125.0,77.0,129.0
197.0,207.0,197.0,197.0,166.0
204.0,183.0,211.0,172.0,196.0
134.0,128.0,157.0,113.0,147.0
129.0,125.0,119.0,134.0,136.0
128.0,154.0,159.0,119.0,172.0
175.0,154.0,117.0,196.0,148.0
164.0,177.0,159.0,149.0,114.0
147.0,136.0,111.0,133.0,122.0
203.0,197.0,228.0,165.0,300.0
122.0,155.0,148.0,177.0,165.0
154.0,173.0,165.0,0.0,147.0
109.0,99.0,195.0,178.0,143.0
111.0,162.0,128.0,151.0,137.0
167.0,142.0,122.0,127.0,132.0
123.0,140.0,151.0,90.0,139.0
176.0,155.0,151.0,143.0,143.0
140.0,160.0,122.0,131.0,109.0
149.0,160.0,168.0,120.0,147.0
143.0,162.0,195.0,162.0,172.0
124.0,127.0,129.0,87.0,109.0
163.0,140.0,179.0,145.0,137.0
162.0,166.0,153.0,149.0,197.0
176.0,160.0,144.0,122.0,134.0
135.0,99.0,153.0,157.0,138.0
143.0,135.0,135.0,170.0,159.0
129.0,86.0,127.0,122.0,135.0
178.0,174.0,123.0,160.0,171.0
115.0,126.0,109.0,155.0,107.0
178.0,165.0,190.0,169.0,159.0
127.0,129.0,165.0,122.0,127.0
178.0,168.0,160.0,119.0,186.0
176.0,200.0,136.0,171.0,139.0
191.0,173.0,148.0,152.0,166.0
169.0,183.0,300.0,149.0,191.0
180.0,148.0,198.0,129.0,152.0
125.0,159.0,184.0,0.0,140.0
131.0,114.0,106.0,0.0,117.0
142.0,163.0,117.0,123.0,148.0
122.0,116.0,143.0,114.0,135.0
137.0,181.0,113.0,166.0,151.0
126.0,89.0,180.0,159.0,125.0
143.0,115.0,183.0,116.0,115.0
169.0,167.0,158.0,132.0,137.0
169.0,156.0,166.0,120.0,198.0
154.0,94.0,109.0,164.0,151.0
136.0,113.0,124.0,155.0,146.0
119.0,108.0,124.0,134.0,95.0
135.0,138.0,108.0,109.0,124.0
121.0,146.0,153.0,156.0,140.0
209.0,191.0,300.0,175.0,174.0
180.0,172.0,153.0,144.0,156.0
138.0,144.0,161.0,114.0,150.0
174.0,154.0,162.0,142.0,152.0
100.0,135.0,151.0,167.0,93.0
155.0,163.0,146.0,92.0,118.0
85.0,121.0,109.0,151.0,126.0
119.0,135.0,134.0,165.0,124.0
140.0,146.0,135.0,124.0,170.0
161.0,154.0,176.0,131.0,155.0
180.0,178.0,182.0,154.0,177.0
164.0,173.0,162.0,128.0,129.0
166.0,149.0,122.0,154.0,147.0
119.0,71.0,156.0,139.0,103.0
166.0,186.0,197.0,300.0,202.0
165.0,176.0,159.0,148.0,156.0
116.0,91.0,101.0,116.0,93.0
185.0,222.0,183.0,187.0,180.0
114.0,75.0,92.0,81.0,98.0
145.0,173.0,146.0,118.0,142.0
142.0,150.0,126.0,116.0,168.0
157.0,174.0,170.0,161.0,187.0
178.0,182.0,172.0,119.0,193.0
192.0,117.0,115.0,147.0,193.0
130.0,104.0,124.0,148.0,121.0
122.0,140.0,132.0,169.0,113.0
122.0,76.0,163.0,79.0,89.0
193.0,172.0,190.0,176.0,182.0
131.0,148.0,151.0,122.0,176.0
114.0,128.0,116.0,168.0,117.0
181.0,159.0,212.0,183.0,126.0
155.0,185.0,184.0,0.0,176.0
168.0,162.0,171.0,116.0,89.0
161.0,145.0,123.0,0.0,76.0
121.0,114.0,110.0,124.0,124.0
131.0,148.0,117.0,114.0,140.0
196.0,163.0,190.0,175.0,148.0
146.0,150.0,159.0,158.0,135.0
147.0,143.0,159.0,121.0,140.0
163.0,183.0,165.0,186.0,166.0
158.0,167.0,186.0,118.0,141.0
151.0,151.0,149.0,115.0,138.0
128.0,153.0,114.0,178.0,151.0
130.0,144.0,134.0,125.0,116.0
172.0,169.0,190.0,122.0,175.0
143.0,96.0,107.0,153.0,135.0
127.0,102.0,132.0,118.0,118.0
125.0,106.0,157.0,166.0,155.0
151.0,123.0,169.0,146.0,143.0
114.0,118.0,124.0,146.0,124.0
210.0,209.0,181.0,171.0,140.0
111.0,76.0,120.0,79.0,105.0
143.0,133.0,127.0,0.0,132.0
214.0,195.0,210.0,300.0,160.0
153.0,118.0,171.0,181.0,151.0
129.0,107.0,186.0,122.0,169.0
148.0,151.0,151.0,150.0,154.0
206.0,180.0,201.0,121.0,126.0
178.0,199.0,147.0,162.0,134.0
151.0,137.0,135.0,127.0,128.0
164.0,178.0,169.0,164.0,120.0
164.0,167.0,116.0,179.0,148.0
176.0,184.0,215.0,159.0,162.0
164.0,107.0,133.0,147.0,163.0
148.0,160.0,114.0,75.0,156.0
137.0,116.0,133.0,147.0,109.0
102.0,102.0,85.0,97.0,149.0
106.0,89.0,118.0,113.0,104.0
122.0,107.0,141.0,90.0,102.0
169.0,130.0,191.0,194.0,145.0
176.0,146.0,105.0,119.0,82.0
193.0,178.0,211.0,146.0,217.0
157.0,178.0,188.0,106.0,125.0
118.0,169.0,150.0,154.0,197.0
125.0,138.0,132.0,118.0,154.0
164.0,127.0,210.0,113.0,145.0
126.0,88.0,115.0,78.0,104.0
136.0,121.0,136.0,149.0,122.0
150.0,121.0,126.0,167.0,164.0
198.0,202.0,215.0,130.0,193.0
111.0,108.0,120.0,156.0,112.0
177.0,152.0,161.0,152.0,151.0
167.0,141.0,119.0,160.0,170.0
164.0,168.0,151.0,124.0,181.0
179.0,103.0,154.0,156.0,170.0
125.0,149.0,132.0,126.0,160.0
143.0,148.0,168.0,169.0,125.0
192.0,185.0,182.0,150.0,216.0
157.0,154.0,151.0,127.0,134.0
148.0,99.0,194.0,144.0,100.0
155.0,163.0,156.0,114.0,213.0
172.0,114.0,173.0,108.0,177.0
89.0,91.0,127.0,155.0,158.0
97.0,100.0,121.0,0.0,88.0
167.0,177.0,193.0,120.0,158.0
190.0,172.0,142.0,125.0,146.0
136.0,122.0,178.0,137.0,153.0
134.0,120.0,118.0,0.0,108.0
172.0,167.0,169.0,122.0,121.0
103.0,96.0,114.0,114.0,109.0
205.0,156.0,138.0,151.0,165.0
139.0,123.0,177.0,154.0,130.0
156.0,169.0,180.0,150.0,118.0
98.0,121.0,97.0,153.0,109.0
154.0,147.0,144.0,177.0,105.0
120.0,117.0,137.0,139.0,124.0
146.0,152.0,176.0,131.0,203.0
123.0,105.0,123.0,134.0,127.0
140.0,140.0,129.0,160.0,150.0
168.0,160.0,190.0,173.0,190.0
156.0,181.0,159.0,125.0,131.0
149.0,189.0,193.0,175.0,172.0
133.0,110.0,132.0,122.0,113.0
184.0,167.0,201.0,128.0,128.0
111.0,149.0,148.0,83.0,107.0
185.0,176.0,170.0,173.0,179.0
146.0,116.0,109.0,120.0,86.0
149.0,145.0,134.0,132.0,144.0
136.0,140.0,188.0,117.0,152.0
145.0,121.0,124.0,168.0,119.0
181.0,168.0,114.0,121.0,129.0
132.0,144.0,117.0,146.0,112.0
119.0,146.0,113.0,129.0,124.0
181.0,166.0,157.0,170.0,145.0
123.0,123.0,153.0,0.0,101.0
139.0,120.0,137.0,123.0,100.0
95.0,126.0,124.0,76.0,92.0
152.0,125.0,131.0,127.0,152.0
177.0,171.0,158.0,137.0,130.0
185.0,169.0,171.0,170.0,207.0
104.0,116.0,143.0,81.0,106.0
172.0,156.0,173.0,166.0,147.0
165.0,190.0,184.0,142.0,192.0
196.0,184.0,200.0,172.0,170.0
126.0,110.0,79.0,126.0,126.0
148.0,158.0,146.0,87.0,139.0
143.0,134.0,161.0,121.0,155.0
145.0,107.0,120.0,122.0,125.0
143.0,123.0,141.0,179.0,153.0
164.0,121.0,150.0,175.0,143.0
182.0,172.0,198.0,173.0,139.0
193.0,176.0,300.0,149.0,169.0
159.0,130.0,144.0,175.0,144.0
137.0,105.0,119.0,0.0,125.0
156.0,161.0,160.0,154.0,140.0
163.0,175.0,125.0,175.0,161.0
164.0,153.0,104.0,0.0,159.0
181.0,175.0,207.0,160.0,190.0
114.0,130.0,134.0,108.0,118.0
213.0,193.0,216.0,167.0,193.0
154.0,103.0,148.0,157.0,93.0
145.0,151.0,147.0,121.0,180.0
133.0,163.0,151.0,148.0,137.0
123.0,130.0,105.0,119.0,78.0
148.0,153.0,180.0,126.0,147.0
136.0,146.0,178.0,140.0,112.0
147.0,114.0,111.0,0.0,150.0
160.0,127.0,161.0,156.0,181.0
166.0,154.0,130.0,182.0,129.0
106.0,120.0,175.0,118.0,87.0
132.0,154.0,152.0,151.0,125.0
197.0,140.0,136.0,121.0,108.0
151.0,162.0,128.0,178.0,141.0
120.0,98.0,152.0,154.0,118.0
228.0,188.0,228.0,147.0,200.0
161.0,186.0,135.0,164.0,170.0
197.0,150.0,183.0,177.0,186.0
177.0,154.0,174.0,0.0,161.0
126.0,146.0,121.0,121.0,151.0
165.0,156.0,179.0,181.0,149.0
131.0,116.0,139.0,170.0,103.0
142.0,165.0,159.0,83.0,167.0
159.0,127.0,200.0,124.0,168.0
155.0,134.0,145.0,151.0,135.0
172.0,185.0,149.0,126.0,175.0
152.0,137.0,192.0,173.0,133.0
142.0,69.0,153.0,114.0,114.0
125.0,124.0,134.0,181.0,117.0
130.0,169.0,147.0,190.0,153.0
175.0,201.0,173.0,160.0,199.0
124.0,136.0,130.0,178.0,92.0
169.0,139.0,148.0,179.0,157.0
151.0,153.0,163.0,84.0,145.0
144.0,158.0,118.0,155.0,112.0
165.0,134.0,147.0,130.0,154.0
153.0,118.0,142.0,134.0,123.0
155.0,141.0,152.0,175.0,151.0
149.0,163.0,137.0,113.0,129.0
178.0,154.0,175.0,132.0,181.0
122.0,132.0,183.0,116.0,159.0
114.0,126.0,135.0,125.0,159.0
169.0,176.0,147.0,153.0,143.0
122.0,118.0,83.0,184.0,131.0
153.0,113.0,140.0,155.0,139.0
152.0,133.0,135.0,173.0,129.0
139.0,145.0,145.0,118.0,120.0
216.0,181.0,230.0,126.0,194.0
178.0,158.0,197.0,163.0,154.0
149.0,156.0,151.0,150.0,121.0
195.0,186.0,178.0,169.0,155.0
149.0,127.0,173.0,117.0,182.0
138.0,137.0,101.0,126.0,86.0
206.0,185.0,201.0,148.0,154.0
117.0,94.0,128.0,0.0,112.0
85.0,102.0,145.0,151.0,104.0
149.0,192.0,196.0,135.0,137.0
198.0,111.0,211.0,157.0,172.0
100.0,98.0,135.0,152.0,120.0
193.0,160.0,221.0,184.0,172.0
195.0,163.0,157.0,160.0,171.0
162.0,135.0,105.0,170.0,124.0
153.0,161.0,143.0,126.0,152.0
199.0,192.0,169.0,123.0,130.0
182.0,148.0,191.0,128.0,180.0
174.0,178.0,300.0,120.0,145.0
174.0,161.0,159.0,121.0,156.0
146.0,131.0,128.0,159.0,153.0
146.0,170.0,150.0,181.0,141.0
169.0,183.0,147.0,132.0,136.0
169.0,117.0,208.0,118.0,135.0
136.0,129.0,171.0,300.0,122.0
144.0,179.0,151.0,118.0,135.0
156.0,156.0,164.0,161.0,133.0
135.0,120.0,127.0,174.0,102.0
114.0,133.0,194.0,124.0,166.0
102.0,100.0,116.0,158.0,106.0
130.0,146.0,136.0,114.0,116.0
162.0,153.0,154.0,170.0,119.0
183.0,184.0,164.0,116.0,162.0
142.0,159.0,173.0,193.0,167.0
125.0,149.0,172.0,86.0,99.0
190.0,188.0,196.0,116.0,172.0
125.0,139.0,93.0,172.0,142.0
193.0,169.0,218.0,164.0,150.0
153.0,129.0,128.0,0.0,114.0
154.0,142.0,207.0,120.0,124.0
142.0,89.0,185.0,156.0,94.0
115.0,111.0,151.0,169.0,121.0
179.0,190.0,146.0,155.0,145.0
155.0,116.0,164.0,158.0,201.0
202.0,203.0,169.0,159.0,210.0
185.0,163.0,206.0,137.0,177.0
120.0,149.0,159.0,152.0,167.0
182.0,192.0,184.0,143.0,169.0
199.0,169.0,201.0,159.0,175.0
84.0,112.0,122.0,126.0,95.0
138.0,128.0,152.0,0.0,138.0
163.0,158.0,157.0,159.0,158.0
143.0,155.0,178.0,120.0,153.0
84.0,75.0,113.0,149.0,100.0
142.0,167.0,138.0,104.0,180.0
101.0,114.0,131.0,119.0,97.0
136.0,126.0,163.0,120.0,168.0
147.0,179.0,152.0,153.0,128.0
177.0,81.0,125.0,137.0,128.0
134.0,133.0,142.0,132.0,158.0
92.0,123.0,147.0,116.0,140.0
150.0,126.0,158.0,124.0,89.0
162.0,172.0,146.0,158.0,162.0
145.0,148.0,174.0,124.0,189.0
105.0,106.0,156.0,118.0,91.0
154.0,135.0,156.0,170.0,116.0
141.0,99.0,191.0,148.0,106.0
190.0,186.0,195.0,145.0,203.0
79.0,93.0,110.0,125.0,153.0
158.0,121.0,168.0,169.0,141.0
151.0,127.0,160.0,119.0,92.0
137.0,140.0,142.0,116.0,139.0
106.0,121.0,94.0,120.0,89.0
152.0,122.0,138.0,0.0,163.0
171.0,186.0,155.0,108.0,162.0
97.0,126.0,144.0,128.0,89.0
128.0,121.0,144.0,146.0,122.0
116.0,100.0,105.0,82.0,70.0
194.0,205.0,207.0,152.0,198.0
136.0,147.0,142.0,173.0,146.0
117.0,83.0,148.0,164.0,150.0
115.0,128.0,142.0,157.0,139.0
147.0,162.0,182.0,93.0,101.0
127.0,160.0,130.0,145.0,142.0
153.0,159.0,200.0,119.0,171.0
149.0,135.0,113.0,119.0,92.0
192.0,189.0,223.0,127.0,132.0
136.0,151.0,170.0,0.0,165.0
186.0,187.0,210.0,152.0,179.0
144.0,162.0,145.0,0.0,165.0
152.0,133.0,174.0,145.0,92.0
178.0,177.0,182.0,95.0,181.0
198.0,171.0,181.0,116.0,170.0
165.0,186.0,177.0,150.0,176.0
161.0,151.0,148.0,201.0,130.0
174.0,147.0,172.0,131.0,129.0
185.0,186.0,167.0,195.0,176.0
182.0,155.0,142.0,132.0,87.0
195.0,154.0,187.0,128.0,179.0
142.0,135.0,151.0,120.0,157.0
159.0,156.0,123.0,150.0,162.0
148.0,105.0,135.0,124.0,124.0
178.0,162.0,102.0,172.0,148.0
173.0,161.0,119.0,167.0,160.0
181.0,195.0,202.0,167.0,106.0
154.0,164.0,170.0,151.0,119.0
175.0,170.0,187.0,148.0,176.0
172.0,161.0,129.0,114.0,154.0
160.0,126.0,110.0,106.0,129.0
215.0,231.0,199.0,138.0,144.0
124.0,100.0,136.0,121.0,95.0
156.0,140.0,300.0,177.0,125.0
168.0,120.0,214.0,166.0,165.0
156.0,139.0,157.0,174.0,155.0
137.0,137.0,120.0,144.0,131.0
159.0,150.0,139.0,120.0,128.0
182.0,190.0,188.0,174.0,181.0
189.0,158.0,137.0,0.0,127.0
179.0,194.0,147.0,170.0,149.0
106.0,127.0,127.0,117.0,106.0
180.0,111.0,127.0,121.0,99.0
150.0,137.0,134.0,167.0,131.0
164.0,158.0,166.0,177.0,149.0
146.0,123.0,172.0,158.0,143.0
124.0,90.0,140.0,144.0,109.0
202.0,212.0,228.0,169.0,216.0
122.0,82.0,120.0,121.0,129.0
129.0,136.0,170.0,170.0,127.0
171.0,166.0,156.0,120.0,165.0
138.0,119.0,135.0,150.0,107.0
166.0,173.0,115.0,142.0,122.0
150.0,194.0,159.0,300.0,153.0
206.0,190.0,184.0,158.0,167.0
143.0,180.0,134.0,94.0,105.0
193.0,191.0,158.0,164.0,178.0
228.0,197.0,300.0,178.0,192.0
138.0,141.0,190.0,0.0,157.0
154.0,157.0,170.0,180.0,173.0
130.0,133.0,192.0,183.0,101.0
151.0,153.0,95.0,146.0,107.0
214.0,179.0,171.0,184.0,203.0
173.0,165.0,137.0,156.0,128.0
155.0,159.0,141.0,125.0,118.0
167.0,174.0,148.0,0.0,163.0
175.0,202.0,161.0,124.0,138.0
143.0,144.0,160.0,172.0,129.0
155.0,132.0,170.0,155.0,132.0
171.0,91.0,144.0,159.0,93.0
142.0,187.0,121.0,127.0,138.0
198.0,178.0,191.0,195.0,117.0
192.0,153.0,200.0,171.0,197.0
175.0,137.0,177.0,117.0,144.0
158.0,153.0,168.0,125.0,155.0
172.0,178.0,159.0,177.0,163.0
124.0,142.0,164.0,177.0,145.0
215.0,188.0,199.0,181.0,149.0
207.0,208.0,205.0,116.0,191.0
135.0,134.0,149.0,160.0,115.0
172.0,159.0,186.0,151.0,173.0
161.0,187.0,178.0,300.0,160.0
172.0,196.0,225.0,173.0,201.0
158.0,148.0,139.0,119.0,130.0
181.0,209.0,182.0,157.0,180.0
187.0,183.0,171.0,119.0,196.0
162.0,173.0,181.0,126.0,155.0
218.0,183.0,201.0,153.0,225.0
201.0,190.0,213.0,159.0,202.0
177.0,175.0,131.0,169.0,154.0
154.0,176.0,119.0,201.0,93.0
94.0,90.0,123.0,119.0,114.0
191.0,180.0,113.0,168.0,100.0
125.0,117.0,118.0,134.0,104.0
143.0,124.0,135.0,147.0,165.0
179.0,187.0,169.0,177.0,168.0
173.0,131.0,129.0,122.0,150.0
184.0,138.0,191.0,122.0,115.0
168.0,192.0,202.0,147.0,219.0
124.0,166.0,104.0,137.0,128.0
153.0,175.0,126.0,133.0,144.0
122.0,146.0,165.0,125.0,130.0
170.0,146.0,112.0,175.0,166.0
139.0,105.0,97.0,124.0,106.0
195.0,162.0,208.0,181.0,144.0
127.0,97.0,133.0,167.0,164.0
158.0,161.0,170.0,143.0,159.0
156.0,179.0,195.0,162.0,168.0
191.0,117.0,170.0,154.0,149.0
127.0,110.0,132.0,101.0,77.0
124.0,148.0,141.0,162.0,120.0
153.0,147.0,195.0,80.0,172.0
169.0,181.0,206.0,112.0,179.0
77.0,103.0,130.0,124.0,111.0
106.0,94.0,109.0,150.0,98.0
177.0,171.0,179.0,126.0,158.0
190.0,201.0,209.0,205.0,201.0
176.0,176.0,155.0,141.0,121.0
144.0,163.0,171.0,156.0,125.0
199.0,181.0,197.0,180.0,185.0
114.0,137.0,107.0,135.0,121.0
123.0,102.0,110.0,142.0,135.0
128.0,115.0,133.0,115.0,136.0
122.0,128.0,117.0,157.0,125.0
151.0,166.0,122.0,162.0,120.0
124.0,136.0,117.0,90.0,111.0
144.0,130.0,121.0,95.0,114.0
122.0,120.0,132.0,146.0,148.0
216.0,181.0,214.0,205.0,167.0
164.0,160.0,157.0,174.0,173.0
113.0,88.0,139.0,113.0,76.0
125.0,152.0,133.0,120.0,122.0
177.0,147.0,120.0,126.0,153.0
131.0,123.0,106.0,126.0,159.0
108.0,151.0,155.0,138.0,112.0
158.0,138.0,122.0,0.0,127.0
164.0,156.0,189.0,178.0,161.0
166.0,182.0,139.0,164.0,145.0
170.0,187.0,174.0,97.0,180.0
163.0,116.0,172.0,0.0,187.0
108.0,139.0,118.0,122.0,146.0
195.0,204.0,181.0,155.0,164.0
173.0,153.0,167.0,145.0,172.0
136.0,112.0,97.0,86.0,146.0
178.0,146.0,139.0,153.0,94.0
175.0,173.0,146.0,164.0,186.0
93.0,147.0,120.0,113.0,159.0
139.0,100.0,136.0,127.0,146.0
156.0,151.0,139.0,109.0,151.0
143.0,140.0,118.0,146.0,131.0
192.0,185.0,171.0,140.0,157.0
86.0,111.0,126.0,121.0,101.0
148.0,159.0,184.0,186.0,156.0
127.0,117.0,130.0,119.0,110.0
126.0,98.0,121.0,0.0,99.0
112.0,121.0,138.0,0.0,136.0
148.0,124.0,156.0,93.0,109.0
176.0,172.0,170.0,163.0,196.0
158.0,142.0,191.0,152.0,137.0
163.0,182.0,172.0,172.0,194.0
163.0,108.0,126.0,129.0,114.0
164.0,151.0,144.0,99.0,133.0
184.0,173.0,208.0,153.0,166.0
136.0,188.0,202.0,125.0,187.0
185.0,189.0,159.0,129.0,192.0
155.0,126.0,142.0,122.0,135.0
134.0,122.0,128.0,147.0,156.0
124.0,110.0,135.0,154.0,131.0
146.0,180.0,178.0,167.0,175.0
179.0,144.0,142.0,156.0,151.0
194.0,183.0,205.0,122.0,192.0
177.0,156.0,164.0,169.0,171.0
171.0,161.0,181.0,167.0,145.0
135.0,177.0,148.0,153.0,125.0
186.0,157.0,193.0,155.0,159.0
97.0,86.0,108.0,0.0,91.0
163.0,172.0,180.0,118.0,147.0
148.0,133.0,145.0,123.0,113.0
120.0,136.0,118.0,126.0,138.0
165.0,145.0,190.0,122.0,135.0
149.0,174.0,162.0,110.0,143.0
148.0,144.0,153.0,181.0,174.0
164.0,152.0,130.0,0.0,143.0
113.0,118.0,138.0,87.0,67.0
167.0,138.0,171.0,125.0,157.0
124.0,142.0,125.0,158.0,106.0
174.0,172.0,158.0,151.0,128.0
194.0,183.0,191.0,183.0,147.0
148.0,152.0,173.0,124.0,151.0
155.0,163.0,170.0,113.0,160.0
146.0,99.0,143.0,154.0,171.0
145.0,134.0,136.0,124.0,139.0
140.0,144.0,165.0,183.0,62.0
139.0,149.0,143.0,165.0,146.0
157.0,177.0,148.0,129.0,169.0
96.0,116.0,95.0,119.0,92.0
167.0,152.0,130.0,172.0,77.0
186.0,199.0,168.0,161.0,192.0
140.0,171.0,164.0,158.0,151.0
166.0,177.0,146.0,133.0,167.0
130.0,131.0,162.0,123.0,142.0
126.0,128.0,104.0,159.0,119.0
148.0,111.0,169.0,121.0,136.0
168.0,185.0,154.0,169.0,177.0
123.0,159.0,160.0,121.0,105.0
167.0,150.0,172.0,127.0,188.0
91.0,73.0,100.0,122.0,77.0
177.0,154.0,152.0,161.0,183.0
206.0,170.0,199.0,198.0,179.0
145.0,137.0,141.0,111.0,158.0
203.0,174.0,196.0,147.0,159.0
153.0,151.0,182.0,177.0,135.0
132.0,149.0,134.0,151.0,111.0
151.0,180.0,150.0,168.0,143.0
138.0,117.0,143.0,158.0,136.0
145.0,169.0,180.0,119.0,142.0
156.0,146.0,128.0,170.0,140.0
148.0,128.0,125.0,169.0,129.0
136.0,140.0,153.0,126.0,111.0
112.0,138.0,128.0,117.0,130.0
160.0,102.0,161.0,141.0,133.0
88.0,87.0,115.0,120.0,97.0
166.0,97.0,156.0,127.0,148.0
142.0,111.0,156.0,148.0,140.0
110.0,108.0,119.0,79.0,128.0
126.0,122.0,131.0,115.0,119.0
176.0,140.0,190.0,119.0,138.0
140.0,145.0,124.0,130.0,126.0
139.0,91.0,119.0,180.0,156.0
166.0,157.0,121.0,152.0,130.0
154.0,124.0,149.0,146.0,150.0
170.0,170.0,186.0,144.0,176.0
130.0,143.0,123.0,92.0,184.0
150.0,152.0,170.0,122.0,127.0
193.0,205.0,200.0,159.0,222.0
161.0,157.0,102.0,156.0,123.0
135.0,89.0,127.0,70.0,90.0
212.0,199.0,221.0,183.0,220.0
142.0,133.0,144.0,86.0,153.0
185.0,160.0,201.0,110.0,162.0
200.0,206.0,170.0,164.0,187.0
138.0,99.0,163.0,149.0,172.0
118.0,77.0,157.0,120.0,168.0
114.0,138.0,158.0,115.0,154.0
115.0,122.0,121.0,150.0,117.0
120.0,133.0,126.0,120.0,127.0
114.0,142.0,104.0,171.0,116.0
162.0,132.0,140.0,122.0,177.0
153.0,153.0,133.0,160.0,110.0
126.0,102.0,139.0,158.0,119.0
218.0,195.0,300.0,158.0,196.0
126.0,124.0,158.0,158.0,99.0
142.0,120.0,122.0,0.0,160.0
142.0,129.0,152.0,133.0,135.0
138.0,114.0,135.0,117.0,107.0
150.0,143.0,143.0,185.0,138.0
131.0,154.0,176.0,139.0,142.0
161.0,193.0,174.0,161.0,142.0
183.0,151.0,196.0,135.0,140.0
179.0,180.0,201.0,129.0,156.0
206.0,200.0,212.0,187.0,213.0
148.0,131.0,144.0,125.0,151.0
170.0,149.0,130.0,131.0,216.0
187.0,159.0,160.0,181.0,154.0
120.0,111.0,165.0,114.0,162.0
178.0,168.0,150.0,171.0,140.0
215.0,183.0,205.0,118.0,126.0
141.0,165.0,156.0,173.0,177.0
128.0,153.0,176.0,149.0,175.0
187.0,178.0,187.0,162.0,155.0
151.0,184.0,150.0,149.0,124.0
133.0,118.0,114.0,120.0,121.0
92.0,86.0,130.0,0.0,76.0
191.0,97.0,183.0,122.0,178.0
177.0,183.0,168.0,153.0,163.0
182.0,174.0,300.0,114.0,206.0
168.0,203.0,163.0,161.0,135.0
100.0,139.0,138.0,104.0,135.0
204.0,230.0,300.0,175.0,152.0
151.0,132.0,159.0,175.0,136.0
106.0,125.0,133.0,112.0,114.0
157.0,152.0,158.0,175.0,183.0
164.0,127.0,160.0,123.0,159.0
170.0,192.0,180.0,173.0,170.0
151.0,110.0,110.0,117.0,174.0
140.0,159.0,146.0,165.0,142.0
193.0,188.0,155.0,124.0,225.0
213.0,166.0,205.0,300.0,213.0
124.0,117.0,164.0,135.0,156.0
157.0,168.0,141.0,124.0,186.0
145.0,155.0,159.0,109.0,149.0
162.0,113.0,173.0,114.0,134.0
144.0,146.0,138.0,0.0,147.0
113.0,97.0,139.0,126.0,112.0
117.0,91.0,111.0,145.0,140.0
140.0,99.0,161.0,129.0,125.0
131.0,144.0,130.0,146.0,151.0
132.0,136.0,162.0,111.0,147.0
110.0,101.0,132.0,0.0,121.0
163.0,186.0,183.0,163.0,174.0
163.0,147.0,144.0,126.0,165.0
171.0,174.0,133.0,179.0,142.0
134.0,145.0,121.0,134.0,120.0
150.0,146.0,146.0,121.0,104.0
175.0,191.0,206.0,194.0,178.0
130.0,129.0,149.0,158.0,110.0
106.0,86.0,131.0,167.0,114.0
139.0,126.0,125.0,125.0,119.0
204.0,190.0,171.0,152.0,179.0
164.0,140.0,126.0,124.0,148.0
174.0,105.0,168.0,190.0,187.0
179.0,158.0,138.0,160.0,167.0
166.0,129.0,169.0,167.0,166.0
175.0,153.0,191.0,154.0,134.0
157.0,134.0,126.0,120.0,200.0
143.0,131.0,111.0,137.0,125.0
191.0,163.0,180.0,176.0,166.0
157.0,164.0,186.0,172.0,188.0
212.0,200.0,179.0,145.0,213.0
180.0,187.0,225.0,172.0,163.0
190.0,134.0,209.0,125.0,151.0
164.0,168.0,192.0,172.0,116.0
123.0,121.0,143.0,158.0,114.0
169.0,180.0,166.0,172.0,127.0
142.0,167.0,150.0,177.0,99.0
161.0,131.0,104.0,151.0,137.0
119.0,116.0,121.0,77.0,114.0
151.0,162.0,154.0,177.0,136.0
153.0,149.0,147.0,149.0,120.0
138.0,141.0,167.0,129.0,145.0
184.0,201.0,173.0,147.0,193.0
147.0,187.0,129.0,188.0,171.0
133.0,169.0,160.0,130.0,187.0
124.0,132.0,166.0,161.0,163.0
156.0,143.0,170.0,116.0,145.0
187.0,186.0,176.0,152.0,168.0
165.0,173.0,134.0,171.0,167.0
185.0,189.0,300.0,162.0,143.0
152.0,175.0,149.0,184.0,126.0
133.0,169.0,163.0,164.0,128.0
165.0,171.0,177.0,140.0,80.0
155.0,167.0,206.0,163.0,175.0
135.0,150.0,195.0,0.0,185.0
136.0,91.0,106.0,125.0,101.0
148.0,189.0,141.0,119.0,143.0
171.0,178.0,150.0,157.0,169.0
136.0,97.0,113.0,80.0,93.0
139.0,87.0,110.0,154.0,130.0
162.0,157.0,168.0,300.0,137.0
173.0,155.0,148.0,154.0,151.0
146.0,141.0,182.0,115.0,176.0
180.0,188.0,181.0,116.0,192.0
176.0,146.0,185.0,123.0,139.0
134.0,91.0,157.0,172.0,132.0
187.0,158.0,171.0,158.0,194.0
121.0,111.0,101.0,0.0,104.0
127.0,138.0,173.0,169.0,128.0
134.0,143.0,141.0,157.0,127.0
184.0,141.0,190.0,141.0,148.0
175.0,186.0,177.0,139.0,192.0
142.0,143.0,108.0,143.0,107.0
192.0,189.0,157.0,174.0,193.0
162.0,165.0,132.0,156.0,159.0
150.0,115.0,98.0,146.0,123.0
129.0,129.0,108.0,0.0,103.0
141.0,143.0,126.0,162.0,141.0
100.0,118.0,83.0,114.0,88.0
176.0,162.0,143.0,154.0,151.0
150.0,157.0,162.0,167.0,174.0
171.0,123.0,147.0,125.0,122.0
168.0,153.0,158.0,167.0,135.0
159.0,178.0,187.0,118.0,166.0
121.0,117.0,96.0,123.0,133.0
156.0,189.0,186.0,129.0,147.0
110.0,102.0,135.0,132.0,99.0
185.0,155.0,175.0,115.0,164.0
132.0,76.0,111.0,0.0,96.0
201.0,217.0,198.0,125.0,195.0
139.0,117.0,103.0,0.0,106.0
99.0,102.0,127.0,0.0,123.0
159.0,155.0,164.0,165.0,152.0
136.0,97.0,127.0,0.0,101.0
185.0,170.0,156.0,127.0,156.0
218.0,140.0,160.0,171.0,197.0
154.0,164.0,170.0,89.0,146.0
167.0,158.0,146.0,116.0,104.0
104.0,128.0,138.0,157.0,101.0
208.0,208.0,300.0,159.0,192.0
195.0,172.0,142.0,170.0,176.0
162.0,93.0,211.0,115.0,106.0
171.0,170.0,84.0,94.0,147.0
111.0,94.0,92.0,67.0,132.0
154.0,119.0,127.0,115.0,145.0
149.0,158.0,139.0,144.0,109.0
136.0,104.0,152.0,153.0,127.0
87.0,118.0,158.0,106.0,138.0
110.0,76.0,108.0,150.0,137.0
101.0,113.0,116.0,97.0,114.0
179.0,159.0,174.0,153.0,189.0
116.0,105.0,147.0,117.0,143.0
142.0,132.0,152.0,124.0,149.0
169.0,165.0,212.0,81.0,156.0
196.0,209.0,196.0,165.0,205.0
104.0,111.0,158.0,88.0,117.0
181.0,163.0,122.0,113.0,137.0
170.0,158.0,136.0,120.0,149.0
135.0,122.0,113.0,155.0,122.0
200.0,167.0,150.0,116.0,153.0
202.0,186.0,214.0,127.0,142.0
104.0,115.0,131.0,119.0,93.0
177.0,163.0,188.0,167.0,108.0
142.0,160.0,125.0,105.0,107.0
117.0,136.0,157.0,128.0,174.0
112.0,134.0,112.0,151.0,94.0
167.0,154.0,146.0,124.0,154.0
106.0,134.0,144.0,110.0,178.0
0.0,0.0,0.0,79.0,71.0
133.0,128.0,139.0,150.0,97.0
101.0,93.0,111.0,0.0,80.0
171.0,141.0,161.0,189.0,140.0
129.0,153.0,146.0,133.0,65.0
80.0,98.0,116.0,162.0,149.0
136.0,131.0,163.0,115.0,160.0
138.0,110.0,141.0,83.0,165.0
175.0,159.0,137.0,0.0,113.0
110.0,188.0,171.0,150.0,200.0
179.0,182.0,201.0,174.0,142.0
137.0,113.0,178.0,124.0,134.0
127.0,156.0,139.0,147.0,141.0
144.0,167.0,118.0,130.0,134.0
152.0,180.0,153.0,150.0,156.0
129.0,109.0,131.0,127.0,106.0
143.0,95.0,143.0,0.0,116.0
108.0,104.0,105.0,121.0,108.0
179.0,149.0,162.0,131.0,173.0
168.0,114.0,141.0,129.0,101.0
169.0,196.0,187.0,191.0,173.0
166.0,160.0,154.0,110.0,185.0
167.0,166.0,190.0,164.0,183.0
155.0,134.0,129.0,172.0,138.0
168.0,156.0,148.0,154.0,162.0
130.0,171.0,214.0,167.0,139.0
100.0,127.0,139.0,185.0,139.0
173.0,165.0,212.0,0.0,148.0
173.0,160.0,211.0,191.0,145.0
120.0,162.0,148.0,112.0,157.0
127.0,124.0,134.0,115.0,142.0
95.0,129.0,160.0,131.0,102.0
155.0,159.0,140.0,121.0,167.0
155.0,186.0,182.0,136.0,105.0
152.0,149.0,113.0,117.0,139.0
195.0,172.0,193.0,165.0,194.0
189.0,202.0,178.0,119.0,176.0
152.0,188.0,114.0,168.0,149.0
142.0,139.0,169.0,138.0,123.0
150.0,110.0,118.0,132.0,155.0
114.0,122.0,115.0,174.0,75.0
131.0,142.0,138.0,127.0,132.0
176.0,202.0,216.0,131.0,198.0
178.0,172.0,169.0,168.0,191.0
186.0,191.0,148.0,164.0,172.0
150.0,155.0,148.0,129.0,138.0
179.0,174.0,131.0,123.0,126.0
209.0,157.0,185.0,181.0,197.0
105.0,78.0,120.0,83.0,93.0
183.0,183.0,163.0,156.0,177.0
169.0,180.0,129.0,151.0,129.0
133.0,119.0,129.0,130.0,140.0
172.0,207.0,198.0,154.0,170.0
184.0,186.0,116.0,152.0,150.0
160.0,173.0,170.0,118.0,146.0
164.0,147.0,123.0,115.0,115.0
180.0,177.0,169.0,121.0,161.0
98.0,103.0,131.0,173.0,131.0
126.0,150.0,162.0,119.0,154.0
143.0,117.0,117.0,160.0,125.0
166.0,157.0,157.0,179.0,179.0
174.0,196.0,198.0,162.0,151.0
192.0,140.0,202.0,156.0,167.0
120.0,93.0,119.0,165.0,139.0
170.0,131.0,153.0,118.0,125.0
151.0,120.0,138.0,0.0,168.0
160.0,155.0,143.0,111.0,143.0
134.0,120.0,141.0,121.0,108.0
156.0,180.0,181.0,133.0,170.0
182.0,128.0,177.0,116.0,158.0
179.0,192.0,151.0,138.0,159.0
196.0,190.0,186.0,174.0,187.0
116.0,129.0,113.0,0.0,149.0
151.0,157.0,189.0,149.0,145.0
125.0,140.0,132.0,115.0,95.0
180.0,162.0,160.0,148.0,169.0
173.0,104.0,177.0,172.0,93.0
171.0,156.0,167.0,0.0,136.0
159.0,191.0,159.0,300.0,121.0
151.0,143.0,149.0,110.0,129.0
187.0,167.0,165.0,152.0,189.0
142.0,147.0,130.0,119.0,134.0
173.0,186.0,190.0,162.0,158.0
202.0,184.0,177.0,156.0,124.0
135.0,145.0,122.0,121.0,107.0
154.0,128.0,142.0,159.0,156.0
122.0,107.0,184.0,132.0,116.0
120.0,146.0,169.0,0.0,127.0
138.0,79.0,133.0,114.0,120.0
104.0,107.0,159.0,167.0,106.0
170.0,173.0,161.0,158.0,167.0
152.0,136.0,162.0,127.0,142.0
100.0,95.0,116.0,0.0,108.0
157.0,184.0,191.0,166.0,169.0
184.0,143.0,151.0,0.0,123.0
159.0,168.0,214.0,179.0,122.0
140.0,130.0,136.0,159.0,99.0
169.0,142.0,157.0,180.0,169.0
135.0,94.0,121.0,159.0,187.0
118.0,82.0,127.0,119.0,136.0
107.0,136.0,149.0,119.0,123.0
157.0,172.0,158.0,165.0,168.0
194.0,200.0,198.0,131.0,154.0
134.0,110.0,168.0,95.0,126.0
106.0,82.0,105.0,124.0,107.0
168.0,142.0,185.0,147.0,183.0
215.0,227.0,210.0,176.0,207.0
189.0,228.0,224.0,164.0,193.0
134.0,125.0,121.0,119.0,174.0
136.0,151.0,122.0,154.0,113.0
195.0,143.0,300.0,164.0,152.0
118.0,129.0,129.0,117.0,118.0
192.0,194.0,154.0,0.0,143.0
138.0,111.0,115.0,115.0,118.0
147.0,165.0,114.0,109.0,128.0
113.0,77.0,183.0,182.0,169.0
160.0,154.0,171.0,155.0,89.0
204.0,209.0,212.0,109.0,188.0
149.0,115.0,132.0,120.0,92.0
124.0,120.0,171.0,140.0,125.0
111.0,90.0,151.0,124.0,102.0
83.0,97.0,105.0,0.0,91.0
187.0,167.0,179.0,144.0,167.0
143.0,106.0,133.0,87.0,122.0
153.0,108.0,173.0,152.0,83.0
155.0,119.0,199.0,130.0,123.0
139.0,137.0,158.0,152.0,145.0
205.0,153.0,188.0,137.0,158.0
140.0,148.0,107.0,0.0,138.0
203.0,177.0,174.0,166.0,151.0
157.0,168.0,153.0,154.0,116.0
201.0,141.0,150.0,119.0,180.0
146.0,146.0,177.0,120.0,138.0
119.0,120.0,154.0,156.0,116.0
209.0,95.0,208.0,140.0,207.0
148.0,163.0,103.0,148.0,125.0
81.0,85.0,197.0,196.0,124.0
90.0,104.0,110.0,156.0,86.0
95.0,101.0,125.0,149.0,126.0
127.0,100.0,107.0,97.0,133.0
158.0,186.0,196.0,158.0,168.0
169.0,189.0,204.0,153.0,174.0
100.0,140.0,140.0,163.0,120.0
220.0,214.0,230.0,194.0,195.0
122.0,96.0,115.0,152.0,121.0
121.0,137.0,104.0,98.0,130.0
95.0,86.0,91.0,127.0,117.0
154.0,146.0,129.0,123.0,135.0
164.0,124.0,169.0,141.0,182.0
204.0,127.0,145.0,0.0,169.0
117.0,124.0,168.0,176.0,143.0
130.0,127.0,194.0,118.0,108.0
139.0,110.0,120.0,164.0,98.0
149.0,163.0,179.0,177.0,192.0
131.0,130.0,143.0,138.0,106.0
189.0,207.0,183.0,157.0,181.0
130.0,119.0,139.0,128.0,100.0
193.0,206.0,213.0,188.0,155.0
174.0,160.0,148.0,175.0,145.0
124.0,95.0,120.0,120.0,102.0
171.0,183.0,197.0,122.0,141.0
125.0,105.0,177.0,112.0,159.0
179.0,88.0,175.0,127.0,140.0
168.0,182.0,180.0,105.0,196.0
199.0,174.0,203.0,153.0,164.0
167.0,153.0,155.0,166.0,177.0
163.0,124.0,136.0,140.0,120.0
195.0,201.0,108.0,186.0,136.0
178.0,167.0,205.0,117.0,113.0
140.0,129.0,148.0,154.0,146.0
219.0,194.0,198.0,116.0,169.0
143.0,159.0,122.0,136.0,138.0
145.0,155.0,181.0,164.0,162.0
184.0,175.0,163.0,164.0,169.0
150.0,190.0,195.0,148.0,151.0
111.0,112.0,135.0,155.0,89.0
125.0,116.0,161.0,154.0,150.0
199.0,161.0,159.0,178.0,176.0
166.0,178.0,192.0,116.0,128.0
117.0,83.0,146.0,165.0,117.0
161.0,194.0,201.0,96.0,170.0
150.0,157.0,166.0,100.0,204.0
153.0,170.0,110.0,125.0,134.0
176.0,222.0,180.0,131.0,156.0
135.0,139.0,145.0,171.0,121.0
108.0,122.0,121.0,152.0,125.0
118.0,95.0,160.0,92.0,104.0
168.0,159.0,157.0,78.0,203.0
168.0,166.0,186.0,111.0,154.0
169.0,142.0,145.0,173.0,157.0
157.0,136.0,197.0,112.0,127.0
120.0,104.0,115.0,147.0,129.0
183.0,152.0,105.0,150.0,131.0
153.0,122.0,84.0,150.0,120.0
199.0,189.0,179.0,159.0,131.0
183.0,166.0,184.0,140.0,147.0
217.0,211.0,211.0,153.0,178.0
155.0,133.0,153.0,146.0,129.0
158.0,170.0,202.0,128.0,180.0
199.0,195.0,191.0,121.0,185.0
194.0,174.0,156.0,159.0,119.0
215.0,204.0,211.0,173.0,197.0
143.0,117.0,111.0,116.0,112.0
152.0,144.0,108.0,156.0,132.0
206.0,198.0,215.0,300.0,227.0
179.0,146.0,176.0,179.0,191.0
133.0,142.0,170.0,153.0,160.0
161.0,156.0,155.0,144.0,173.0
186.0,196.0,163.0,124.0,205.0
122.0,129.0,138.0,144.0,146.0
158.0,173.0,130.0,126.0,122.0
169.0,178.0,170.0,156.0,146.0
130.0,146.0,146.0,117.0,141.0
132.0,97.0,144.0,146.0,137.0
146.0,157.0,136.0,125.0,159.0
197.0,197.0,140.0,155.0,161.0
163.0,177.0,143.0,0.0,159.0
128.0,121.0,184.0,174.0,130.0
162.0,193.0,126.0,161.0,143.0
157.0,108.0,122.0,151.0,150.0
155.0,124.0,113.0,130.0,141.0
102.0,113.0,159.0,115.0,154.0
201.0,214.0,205.0,125.0,186.0
147.0,134.0,178.0,138.0,142.0
180.0,158.0,197.0,120.0,158.0
158.0,123.0,166.0,126.0,120.0
111.0,134.0,114.0,125.0,124.0
132.0,104.0,134.0,129.0,163.0
153.0,180.0,139.0,199.0,179.0
192.0,151.0,200.0,172.0,137.0
93.0,88.0,135.0,0.0,118.0
101.0,121.0,128.0,121.0,118.0
163.0,139.0,145.0,153.0,117.0
171.0,178.0,172.0,119.0,173.0
167.0,158.0,162.0,178.0,162.0
146.0,150.0,136.0,112.0,123.0
126.0,97.0,137.0,0.0,100.0
170.0,199.0,165.0,154.0,135.0
135.0,120.0,136.0,162.0,162.0
137.0,116.0,109.0,119.0,112.0
185.0,133.0,204.0,134.0,101.0
100.0,93.0,120.0,90.0,90.0
146.0,136.0,116.0,153.0,139.0
147.0,113.0,157.0,170.0,181.0
192.0,149.0,128.0,116.0,162.0
152.0,173.0,151.0,176.0,154.0
156.0,173.0,134.0,124.0,117.0
200.0,208.0,225.0,188.0,204.0
153.0,136.0,121.0,0.0,148.0
172.0,180.0,152.0,160.0,149.0
112.0,143.0,137.0,158.0,122.0
149.0,170.0,133.0,103.0,169.0
202.0,197.0,185.0,183.0,131.0
220.0,211.0,198.0,117.0,192.0
195.0,203.0,212.0,149.0,199.0
132.0,133.0,128.0,0.0,110.0
130.0,137.0,117.0,165.0,147.0
162.0,128.0,187.0,157.0,180.0
102.0,96.0,157.0,145.0,87.0
178.0,129.0,195.0,187.0,93.0
154.0,176.0,175.0,163.0,181.0
138.0,129.0,131.0,151.0,126.0
129.0,108.0,98.0,161.0,66.0
155.0,172.0,122.0,128.0,81.0
166.0,168.0,198.0,144.0,121.0
135.0,130.0,219.0,153.0,119.0
195.0,154.0,187.0,115.0,186.0
153.0,161.0,140.0,140.0,155.0
174.0,172.0,147.0,156.0,138.0
180.0,185.0,222.0,155.0,185.0
146.0,111.0,186.0,114.0,123.0
179.0,162.0,207.0,184.0,163.0
149.0,127.0,153.0,146.0,124.0
181.0,149.0,195.0,166.0,198.0
149.0,155.0,143.0,169.0,111.0
131.0,116.0,168.0,118.0,156.0
137.0,102.0,160.0,155.0,82.0
151.0,181.0,167.0,125.0,161.0
139.0,146.0,152.0,0.0,112.0
158.0,170.0,143.0,0.0,169.0
117.0,160.0,138.0,117.0,82.0
105.0,113.0,99.0,169.0,106.0
190.0,79.0,184.0,117.0,118.0
169.0,159.0,157.0,133.0,158.0
124.0,82.0,168.0,144.0,112.0
169.0,129.0,181.0,175.0,189.0
141.0,171.0,155.0,122.0,126.0
172.0,114.0,145.0,162.0,138.0
112.0,172.0,148.0,165.0,138.0
156.0,177.0,176.0,132.0,91.0
124.0,101.0,96.0,122.0,98.0
167.0,169.0,201.0,156.0,167.0
151.0,112.0,145.0,98.0,114.0
147.0,97.0,139.0,151.0,144.0
173.0,133.0,185.0,127.0,167.0
115.0,90.0,115.0,0.0,104.0
160.0,212.0,220.0,156.0,156.0
161.0,109.0,125.0,118.0,100.0
169.0,173.0,122.0,156.0,143.0
117.0,116.0,117.0,117.0,90.0
106.0,147.0,97.0,151.0,76.0
126.0,132.0,136.0,152.0,119.0
181.0,163.0,209.0,150.0,162.0
141.0,114.0,182.0,161.0,110.0
172.0,176.0,164.0,141.0,182.0
138.0,133.0,145.0,164.0,133.0
104.0,139.0,140.0,149.0,93.0
103.0,130.0,104.0,166.0,117.0
133.0,107.0,155.0,174.0,139.0
168.0,166.0,172.0,123.0,122.0
174.0,196.0,184.0,128.0,185.0
137.0,147.0,132.0,146.0,98.0
175.0,203.0,196.0,110.0,159.0
95.0,86.0,126.0,0.0,67.0
108.0,126.0,130.0,144.0,114.0
163.0,172.0,167.0,181.0,174.0
135.0,171.0,126.0,160.0,121.0
211.0,209.0,176.0,165.0,164.0
148.0,153.0,155.0,166.0,192.0
158.0,165.0,125.0,138.0,144.0
132.0,168.0,125.0,168.0,181.0
130.0,112.0,154.0,84.0,113.0
171.0,163.0,141.0,131.0,155.0
180.0,222.0,194.0,156.0,202.0
117.0,109.0,146.0,127.0,122.0
94.0,149.0,107.0,116.0,131.0
166.0,120.0,105.0,110.0,136.0
177.0,189.0,193.0,126.0,155.0
132.0,111.0,122.0,108.0,123.0
121.0,91.0,136.0,171.0,114.0
131.0,98.0,123.0,115.0,107.0
170.0,187.0,186.0,124.0,176.0
182.0,143.0,134.0,148.0,127.0
126.0,137.0,152.0,153.0,135.0
137.0,157.0,122.0,125.0,141.0
142.0,113.0,141.0,121.0,104.0
142.0,98.0,187.0,156.0,150.0
222.0,220.0,300.0,160.0,196.0
110.0,139.0,140.0,126.0,85.0
178.0,156.0,172.0,142.0,160.0
126.0,150.0,166.0,182.0,177.0
136.0,137.0,149.0,125.0,145.0
168.0,174.0,139.0,158.0,164.0
137.0,135.0,142.0,146.0,105.0
153.0,162.0,149.0,129.0,123.0
189.0,174.0,159.0,144.0,200.0
201.0,165.0,143.0,175.0,221.0
167.0,160.0,221.0,163.0,157.0
186.0,182.0,203.0,143.0,211.0
169.0,185.0,153.0,155.0,168.0
152.0,152.0,149.0,134.0,168.0
149.0,167.0,174.0,158.0,126.0
190.0,212.0,201.0,177.0,201.0
139.0,94.0,132.0,0.0,71.0
168.0,171.0,187.0,173.0,176.0
144.0,149.0,153.0,168.0,124.0
98.0,151.0,161.0,181.0,110.0
156.0,209.0,189.0,129.0,135.0
133.0,150.0,143.0,161.0,109.0
177.0,172.0,167.0,168.0,111.0
206.0,172.0,185.0,182.0,133.0
141.0,130.0,127.0,0.0,118.0
141.0,179.0,161.0,148.0,152.0
159.0,183.0,155.0,135.0,180.0
184.0,148.0,156.0,194.0,144.0
181.0,155.0,198.0,168.0,155.0
212.0,191.0,202.0,188.0,200.0
192.0,194.0,194.0,171.0,204.0
101.0,152.0,132.0,156.0,110.0
193.0,200.0,221.0,167.0,115.0
131.0,114.0,135.0,171.0,167.0
134.0,123.0,153.0,149.0,166.0
224.0,195.0,188.0,187.0,196.0
191.0,173.0,168.0,159.0,142.0
129.0,122.0,139.0,92.0,125.0
133.0,153.0,164.0,142.0,97.0
166.0,127.0,114.0,144.0,132.0
138.0,139.0,140.0,115.0,142.0
171.0,180.0,161.0,167.0,152.0
182.0,176.0,140.0,152.0,163.0
169.0,126.0,174.0,152.0,172.0
137.0,113.0,143.0,144.0,141.0
131.0,126.0,85.0,139.0,94.0
154.0,133.0,145.0,172.0,136.0
163.0,171.0,185.0,123.0,110.0
219.0,210.0,192.0,159.0,198.0
122.0,155.0,129.0,194.0,112.0
130.0,135.0,145.0,148.0,99.0
208.0,190.0,206.0,170.0,192.0
197.0,208.0,205.0,0.0,184.0
133.0,152.0,154.0,104.0,138.0
146.0,171.0,155.0,174.0,114.0
183.0,142.0,188.0,169.0,142.0
120.0,99.0,146.0,116.0,132.0
138.0,108.0,147.0,0.0,120.0
300.0,207.0,218.0,187.0,212.0
139.0,158.0,140.0,124.0,112.0
165.0,177.0,137.0,124.0,149.0
145.0,117.0,127.0,146.0,125.0
157.0,140.0,169.0,144.0,117.0
119.0,93.0,79.0,178.0,130.0
123.0,143.0,157.0,0.0,165.0
135.0,110.0,138.0,119.0,123.0
139.0,98.0,110.0,116.0,109.0
183.0,158.0,194.0,148.0,172.0
125.0,119.0,140.0,124.0,150.0
104.0,128.0,116.0,0.0,126.0
165.0,175.0,164.0,170.0,192.0
300.0,196.0,216.0,146.0,202.0
195.0,175.0,172.0,175.0,166.0
99.0,125.0,141.0,115.0,115.0
104.0,132.0,119.0,0.0,95.0
190.0,179.0,178.0,152.0,173.0
208.0,211.0,198.0,123.0,172.0
195.0,183.0,207.0,156.0,198.0
164.0,153.0,169.0,0.0,171.0
154.0,122.0,173.0,125.0,156.0
107.0,103.0,127.0,0.0,79.0
169.0,141.0,165.0,145.0,198.0
150.0,120.0,159.0,95.0,144.0
138.0,111.0,167.0,155.0,164.0
149.0,131.0,146.0,96.0,81.0
146.0,149.0,144.0,169.0,153.0
135.0,101.0,127.0,161.0,89.0
89.0,103.0,173.0,159.0,104.0
157.0,133.0,170.0,175.0,129.0
144.0,151.0,169.0,168.0,133.0
143.0,98.0,178.0,127.0,161.0
192.0,188.0,166.0,127.0,190.0
188.0,163.0,159.0,120.0,195.0
105.0,88.0,112.0,113.0,102.0
163.0,202.0,172.0,0.0,170.0
204.0,182.0,159.0,155.0,127.0
134.0,123.0,164.0,167.0,147.0
149.0,167.0,159.0,85.0,130.0
131.0,147.0,117.0,145.0,136.0
141.0,160.0,137.0,169.0,114.0
121.0,131.0,114.0,126.0,149.0
141.0,153.0,164.0,151.0,177.0
197.0,180.0,176.0,125.0,174.0
105.0,122.0,175.0,127.0,157.0
126.0,74.0,109.0,115.0,123.0
107.0,121.0,113.0,109.0,89.0
173.0,185.0,160.0,118.0,168.0
144.0,143.0,127.0,142.0,119.0
209.0,200.0,186.0,176.0,197.0
135.0,160.0,153.0,120.0,149.0
120.0,87.0,100.0,0.0,89.0
178.0,175.0,128.0,152.0,172.0
159.0,108.0,156.0,158.0,179.0
124.0,127.0,135.0,150.0,152.0
177.0,208.0,133.0,153.0,148.0
128.0,101.0,96.0,113.0,124.0
174.0,141.0,172.0,117.0,144.0
141.0,139.0,136.0,150.0,135.0
121.0,154.0,165.0,112.0,130.0
152.0,175.0,141.0,129.0,135.0
103.0,75.0,154.0,177.0,92.0
195.0,182.0,187.0,300.0,160.0
180.0,182.0,168.0,125.0,174.0
144.0,132.0,141.0,119.0,160.0
103.0,112.0,127.0,166.0,134.0
201.0,194.0,197.0,151.0,184.0
143.0,110.0,156.0,172.0,151.0
157.0,175.0,169.0,0.0,189.0
100.0,159.0,123.0,130.0,126.0
187.0,183.0,198.0,108.0,145.0
135.0,150.0,153.0,184.0,134.0
111.0,103.0,110.0,136.0,106.0
98.0,91.0,138.0,128.0,69.0
120.0,123.0,177.0,155.0,115.0
132.0,109.0,148.0,0.0,101.0
149.0,148.0,142.0,119.0,129.0
116.0,86.0,110.0,141.0,123.0
134.0,116.0,176.0,111.0,119.0
154.0,165.0,161.0,188.0,100.0
133.0,121.0,120.0,178.0,122.0
158.0,152.0,175.0,100.0,114.0
174.0,178.0,199.0,170.0,163.0
116.0,98.0,123.0,155.0,115.0
184.0,184.0,166.0,137.0,152.0
120.0,129.0,118.0,122.0,137.0
135.0,157.0,124.0,150.0,115.0
162.0,171.0,154.0,150.0,132.0
164.0,106.0,171.0,115.0,160.0
152.0,164.0,205.0,178.0,186.0
207.0,193.0,207.0,160.0,184.0
119.0,96.0,135.0,85.0,106.0
140.0,126.0,126.0,123.0,145.0
126.0,134.0,166.0,162.0,150.0
159.0,150.0,147.0,119.0,176.0
161.0,169.0,169.0,163.0,161.0
109.0,145.0,162.0,146.0,141.0
171.0,180.0,160.0,168.0,150.0
173.0,151.0,201.0,182.0,146.0
178.0,169.0,169.0,157.0,131.0
198.0,184.0,199.0,154.0,192.0
113.0,113.0,125.0,121.0,114.0
115.0,138.0,126.0,125.0,139.0
132.0,95.0,131.0,113.0,116.0
181.0,192.0,191.0,154.0,187.0
111.0,104.0,110.0,117.0,92.0
203.0,198.0,199.0,141.0,209.0
174.0,157.0,183.0,173.0,155.0
125.0,128.0,163.0,162.0,136.0
143.0,185.0,148.0,160.0,154.0
119.0,77.0,143.0,138.0,121.0
110.0,131.0,108.0,0.0,121.0
118.0,85.0,88.0,174.0,93.0
196.0,168.0,190.0,115.0,112.0
141.0,158.0,108.0,144.0,160.0
159.0,159.0,156.0,129.0,148.0
185.0,179.0,205.0,169.0,193.0
149.0,144.0,194.0,118.0,172.0
106.0,92.0,130.0,151.0,96.0
197.0,159.0,218.0,117.0,216.0
110.0,93.0,132.0,118.0,152.0
115.0,90.0,123.0,131.0,110.0
198.0,201.0,171.0,184.0,214.0
163.0,163.0,182.0,151.0,143.0
199.0,205.0,187.0,147.0,192.0
157.0,95.0,164.0,169.0,161.0
161.0,159.0,186.0,117.0,161.0
122.0,129.0,116.0,146.0,140.0
175.0,165.0,196.0,173.0,157.0
176.0,181.0,162.0,173.0,202.0
189.0,113.0,119.0,176.0,140.0
132.0,117.0,130.0,0.0,146.0
195.0,166.0,191.0,117.0,188.0
149.0,157.0,158.0,150.0,189.0
133.0,134.0,154.0,119.0,151.0
196.0,186.0,163.0,146.0,143.0
132.0,118.0,150.0,159.0,116.0
152.0,164.0,146.0,169.0,140.0
117.0,163.0,131.0,123.0,164.0
190.0,163.0,155.0,119.0,163.0
206.0,199.0,182.0,153.0,185.0
170.0,170.0,204.0,174.0,154.0
172.0,140.0,166.0,127.0,178.0
162.0,154.0,179.0,120.0,132.0
139.0,164.0,171.0,162.0,178.0
218.0,187.0,172.0,150.0,154.0
157.0,104.0,124.0,122.0,123.0
168.0,168.0,211.0,180.0,177.0
146.0,90.0,133.0,118.0,133.0
300.0,203.0,220.0,173.0,225.0
128.0,110.0,121.0,137.0,140.0
155.0,168.0,162.0,153.0,151.0
130.0,86.0,135.0,0.0,77.0
174.0,184.0,167.0,194.0,197.0
187.0,175.0,135.0,174.0,148.0
187.0,172.0,216.0,0.0,138.0
179.0,117.0,92.0,178.0,155.0
128.0,109.0,125.0,142.0,137.0
153.0,138.0,173.0,156.0,154.0
182.0,202.0,206.0,193.0,197.0
131.0,127.0,128.0,127.0,105.0
145.0,160.0,139.0,146.0,173.0
129.0,119.0,149.0,119.0,172.0
173.0,180.0,184.0,117.0,125.0
186.0,189.0,132.0,81.0,172.0
165.0,172.0,123.0,155.0,129.0
127.0,151.0,142.0,127.0,136.0
91.0,88.0,133.0,0.0,85.0
128.0,120.0,124.0,124.0,111.0
106.0,118.0,148.0,125.0,106.0
152.0,144.0,159.0,124.0,153.0
141.0,144.0,165.0,103.0,145.0
171.0,184.0,153.0,128.0,165.0
128.0,115.0,151.0,95.0,140.0
113.0,159.0,133.0,154.0,128.0
105.0,94.0,129.0,124.0,98.0
130.0,169.0,153.0,109.0,112.0
108.0,92.0,120.0,122.0,118.0
189.0,194.0,158.0,145.0,128.0
157.0,145.0,154.0,111.0,117.0
192.0,188.0,165.0,126.0,191.0
150.0,177.0,143.0,137.0,148.0
112.0,108.0,92.0,0.0,152.0
120.0,129.0,173.0,92.0,133.0
142.0,150.0,101.0,123.0,144.0
169.0,138.0,138.0,197.0,158.0
152.0,212.0,206.0,170.0,166.0
181.0,208.0,146.0,182.0,160.0
146.0,147.0,167.0,120.0,97.0
207.0,143.0,202.0,126.0,192.0
126.0,122.0,127.0,152.0,113.0
143.0,74.0,135.0,135.0,130.0
164.0,117.0,160.0,0.0,117.0
133.0,128.0,134.0,123.0,131.0
190.0,176.0,196.0,151.0,185.0
111.0,129.0,155.0,119.0,134.0
146.0,134.0,128.0,0.0,144.0
97.0,80.0,119.0,120.0,86.0
170.0,167.0,161.0,163.0,126.0
150.0,177.0,153.0,111.0,156.0
195.0,204.0,200.0,156.0,199.0
190.0,167.0,171.0,118.0,176.0
138.0,129.0,151.0,117.0,148.0
113.0,100.0,122.0,110.0,121.0
175.0,203.0,160.0,195.0,150.0
206.0,165.0,173.0,162.0,167.0
176.0,156.0,127.0,128.0,158.0
134.0,129.0,126.0,127.0,97.0
147.0,180.0,156.0,145.0,144.0
176.0,134.0,154.0,147.0,137.0
177.0,181.0,188.0,127.0,163.0
195.0,204.0,154.0,159.0,137.0
156.0,0.0,172.0,109.0,0.0
148.0,81.0,163.0,128.0,94.0
120.0,99.0,173.0,0.0,176.0
101.0,95.0,112.0,0.0,107.0
153.0,168.0,134.0,177.0,186.0
116.0,119.0,105.0,113.0,134.0
153.0,148.0,174.0,149.0,146.0
146.0,168.0,165.0,167.0,138.0
149.0,143.0,163.0,124.0,114.0
196.0,170.0,200.0,166.0,167.0
180.0,183.0,187.0,149.0,138.0
160.0,165.0,169.0,163.0,165.0
120.0,123.0,140.0,129.0,137.0
159.0,169.0,123.0,148.0,143.0
174.0,187.0,196.0,117.0,178.0
192.0,196.0,160.0,127.0,148.0
133.0,124.0,133.0,151.0,124.0
219.0,186.0,128.0,126.0,202.0
179.0,181.0,200.0,179.0,182.0
114.0,136.0,106.0,158.0,123.0
149.0,158.0,150.0,128.0,104.0
170.0,169.0,187.0,168.0,145.0
131.0,164.0,147.0,127.0,140.0
187.0,170.0,174.0,168.0,150.0
153.0,131.0,93.0,0.0,181.0
144.0,126.0,125.0,169.0,119.0
135.0,136.0,192.0,148.0,110.0
137.0,86.0,120.0,113.0,182.0
129.0,82.0,131.0,132.0,119.0
127.0,112.0,126.0,112.0,119.0
158.0,155.0,176.0,148.0,183.0
170.0,135.0,147.0,160.0,152.0
124.0,109.0,103.0,151.0,131.0
190.0,194.0,204.0,174.0,222.0
138.0,119.0,132.0,0.0,127.0
205.0,199.0,192.0,163.0,170.0
146.0,114.0,137.0,162.0,154.0
168.0,156.0,161.0,117.0,153.0
158.0,155.0,150.0,128.0,159.0
150.0,111.0,150.0,0.0,93.0
135.0,154.0,150.0,144.0,131.0
213.0,300.0,228.0,173.0,184.0
175.0,192.0,152.0,166.0,129.0
122.0,128.0,140.0,117.0,106.0
175.0,158.0,153.0,175.0,184.0
200.0,181.0,168.0,95.0,188.0
175.0,231.0,170.0,171.0,189.0
181.0,177.0,107.0,169.0,149.0
168.0,162.0,174.0,160.0,169.0
176.0,176.0,122.0,164.0,110.0
169.0,158.0,156.0,171.0,174.0
141.0,156.0,164.0,131.0,110.0
170.0,115.0,158.0,123.0,111.0
153.0,146.0,147.0,173.0,160.0
138.0,160.0,151.0,176.0,154.0
117.0,156.0,160.0,123.0,146.0
220.0,180.0,216.0,147.0,211.0
168.0,183.0,135.0,144.0,198.0
114.0,128.0,155.0,96.0,127.0
129.0,115.0,124.0,130.0,96.0
151.0,132.0,144.0,116.0,183.0
159.0,148.0,160.0,106.0,156.0
178.0,149.0,168.0,153.0,138.0
177.0,155.0,165.0,136.0,140.0
172.0,192.0,161.0,133.0,154.0
143.0,141.0,154.0,155.0,149.0
170.0,129.0,126.0,137.0,153.0
203.0,190.0,182.0,115.0,159.0
139.0,140.0,144.0,120.0,140.0
102.0,112.0,168.0,152.0,145.0
138.0,100.0,162.0,125.0,127.0
155.0,135.0,153.0,180.0,176.0
120.0,107.0,134.0,120.0,107.0
171.0,155.0,152.0,126.0,175.0
178.0,169.0,126.0,145.0,94.0
174.0,137.0,174.0,184.0,107.0
138.0,138.0,135.0,150.0,172.0
185.0,139.0,180.0,123.0,191.0
131.0,110.0,165.0,124.0,147.0
152.0,170.0,180.0,171.0,162.0
220.0,203.0,196.0,176.0,162.0
136.0,125.0,145.0,127.0,158.0
163.0,124.0,154.0,157.0,118.0
177.0,151.0,154.0,152.0,164.0
119.0,112.0,102.0,146.0,100.0
163.0,142.0,190.0,167.0,136.0
161.0,112.0,177.0,127.0,120.0
156.0,122.0,95.0,170.0,101.0
131.0,118.0,126.0,119.0,139.0
168.0,209.0,156.0,153.0,212.0
192.0,204.0,208.0,181.0,210.0
151.0,136.0,190.0,121.0,166.0
136.0,180.0,155.0,121.0,156.0
173.0,192.0,161.0,150.0,179.0
124.0,149.0,140.0,174.0,173.0
166.0,134.0,134.0,129.0,126.0
146.0,159.0,155.0,135.0,158.0
92.0,101.0,101.0,0.0,143.0
132.0,92.0,109.0,0.0,115.0
148.0,193.0,162.0,126.0,160.0
170.0,160.0,167.0,145.0,151.0
145.0,150.0,119.0,118.0,144.0
137.0,104.0,182.0,172.0,197.0
157.0,159.0,153.0,178.0,139.0
130.0,85.0,176.0,155.0,130.0
112.0,100.0,156.0,113.0,138.0
157.0,167.0,180.0,181.0,215.0
150.0,185.0,159.0,122.0,151.0
186.0,195.0,169.0,168.0,171.0
124.0,142.0,150.0,157.0,140.0
129.0,135.0,156.0,156.0,138.0
95.0,90.0,110.0,0.0,81.0
198.0,194.0,163.0,156.0,159.0
209.0,176.0,215.0,173.0,188.0
145.0,115.0,82.0,124.0,121.0
124.0,72.0,124.0,135.0,126.0
191.0,213.0,173.0,165.0,203.0
179.0,179.0,124.0,120.0,155.0
123.0,98.0,131.0,123.0,133.0
176.0,144.0,183.0,118.0,153.0
163.0,169.0,160.0,159.0,134.0
142.0,128.0,121.0,117.0,141.0
173.0,176.0,152.0,91.0,139.0
118.0,116.0,132.0,136.0,110.0
162.0,137.0,148.0,145.0,183.0
167.0,153.0,166.0,113.0,153.0
154.0,160.0,160.0,126.0,130.0
154.0,154.0,141.0,151.0,130.0
183.0,176.0,161.0,171.0,188.0
194.0,189.0,194.0,116.0,214.0
111.0,118.0,128.0,109.0,116.0
137.0,96.0,112.0,116.0,125.0
144.0,132.0,160.0,161.0,153.0
162.0,131.0,128.0,141.0,150.0
143.0,141.0,148.0,112.0,146.0
151.0,108.0,102.0,120.0,122.0
137.0,155.0,111.0,79.0,145.0
104.0,105.0,122.0,142.0,103.0
221.0,226.0,300.0,191.0,189.0
120.0,101.0,111.0,94.0,143.0
150.0,109.0,184.0,147.0,124.0
183.0,155.0,162.0,129.0,139.0
181.0,147.0,132.0,175.0,185.0
140.0,128.0,123.0,170.0,152.0
161.0,150.0,155.0,121.0,143.0
173.0,176.0,189.0,123.0,172.0
171.0,173.0,195.0,168.0,180.0
193.0,165.0,140.0,182.0,173.0
167.0,169.0,207.0,120.0,133.0
107.0,116.0,116.0,124.0,136.0
166.0,163.0,204.0,162.0,145.0
179.0,178.0,159.0,140.0,187.0
181.0,190.0,157.0,103.0,166.0
134.0,102.0,105.0,121.0,108.0
102.0,108.0,142.0,111.0,112.0
199.0,178.0,200.0,174.0,174.0
171.0,138.0,217.0,158.0,145.0
129.0,80.0,128.0,124.0,114.0
141.0,127.0,125.0,126.0,119.0
103.0,83.0,138.0,158.0,100.0
124.0,165.0,122.0,157.0,144.0
154.0,173.0,139.0,164.0,136.0
161.0,161.0,212.0,191.0,116.0
133.0,135.0,108.0,134.0,128.0
165.0,173.0,145.0,154.0,159.0
191.0,184.0,172.0,160.0,190.0
137.0,147.0,185.0,155.0,115.0
161.0,194.0,149.0,153.0,148.0
113.0,119.0,123.0,74.0,128.0
193.0,178.0,157.0,119.0,174.0
148.0,152.0,163.0,167.0,153.0
105.0,99.0,105.0,0.0,119.0
199.0,177.0,208.0,94.0,160.0
109.0,125.0,144.0,129.0,108.0
152.0,145.0,143.0,0.0,120.0
185.0,185.0,130.0,166.0,126.0
158.0,119.0,167.0,167.0,155.0
182.0,177.0,199.0,300.0,155.0
120.0,123.0,132.0,169.0,122.0
113.0,98.0,103.0,0.0,127.0
150.0,151.0,117.0,156.0,137.0
202.0,172.0,300.0,162.0,184.0
153.0,160.0,186.0,164.0,120.0
155.0,157.0,137.0,121.0,105.0
87.0,88.0,136.0,170.0,120.0
105.0,106.0,84.0,152.0,104.0
146.0,188.0,161.0,132.0,147.0
193.0,185.0,204.0,153.0,201.0
161.0,164.0,206.0,160.0,174.0
163.0,139.0,159.0,120.0,182.0
151.0,116.0,121.0,155.0,136.0
166.0,170.0,184.0,123.0,156.0
105.0,112.0,98.0,156.0,87.0
126.0,152.0,122.0,172.0,184.0
171.0,160.0,157.0,171.0,150.0
153.0,172.0,156.0,170.0,185.0
155.0,157.0,150.0,129.0,161.0
186.0,172.0,152.0,183.0,127.0
212.0,195.0,172.0,170.0,177.0
129.0,102.0,95.0,147.0,103.0
147.0,119.0,114.0,181.0,125.0
123.0,139.0,148.0,144.0,126.0
147.0,163.0,128.0,126.0,102.0
154.0,136.0,192.0,176.0,110.0
133.0,109.0,300.0,166.0,196.0
174.0,182.0,221.0,174.0,146.0
158.0,190.0,190.0,123.0,169.0
166.0,155.0,151.0,165.0,180.0
166.0,163.0,203.0,154.0,139.0
198.0,192.0,163.0,128.0,90.0
176.0,178.0,181.0,126.0,146.0
156.0,162.0,169.0,161.0,151.0
126.0,75.0,133.0,135.0,144.0
148.0,133.0,109.0,133.0,128.0
91.0,104.0,126.0,95.0,94.0
105.0,90.0,139.0,146.0,108.0
145.0,163.0,164.0,147.0,193.0
156.0,178.0,174.0,128.0,149.0
177.0,183.0,172.0,147.0,185.0
127.0,119.0,152.0,134.0,94.0
160.0,184.0,203.0,167.0,184.0
166.0,169.0,168.0,155.0,157.0
126.0,120.0,117.0,112.0,119.0
168.0,184.0,198.0,152.0,217.0
121.0,167.0,141.0,133.0,186.0
124.0,141.0,184.0,153.0,128.0
183.0,181.0,197.0,151.0,182.0
164.0,194.0,137.0,165.0,160.0
98.0,89.0,138.0,127.0,91.0
140.0,151.0,125.0,107.0,138.0
174.0,171.0,158.0,177.0,158.0
130.0,148.0,145.0,124.0,121.0
151.0,154.0,144.0,128.0,143.0
176.0,167.0,189.0,172.0,117.0
216.0,81.0,160.0,174.0,159.0
103.0,101.0,126.0,126.0,111.0
118.0,125.0,135.0,105.0,112.0
179.0,148.0,203.0,128.0,146.0
155.0,155.0,170.0,119.0,158.0
134.0,192.0,115.0,133.0,152.0
109.0,153.0,160.0,86.0,126.0
128.0,151.0,148.0,112.0,130.0
175.0,157.0,161.0,163.0,180.0
148.0,124.0,132.0,132.0,132.0
113.0,122.0,86.0,132.0,159.0
185.0,165.0,184.0,157.0,154.0
183.0,190.0,189.0,164.0,149.0
93.0,83.0,92.0,150.0,92.0
158.0,118.0,134.0,122.0,144.0
113.0,66.0,123.0,169.0,148.0
187.0,181.0,154.0,170.0,159.0
176.0,172.0,158.0,125.0,152.0
141.0,160.0,133.0,159.0,143.0
127.0,116.0,142.0,92.0,96.0
198.0,176.0,171.0,188.0,127.0
195.0,178.0,209.0,195.0,140.0
173.0,176.0,148.0,132.0,150.0
164.0,140.0,162.0,170.0,105.0
125.0,129.0,174.0,169.0,127.0
124.0,91.0,121.0,124.0,92.0
111.0,127.0,159.0,182.0,152.0
142.0,140.0,157.0,161.0,103.0
168.0,129.0,155.0,165.0,157.0
193.0,173.0,193.0,134.0,203.0
170.0,157.0,157.0,128.0,119.0
180.0,161.0,169.0,142.0,141.0
194.0,188.0,184.0,156.0,174.0
125.0,111.0,134.0,108.0,122.0
136.0,90.0,185.0,137.0,164.0
110.0,139.0,142.0,136.0,115.0
131.0,116.0,150.0,164.0,126.0
178.0,124.0,194.0,173.0,181.0
183.0,174.0,165.0,121.0,149.0
144.0,143.0,117.0,147.0,145.0
156.0,181.0,164.0,0.0,129.0
176.0,137.0,183.0,168.0,118.0
133.0,126.0,147.0,156.0,138.0
193.0,197.0,193.0,182.0,186.0
144.0,147.0,110.0,144.0,148.0
162.0,153.0,175.0,124.0,111.0
183.0,186.0,162.0,120.0,176.0
197.0,197.0,192.0,167.0,171.0
136.0,141.0,134.0,122.0,106.0
172.0,173.0,167.0,151.0,111.0
125.0,91.0,154.0,154.0,100.0
130.0,127.0,112.0,0.0,135.0
138.0,115.0,128.0,129.0,114.0
148.0,191.0,155.0,150.0,123.0
102.0,86.0,125.0,110.0,103.0
109.0,96.0,124.0,172.0,116.0
189.0,158.0,188.0,176.0,185.0
175.0,185.0,182.0,186.0,123.0
188.0,183.0,211.0,176.0,203.0
163.0,176.0,175.0,127.0,154.0
156.0,142.0,175.0,0.0,116.0
159.0,178.0,182.0,173.0,135.0
176.0,96.0,104.0,158.0,169.0
115.0,123.0,144.0,133.0,124.0
132.0,137.0,117.0,105.0,101.0
141.0,136.0,140.0,95.0,140.0
167.0,165.0,140.0,146.0,68.0
101.0,111.0,139.0,166.0,98.0
113.0,132.0,125.0,155.0,132.0
148.0,133.0,105.0,173.0,109.0
154.0,126.0,200.0,0.0,112.0
221.0,184.0,217.0,122.0,209.0
148.0,173.0,170.0,166.0,180.0
182.0,221.0,300.0,186.0,175.0
114.0,121.0,137.0,127.0,120.0
114.0,116.0,133.0,160.0,136.0
158.0,179.0,121.0,0.0,187.0
117.0,137.0,114.0,167.0,121.0
210.0,181.0,206.0,137.0,185.0
141.0,138.0,163.0,134.0,155.0
145.0,149.0,135.0,147.0,161.0
140.0,86.0,116.0,125.0,173.0
186.0,186.0,145.0,145.0,232.0
204.0,186.0,156.0,146.0,178.0
167.0,182.0,158.0,178.0,168.0
176.0,187.0,205.0,175.0,202.0
156.0,134.0,113.0,120.0,139.0
185.0,170.0,153.0,131.0,137.0
170.0,136.0,165.0,115.0,185.0
166.0,157.0,173.0,125.0,151.0
110.0,85.0,116.0,115.0,111.0
163.0,151.0,113.0,148.0,158.0
168.0,153.0,200.0,151.0,117.0
172.0,157.0,149.0,81.0,141.0
119.0,183.0,181.0,120.0,172.0
225.0,209.0,208.0,129.0,137.0
189.0,160.0,191.0,174.0,142.0
155.0,156.0,137.0,112.0,140.0
165.0,182.0,121.0,167.0,106.0
161.0,143.0,176.0,163.0,129.0
192.0,200.0,203.0,137.0,135.0
173.0,166.0,190.0,153.0,134.0
164.0,183.0,151.0,155.0,194.0
111.0,111.0,117.0,160.0,117.0
172.0,186.0,183.0,169.0,180.0
106.0,87.0,141.0,123.0,107.0
128.0,103.0,167.0,113.0,105.0
140.0,95.0,160.0,133.0,184.0
123.0,141.0,137.0,134.0,97.0
155.0,146.0,139.0,169.0,143.0
172.0,146.0,161.0,167.0,143.0
104.0,96.0,163.0,123.0,96.0
155.0,155.0,144.0,147.0,104.0
133.0,125.0,153.0,133.0,142.0
167.0,174.0,217.0,177.0,162.0
132.0,148.0,188.0,115.0,170.0
161.0,183.0,174.0,126.0,186.0
125.0,117.0,131.0,151.0,101.0
158.0,176.0,167.0,174.0,154.0
161.0,135.0,150.0,146.0,180.0
168.0,167.0,157.0,151.0,159.0
143.0,129.0,143.0,171.0,136.0
166.0,103.0,120.0,140.0,146.0
119.0,106.0,112.0,152.0,102.0
196.0,168.0,201.0,158.0,155.0
132.0,130.0,117.0,125.0,137.0
136.0,107.0,147.0,123.0,129.0
166.0,192.0,166.0,150.0,166.0
93.0,122.0,118.0,96.0,93.0
123.0,160.0,163.0,174.0,133.0
167.0,134.0,139.0,171.0,154.0
151.0,88.0,149.0,171.0,120.0
184.0,167.0,175.0,155.0,189.0
162.0,176.0,161.0,153.0,144.0
139.0,146.0,147.0,150.0,151.0
194.0,163.0,148.0,121.0,134.0
131.0,161.0,135.0,118.0,147.0
149.0,141.0,118.0,184.0,157.0
121.0,100.0,110.0,115.0,121.0
156.0,139.0,149.0,180.0,174.0
192.0,220.0,220.0,172.0,174.0
199.0,188.0,221.0,149.0,196.0
162.0,162.0,153.0,147.0,131.0
122.0,106.0,124.0,0.0,101.0
176.0,177.0,141.0,167.0,181.0
141.0,163.0,116.0,115.0,136.0
160.0,161.0,183.0,86.0,182.0
118.0,119.0,113.0,146.0,112.0
89.0,113.0,109.0,127.0,93.0
153.0,174.0,159.0,166.0,187.0
126.0,129.0,159.0,124.0,132.0
193.0,157.0,187.0,182.0,161.0
155.0,126.0,183.0,148.0,194.0
198.0,190.0,190.0,0.0,155.0
205.0,177.0,191.0,121.0,153.0
125.0,150.0,148.0,151.0,99.0
170.0,141.0,168.0,114.0,175.0
180.0,167.0,217.0,122.0,124.0
162.0,133.0,182.0,92.0,166.0
173.0,169.0,203.0,162.0,175.0
161.0,183.0,208.0,129.0,140.0
180.0,147.0,150.0,183.0,139.0
188.0,165.0,102.0,150.0,141.0
165.0,145.0,180.0,118.0,183.0
176.0,190.0,154.0,150.0,184.0
130.0,92.0,114.0,149.0,117.0
139.0,162.0,159.0,131.0,183.0
182.0,216.0,300.0,173.0,196.0
180.0,179.0,187.0,126.0,132.0
168.0,118.0,139.0,120.0,162.0
151.0,126.0,138.0,126.0,136.0
180.0,190.0,169.0,149.0,194.0
164.0,119.0,134.0,122.0,127.0
200.0,218.0,197.0,159.0,179.0
209.0,192.0,202.0,152.0,194.0
112.0,97.0,116.0,178.0,91.0
194.0,193.0,199.0,173.0,183.0
139.0,183.0,167.0,175.0,182.0
183.0,153.0,156.0,146.0,170.0
128.0,92.0,124.0,114.0,105.0
173.0,168.0,210.0,162.0,159.0
109.0,131.0,123.0,83.0,140.0
145.0,141.0,162.0,122.0,134.0
135.0,128.0,156.0,128.0,139.0
196.0,188.0,187.0,123.0,203.0
149.0,182.0,174.0,168.0,160.0
178.0,143.0,185.0,177.0,173.0
147.0,120.0,149.0,121.0,86.0
170.0,152.0,152.0,114.0,132.0
159.0,151.0,153.0,126.0,177.0
169.0,145.0,152.0,128.0,181.0
116.0,105.0,139.0,178.0,141.0
128.0,158.0,114.0,116.0,136.0
163.0,180.0,178.0,158.0,184.0
139.0,158.0,164.0,157.0,117.0
149.0,132.0,148.0,188.0,148.0
126.0,101.0,116.0,132.0,78.0
106.0,100.0,124.0,78.0,128.0
159.0,116.0,152.0,187.0,190.0
166.0,188.0,190.0,161.0,197.0
99.0,123.0,117.0,117.0,114.0
114.0,136.0,138.0,0.0,168.0
190.0,174.0,215.0,109.0,187.0
189.0,185.0,192.0,156.0,171.0
123.0,126.0,103.0,127.0,141.0
137.0,117.0,127.0,78.0,117.0
147.0,156.0,141.0,138.0,123.0
149.0,192.0,153.0,163.0,174.0
148.0,125.0,128.0,200.0,119.0
144.0,161.0,162.0,135.0,151.0
180.0,116.0,167.0,166.0,194.0
150.0,136.0,152.0,127.0,198.0
131.0,144.0,141.0,0.0,174.0
158.0,172.0,170.0,115.0,187.0
133.0,152.0,144.0,157.0,146.0
145.0,126.0,158.0,124.0,78.0
126.0,123.0,137.0,146.0,107.0
186.0,213.0,204.0,300.0,198.0
150.0,158.0,139.0,128.0,112.0
148.0,104.0,116.0,153.0,141.0
200.0,161.0,201.0,300.0,300.0
154.0,133.0,180.0,180.0,147.0
200.0,200.0,199.0,192.0,206.0
144.0,104.0,130.0,175.0,136.0
197.0,190.0,215.0,0.0,89.0
139.0,134.0,192.0,121.0,157.0
112.0,100.0,146.0,114.0,113.0
177.0,179.0,210.0,111.0,133.0
200.0,193.0,216.0,170.0,185.0
204.0,151.0,162.0,161.0,179.0
147.0,118.0,129.0,157.0,94.0
151.0,91.0,179.0,177.0,115.0
136.0,149.0,147.0,130.0,83.0
169.0,174.0,147.0,120.0,186.0
143.0,138.0,113.0,129.0,144.0
133.0,106.0,114.0,168.0,108.0
128.0,153.0,83.0,126.0,109.0
158.0,179.0,188.0,191.0,171.0
170.0,151.0,143.0,177.0,127.0
202.0,209.0,166.0,157.0,163.0
154.0,134.0,162.0,78.0,137.0
155.0,171.0,164.0,123.0,106.0
170.0,200.0,225.0,96.0,180.0
205.0,164.0,217.0,128.0,164.0
191.0,196.0,141.0,148.0,150.0
181.0,150.0,172.0,162.0,196.0
141.0,85.0,190.0,162.0,158.0
158.0,142.0,177.0,151.0,92.0
186.0,187.0,138.0,127.0,167.0
132.0,139.0,126.0,134.0,119.0
157.0,124.0,136.0,159.0,139.0
200.0,177.0,204.0,85.0,185.0
135.0,130.0,104.0,117.0,122.0
129.0,89.0,100.0,121.0,171.0
162.0,155.0,132.0,167.0,157.0
130.0,110.0,96.0,0.0,102.0
108.0,91.0,83.0,0.0,92.0
170.0,137.0,170.0,134.0,165.0
178.0,176.0,141.0,114.0,167.0
155.0,152.0,158.0,125.0,112.0
124.0,122.0,139.0,117.0,137.0
139.0,133.0,141.0,193.0,165.0
136.0,176.0,132.0,115.0,142.0
156.0,150.0,117.0,148.0,116.0
147.0,146.0,154.0,116.0,143.0
126.0,120.0,109.0,150.0,111.0
113.0,96.0,135.0,166.0,105.0
135.0,114.0,109.0,112.0,154.0
139.0,140.0,141.0,151.0,142.0
210.0,146.0,156.0,151.0,178.0
176.0,182.0,162.0,128.0,159.0
149.0,172.0,133.0,167.0,171.0
142.0,155.0,166.0,157.0,179.0
149.0,163.0,155.0,124.0,127.0
150.0,175.0,153.0,153.0,154.0
173.0,156.0,152.0,119.0,179.0
169.0,171.0,116.0,154.0,175.0
126.0,105.0,132.0,125.0,142.0
159.0,133.0,151.0,123.0,150.0
178.0,150.0,187.0,154.0,135.0
168.0,167.0,157.0,127.0,176.0
118.0,84.0,103.0,0.0,75.0
187.0,172.0,181.0,165.0,178.0
148.0,127.0,134.0,110.0,131.0
137.0,168.0,156.0,150.0,124.0
157.0,138.0,183.0,0.0,176.0
110.0,109.0,176.0,155.0,111.0
148.0,138.0,166.0,124.0,138.0
161.0,127.0,161.0,160.0,149.0
121.0,147.0,138.0,145.0,121.0
84.0,117.0,127.0,82.0,73.0
196.0,193.0,186.0,147.0,152.0
128.0,140.0,162.0,121.0,135.0
189.0,194.0,199.0,173.0,188.0
192.0,206.0,187.0,179.0,158.0
148.0,141.0,126.0,176.0,129.0
136.0,173.0,210.0,154.0,166.0
178.0,200.0,174.0,129.0,193.0
120.0,73.0,120.0,151.0,92.0
192.0,167.0,207.0,165.0,135.0
114.0,98.0,148.0,133.0,139.0
103.0,95.0,167.0,77.0,124.0
183.0,192.0,181.0,150.0,174.0
166.0,156.0,131.0,187.0,143.0
208.0,196.0,194.0,126.0,205.0
126.0,140.0,126.0,125.0,125.0
173.0,165.0,183.0,183.0,130.0
109.0,126.0,136.0,89.0,97.0
164.0,166.0,170.0,151.0,156.0
177.0,154.0,203.0,172.0,163.0
187.0,176.0,170.0,152.0,144.0
167.0,127.0,158.0,164.0,173.0
174.0,150.0,164.0,0.0,139.0
175.0,144.0,135.0,180.0,184.0
142.0,104.0,117.0,129.0,116.0
194.0,150.0,165.0,177.0,177.0
144.0,171.0,163.0,126.0,126.0
138.0,158.0,107.0,116.0,110.0
121.0,126.0,154.0,150.0,101.0
158.0,126.0,157.0,120.0,147.0
148.0,140.0,174.0,136.0,157.0
164.0,146.0,153.0,123.0,155.0
189.0,161.0,212.0,111.0,171.0
127.0,119.0,105.0,168.0,140.0
167.0,84.0,0.0,161.0,137.0
149.0,118.0,144.0,146.0,186.0
118.0,112.0,155.0,101.0,118.0
165.0,145.0,138.0,169.0,142.0
188.0,156.0,149.0,112.0,177.0
147.0,170.0,109.0,119.0,167.0
131.0,117.0,159.0,155.0,101.0
176.0,168.0,187.0,163.0,176.0
146.0,113.0,127.0,108.0,123.0
197.0,191.0,182.0,186.0,168.0
167.0,160.0,144.0,131.0,143.0
167.0,185.0,151.0,185.0,186.0
135.0,115.0,160.0,117.0,125.0
125.0,115.0,120.0,128.0,136.0
141.0,115.0,141.0,136.0,132.0
179.0,152.0,191.0,167.0,147.0
169.0,173.0,225.0,130.0,145.0
150.0,90.0,113.0,149.0,120.0
141.0,146.0,211.0,140.0,103.0
109.0,114.0,85.0,157.0,117.0
129.0,116.0,129.0,160.0,171.0
139.0,140.0,181.0,166.0,142.0
177.0,192.0,173.0,129.0,156.0
170.0,173.0,192.0,168.0,173.0
122.0,88.0,134.0,163.0,89.0
202.0,184.0,178.0,145.0,200.0
162.0,115.0,169.0,117.0,95.0
93.0,112.0,137.0,161.0,104.0
213.0,181.0,214.0,196.0,221.0
148.0,87.0,118.0,164.0,133.0
122.0,124.0,116.0,121.0,100.0
181.0,146.0,180.0,117.0,179.0
132.0,130.0,139.0,128.0,152.0
189.0,168.0,182.0,156.0,134.0
170.0,179.0,161.0,152.0,152.0
142.0,169.0,141.0,154.0,157.0
177.0,168.0,153.0,169.0,176.0
180.0,159.0,165.0,161.0,130.0
204.0,204.0,159.0,173.0,190.0
174.0,170.0,180.0,159.0,182.0
165.0,214.0,166.0,99.0,140.0
156.0,110.0,142.0,121.0,127.0
129.0,127.0,146.0,133.0,97.0
125.0,95.0,131.0,117.0,159.0
179.0,189.0,191.0,125.0,148.0
114.0,141.0,146.0,164.0,145.0
141.0,100.0,145.0,176.0,174.0
114.0,128.0,159.0,0.0,124.0
136.0,142.0,199.0,121.0,145.0
109.0,94.0,152.0,143.0,122.0
109.0,142.0,115.0,113.0,124.0
190.0,189.0,179.0,120.0,173.0
157.0,140.0,151.0,117.0,133.0
171.0,174.0,157.0,139.0,154.0
142.0,135.0,156.0,153.0,140.0
0.0,0.0,0.0,81.0,71.0
154.0,129.0,136.0,159.0,147.0
156.0,171.0,127.0,148.0,142.0
128.0,126.0,180.0,124.0,149.0
96.0,121.0,114.0,106.0,93.0
129.0,108.0,133.0,121.0,104.0
212.0,225.0,200.0,134.0,204.0
112.0,78.0,125.0,106.0,137.0
207.0,190.0,198.0,164.0,169.0
112.0,204.0,166.0,149.0,190.0
119.0,157.0,147.0,106.0,134.0
190.0,161.0,222.0,182.0,153.0
126.0,115.0,140.0,129.0,122.0
162.0,170.0,167.0,145.0,147.0
154.0,151.0,171.0,147.0,178.0
155.0,140.0,199.0,147.0,181.0
159.0,151.0,146.0,159.0,152.0
182.0,176.0,190.0,121.0,180.0
120.0,121.0,127.0,164.0,89.0
92.0,117.0,150.0,128.0,113.0
128.0,165.0,135.0,162.0,135.0
106.0,123.0,158.0,142.0,133.0
158.0,140.0,151.0,148.0,156.0
136.0,102.0,155.0,116.0,82.0
153.0,157.0,138.0,164.0,177.0
171.0,131.0,121.0,128.0,145.0
97.0,94.0,136.0,119.0,128.0
188.0,194.0,137.0,168.0,162.0
117.0,107.0,166.0,106.0,117.0
155.0,183.0,140.0,175.0,135.0
157.0,129.0,153.0,0.0,140.0
118.0,117.0,137.0,164.0,160.0
143.0,132.0,211.0,167.0,131.0
147.0,118.0,145.0,180.0,144.0
194.0,177.0,205.0,193.0,162.0
155.0,176.0,205.0,177.0,149.0
165.0,162.0,178.0,165.0,195.0
112.0,122.0,113.0,126.0,119.0
197.0,191.0,198.0,175.0,190.0
154.0,161.0,169.0,160.0,164.0
114.0,81.0,116.0,131.0,103.0
191.0,113.0,213.0,146.0,172.0
125.0,82.0,134.0,134.0,122.0
177.0,161.0,178.0,152.0,159.0
131.0,122.0,201.0,109.0,140.0
115.0,109.0,128.0,165.0,74.0
213.0,210.0,300.0,169.0,187.0
228.0,225.0,221.0,165.0,168.0
160.0,149.0,120.0,128.0,135.0
166.0,178.0,186.0,165.0,99.0
156.0,148.0,129.0,119.0,146.0
121.0,152.0,300.0,0.0,114.0
147.0,156.0,140.0,157.0,183.0
185.0,182.0,160.0,174.0,147.0
111.0,105.0,100.0,151.0,107.0
146.0,136.0,128.0,0.0,121.0
141.0,162.0,155.0,172.0,116.0
113.0,123.0,171.0,122.0,92.0
134.0,122.0,113.0,0.0,107.0
147.0,163.0,83.0,0.0,176.0
146.0,145.0,153.0,139.0,161.0
202.0,202.0,216.0,178.0,148.0
143.0,146.0,133.0,163.0,126.0
188.0,144.0,194.0,111.0,165.0
168.0,146.0,160.0,129.0,185.0
198.0,177.0,197.0,144.0,176.0
156.0,139.0,153.0,125.0,117.0
182.0,154.0,207.0,175.0,100.0
155.0,153.0,157.0,166.0,214.0
123.0,67.0,107.0,119.0,77.0
164.0,185.0,195.0,174.0,155.0
138.0,158.0,192.0,151.0,144.0
159.0,160.0,163.0,146.0,136.0
110.0,116.0,123.0,98.0,102.0
160.0,148.0,127.0,168.0,149.0
203.0,116.0,300.0,170.0,149.0
166.0,146.0,204.0,154.0,157.0
173.0,118.0,154.0,121.0,164.0
145.0,159.0,173.0,136.0,157.0
152.0,135.0,157.0,0.0,138.0
149.0,136.0,138.0,120.0,143.0
156.0,142.0,182.0,169.0,137.0
164.0,156.0,146.0,151.0,144.0
212.0,191.0,186.0,0.0,196.0
179.0,150.0,123.0,177.0,157.0
140.0,97.0,174.0,130.0,169.0
180.0,195.0,164.0,143.0,163.0
185.0,154.0,198.0,122.0,165.0
140.0,113.0,124.0,129.0,87.0
182.0,164.0,132.0,107.0,116.0
142.0,141.0,148.0,0.0,126.0
161.0,93.0,113.0,128.0,111.0
201.0,191.0,200.0,171.0,180.0
189.0,175.0,160.0,151.0,122.0
135.0,141.0,131.0,127.0,121.0
217.0,216.0,300.0,300.0,153.0
182.0,184.0,183.0,161.0,158.0
153.0,136.0,180.0,155.0,134.0
170.0,152.0,124.0,148.0,108.0
135.0,123.0,183.0,165.0,139.0
111.0,77.0,111.0,184.0,136.0
149.0,140.0,161.0,119.0,146.0
185.0,167.0,177.0,167.0,171.0
144.0,120.0,149.0,148.0,126.0
83.0,118.0,159.0,0.0,127.0
120.0,122.0,131.0,131.0,79.0
168.0,144.0,135.0,180.0,109.0
226.0,180.0,185.0,185.0,202.0
162.0,160.0,155.0,141.0,171.0
130.0,127.0,123.0,168.0,114.0
218.0,166.0,214.0,118.0,194.0
128.0,118.0,145.0,128.0,99.0
144.0,100.0,137.0,149.0,161.0
166.0,118.0,148.0,124.0,137.0
123.0,102.0,162.0,161.0,142.0
157.0,171.0,225.0,142.0,173.0
148.0,141.0,183.0,120.0,156.0
148.0,147.0,114.0,166.0,114.0
198.0,181.0,200.0,172.0,171.0
120.0,143.0,107.0,121.0,118.0
118.0,137.0,121.0,0.0,113.0
111.0,86.0,145.0,92.0,121.0
188.0,186.0,188.0,300.0,153.0
177.0,176.0,189.0,158.0,96.0
138.0,109.0,136.0,150.0,150.0
100.0,120.0,146.0,132.0,105.0
151.0,131.0,163.0,108.0,159.0
150.0,109.0,130.0,113.0,141.0
182.0,132.0,168.0,167.0,181.0
185.0,146.0,205.0,142.0,148.0
164.0,140.0,180.0,154.0,133.0
123.0,141.0,164.0,0.0,161.0
184.0,164.0,219.0,165.0,195.0
135.0,140.0,129.0,123.0,126.0
191.0,166.0,116.0,172.0,122.0
136.0,160.0,127.0,145.0,167.0
153.0,106.0,166.0,167.0,161.0
168.0,146.0,153.0,152.0,149.0
187.0,205.0,300.0,172.0,181.0
175.0,149.0,137.0,145.0,137.0
187.0,180.0,187.0,161.0,160.0
187.0,152.0,116.0,132.0,91.0
204.0,208.0,196.0,175.0,175.0
178.0,125.0,130.0,180.0,107.0
159.0,173.0,151.0,142.0,142.0
148.0,107.0,162.0,155.0,153.0
144.0,135.0,151.0,123.0,146.0
206.0,173.0,201.0,172.0,183.0
131.0,105.0,137.0,118.0,153.0
166.0,125.0,79.0,0.0,129.0
116.0,95.0,153.0,116.0,103.0
166.0,166.0,186.0,150.0,184.0
171.0,172.0,139.0,121.0,136.0
141.0,135.0,129.0,152.0,147.0
116.0,125.0,141.0,117.0,153.0
167.0,116.0,169.0,149.0,145.0
135.0,147.0,145.0,115.0,121.0
161.0,151.0,157.0,152.0,150.0
127.0,178.0,156.0,0.0,146.0
151.0,126.0,148.0,115.0,154.0
126.0,135.0,153.0,172.0,117.0
199.0,178.0,300.0,300.0,174.0
172.0,210.0,193.0,182.0,225.0
131.0,86.0,114.0,116.0,113.0
202.0,191.0,189.0,168.0,172.0
177.0,153.0,174.0,115.0,175.0
178.0,181.0,174.0,145.0,166.0
181.0,147.0,175.0,151.0,205.0
177.0,194.0,166.0,159.0,163.0
209.0,188.0,219.0,175.0,164.0
174.0,200.0,167.0,153.0,192.0
155.0,145.0,121.0,120.0,122.0
153.0,105.0,130.0,149.0,137.0
143.0,160.0,174.0,137.0,139.0
178.0,170.0,159.0,169.0,182.0
137.0,120.0,100.0,156.0,97.0
125.0,114.0,143.0,166.0,104.0
174.0,215.0,166.0,122.0,117.0
156.0,156.0,125.0,122.0,151.0
193.0,187.0,187.0,174.0,157.0
150.0,114.0,153.0,125.0,151.0
164.0,166.0,178.0,147.0,140.0
108.0,120.0,121.0,113.0,128.0
168.0,201.0,198.0,166.0,152.0
180.0,194.0,210.0,179.0,163.0
126.0,118.0,116.0,130.0,132.0
160.0,171.0,162.0,160.0,166.0
140.0,135.0,156.0,119.0,148.0
169.0,174.0,155.0,143.0,131.0
163.0,160.0,203.0,0.0,134.0
166.0,175.0,183.0,163.0,161.0
118.0,144.0,119.0,108.0,130.0
131.0,90.0,102.0,172.0,112.0
165.0,193.0,154.0,108.0,158.0
187.0,151.0,160.0,166.0,152.0
136.0,183.0,162.0,140.0,98.0
147.0,165.0,155.0,121.0,187.0
170.0,166.0,164.0,147.0,166.0
132.0,143.0,132.0,111.0,153.0
129.0,158.0,114.0,0.0,113.0
171.0,185.0,191.0,178.0,169.0
138.0,154.0,114.0,139.0,115.0
205.0,207.0,200.0,126.0,185.0
125.0,114.0,180.0,163.0,139.0
111.0,104.0,128.0,126.0,79.0
114.0,119.0,109.0,134.0,133.0
143.0,114.0,161.0,160.0,150.0
200.0,166.0,188.0,109.0,195.0
161.0,186.0,150.0,152.0,112.0
174.0,154.0,200.0,125.0,201.0
130.0,95.0,162.0,111.0,128.0
185.0,203.0,194.0,191.0,168.0
156.0,145.0,181.0,155.0,146.0
136.0,124.0,120.0,125.0,104.0
187.0,160.0,175.0,157.0,121.0
149.0,125.0,154.0,94.0,172.0
142.0,119.0,156.0,131.0,125.0
196.0,169.0,213.0,168.0,166.0
170.0,163.0,120.0,193.0,137.0
138.0,112.0,103.0,116.0,110.0
155.0,165.0,133.0,133.0,144.0
141.0,137.0,141.0,120.0,127.0
168.0,145.0,148.0,163.0,143.0
125.0,98.0,85.0,164.0,77.0
113.0,177.0,164.0,145.0,196.0
86.0,99.0,116.0,130.0,107.0
166.0,136.0,173.0,130.0,114.0
116.0,126.0,129.0,77.0,93.0
143.0,101.0,140.0,122.0,127.0
106.0,114.0,131.0,160.0,115.0
123.0,82.0,130.0,136.0,83.0
158.0,129.0,158.0,118.0,140.0
159.0,133.0,150.0,143.0,165.0
161.0,134.0,127.0,120.0,151.0
185.0,180.0,161.0,181.0,150.0
148.0,150.0,183.0,139.0,166.0
193.0,147.0,116.0,167.0,138.0
175.0,160.0,167.0,154.0,182.0
91.0,85.0,121.0,124.0,83.0
133.0,142.0,149.0,88.0,143.0
151.0,157.0,153.0,116.0,132.0
187.0,189.0,174.0,145.0,153.0
153.0,137.0,149.0,167.0,130.0
144.0,119.0,174.0,149.0,115.0
130.0,135.0,139.0,158.0,110.0
221.0,183.0,210.0,115.0,179.0
103.0,115.0,104.0,163.0,108.0
185.0,165.0,153.0,165.0,129.0
203.0,156.0,209.0,160.0,227.0
131.0,102.0,119.0,86.0,110.0
127.0,106.0,111.0,84.0,102.0
181.0,187.0,195.0,90.0,168.0
138.0,106.0,140.0,125.0,164.0
160.0,203.0,103.0,167.0,151.0
133.0,119.0,159.0,147.0,134.0
152.0,159.0,165.0,170.0,127.0
172.0,144.0,128.0,124.0,163.0
126.0,105.0,120.0,0.0,95.0
126.0,92.0,111.0,180.0,146.0
116.0,119.0,136.0,134.0,149.0
138.0,145.0,121.0,126.0,156.0
180.0,182.0,197.0,164.0,173.0
119.0,144.0,118.0,171.0,135.0
166.0,160.0,201.0,157.0,147.0
109.0,101.0,133.0,124.0,171.0
147.0,153.0,105.0,151.0,145.0
170.0,166.0,181.0,181.0,157.0
145.0,173.0,185.0,127.0,173.0
115.0,101.0,143.0,0.0,176.0
199.0,230.0,300.0,153.0,220.0
153.0,180.0,161.0,169.0,200.0
123.0,70.0,121.0,142.0,103.0
138.0,132.0,124.0,184.0,139.0
131.0,108.0,130.0,121.0,115.0
135.0,166.0,153.0,162.0,169.0
190.0,154.0,172.0,114.0,139.0
99.0,91.0,131.0,0.0,129.0
156.0,163.0,151.0,113.0,145.0
195.0,174.0,145.0,0.0,150.0
107.0,118.0,128.0,196.0,92.0
121.0,135.0,124.0,150.0,142.0
188.0,212.0,171.0,165.0,170.0
143.0,133.0,97.0,120.0,111.0
155.0,172.0,215.0,166.0,143.0
197.0,177.0,139.0,155.0,147.0
153.0,158.0,139.0,155.0,126.0
168.0,129.0,160.0,159.0,159.0
130.0,107.0,128.0,123.0,107.0
97.0,112.0,131.0,115.0,108.0
203.0,178.0,208.0,165.0,157.0
184.0,188.0,194.0,197.0,205.0
125.0,155.0,132.0,140.0,123.0
190.0,168.0,177.0,168.0,142.0
144.0,110.0,164.0,158.0,112.0
138.0,139.0,166.0,146.0,114.0
112.0,95.0,108.0,0.0,95.0
148.0,95.0,100.0,118.0,156.0
97.0,95.0,84.0,128.0,95.0
186.0,175.0,193.0,119.0,197.0
149.0,136.0,139.0,177.0,127.0
198.0,185.0,300.0,159.0,143.0
98.0,114.0,144.0,127.0,113.0
175.0,162.0,180.0,90.0,165.0
189.0,191.0,166.0,114.0,181.0
122.0,157.0,147.0,119.0,120.0
169.0,155.0,121.0,97.0,151.0
130.0,124.0,118.0,109.0,127.0
178.0,214.0,196.0,137.0,191.0
146.0,131.0,134.0,128.0,131.0
166.0,162.0,149.0,174.0,137.0
116.0,108.0,142.0,172.0,104.0
142.0,94.0,166.0,163.0,144.0
164.0,136.0,152.0,155.0,149.0
150.0,131.0,203.0,148.0,142.0
104.0,119.0,130.0,113.0,103.0
105.0,103.0,95.0,127.0,136.0
142.0,150.0,116.0,115.0,92.0
134.0,77.0,176.0,156.0,170.0
133.0,125.0,129.0,140.0,80.0
155.0,157.0,176.0,128.0,175.0
170.0,173.0,149.0,157.0,146.0
184.0,188.0,150.0,0.0,139.0
170.0,171.0,145.0,175.0,169.0
158.0,158.0,176.0,179.0,145.0
190.0,177.0,165.0,152.0,167.0
150.0,132.0,140.0,152.0,108.0
132.0,143.0,127.0,119.0,116.0
131.0,126.0,125.0,116.0,111.0
97.0,154.0,142.0,148.0,138.0
148.0,168.0,208.0,173.0,131.0
152.0,154.0,123.0,119.0,116.0
183.0,192.0,176.0,164.0,182.0
201.0,151.0,160.0,132.0,128.0
149.0,143.0,213.0,159.0,140.0
188.0,150.0,129.0,183.0,150.0
188.0,198.0,300.0,157.0,176.0
163.0,139.0,137.0,114.0,148.0
90.0,80.0,94.0,148.0,69.0
152.0,123.0,139.0,122.0,155.0
132.0,118.0,110.0,117.0,145.0
93.0,97.0,127.0,134.0,103.0
185.0,188.0,210.0,150.0,216.0
172.0,132.0,108.0,156.0,158.0
124.0,124.0,118.0,0.0,135.0
200.0,176.0,189.0,189.0,169.0
146.0,167.0,161.0,161.0,148.0
110.0,97.0,112.0,114.0,112.0
172.0,155.0,206.0,120.0,193.0
149.0,167.0,130.0,99.0,147.0
185.0,156.0,198.0,167.0,150.0
118.0,134.0,140.0,139.0,121.0
188.0,189.0,199.0,191.0,208.0
189.0,153.0,200.0,130.0,126.0
164.0,153.0,172.0,135.0,173.0
160.0,131.0,118.0,153.0,135.0
133.0,168.0,99.0,118.0,153.0
131.0,105.0,117.0,122.0,118.0
168.0,143.0,184.0,130.0,173.0
100.0,97.0,131.0,76.0,96.0
175.0,161.0,173.0,124.0,150.0
162.0,187.0,132.0,126.0,143.0
174.0,190.0,159.0,140.0,142.0
174.0,200.0,214.0,150.0,171.0
160.0,136.0,202.0,143.0,146.0
185.0,203.0,149.0,158.0,144.0
195.0,191.0,149.0,174.0,156.0
129.0,157.0,142.0,184.0,168.0
205.0,193.0,227.0,176.0,188.0
153.0,140.0,151.0,73.0,175.0
139.0,137.0,128.0,125.0,156.0
102.0,84.0,125.0,118.0,120.0
151.0,161.0,147.0,110.0,158.0
147.0,162.0,150.0,149.0,121.0
165.0,139.0,170.0,173.0,153.0
135.0,124.0,84.0,150.0,111.0
191.0,183.0,155.0,139.0,157.0
166.0,164.0,180.0,111.0,133.0
154.0,148.0,165.0,144.0,157.0
143.0,126.0,141.0,140.0,157.0
139.0,110.0,168.0,170.0,186.0
216.0,190.0,175.0,192.0,191.0
175.0,166.0,193.0,142.0,150.0
154.0,113.0,171.0,147.0,174.0
102.0,102.0,114.0,152.0,100.0
154.0,120.0,179.0,146.0,153.0
183.0,172.0,143.0,122.0,114.0
88.0,98.0,120.0,0.0,95.0
136.0,108.0,142.0,108.0,118.0
168.0,181.0,164.0,130.0,156.0
166.0,151.0,143.0,163.0,83.0
93.0,108.0,116.0,155.0,101.0
127.0,97.0,125.0,133.0,138.0
167.0,114.0,190.0,176.0,189.0
132.0,135.0,146.0,183.0,155.0
144.0,177.0,140.0,164.0,143.0
176.0,171.0,172.0,119.0,173.0
164.0,187.0,175.0,186.0,164.0
143.0,120.0,99.0,156.0,88.0
151.0,142.0,128.0,160.0,125.0
134.0,139.0,108.0,158.0,174.0
167.0,99.0,131.0,116.0,125.0
148.0,140.0,145.0,154.0,143.0
130.0,153.0,146.0,141.0,117.0
110.0,117.0,118.0,146.0,145.0
176.0,161.0,208.0,182.0,149.0
167.0,177.0,202.0,145.0,177.0
144.0,133.0,143.0,130.0,142.0
118.0,106.0,147.0,154.0,144.0
191.0,194.0,194.0,160.0,159.0
177.0,171.0,211.0,161.0,159.0
219.0,199.0,228.0,168.0,202.0
148.0,86.0,106.0,122.0,120.0
149.0,174.0,104.0,150.0,166.0
112.0,106.0,150.0,123.0,155.0
109.0,110.0,113.0,123.0,123.0
143.0,148.0,108.0,150.0,112.0
161.0,177.0,134.0,178.0,160.0
98.0,124.0,143.0,82.0,101.0
143.0,146.0,122.0,155.0,126.0
165.0,105.0,194.0,161.0,189.0
155.0,105.0,151.0,57.0,154.0
148.0,144.0,150.0,113.0,88.0
121.0,128.0,129.0,150.0,120.0
164.0,178.0,191.0,192.0,157.0
101.0,70.0,95.0,88.0,79.0
130.0,122.0,138.0,184.0,133.0
155.0,149.0,156.0,123.0,127.0
164.0,156.0,143.0,163.0,165.0
106.0,115.0,149.0,192.0,105.0
194.0,205.0,155.0,152.0,185.0
129.0,149.0,160.0,127.0,189.0
153.0,129.0,0.0,0.0,164.0
165.0,179.0,169.0,0.0,143.0
129.0,135.0,124.0,93.0,132.0
107.0,124.0,130.0,158.0,101.0
147.0,139.0,172.0,155.0,185.0
166.0,164.0,163.0,152.0,148.0
162.0,161.0,121.0,136.0,138.0
137.0,126.0,136.0,121.0,139.0
104.0,114.0,158.0,116.0,139.0
117.0,112.0,153.0,124.0,100.0
151.0,152.0,137.0,151.0,159.0
118.0,118.0,220.0,0.0,84.0
154.0,168.0,160.0,99.0,132.0
161.0,178.0,175.0,123.0,143.0
130.0,135.0,111.0,107.0,88.0
167.0,199.0,200.0,179.0,166.0
171.0,173.0,119.0,170.0,122.0
145.0,138.0,128.0,157.0,137.0
110.0,103.0,169.0,68.0,87.0
193.0,202.0,172.0,153.0,176.0
99.0,94.0,131.0,0.0,74.0
188.0,205.0,205.0,159.0,148.0
172.0,188.0,210.0,168.0,143.0
99.0,91.0,103.0,106.0,88.0
167.0,153.0,196.0,161.0,167.0
88.0,84.0,138.0,159.0,144.0
167.0,146.0,159.0,159.0,148.0
140.0,161.0,148.0,117.0,109.0
139.0,143.0,149.0,117.0,134.0
149.0,139.0,150.0,167.0,118.0
213.0,220.0,198.0,171.0,150.0
149.0,155.0,145.0,157.0,135.0
150.0,141.0,176.0,0.0,154.0
184.0,175.0,220.0,172.0,144.0
131.0,125.0,112.0,81.0,111.0
121.0,150.0,129.0,148.0,166.0
160.0,165.0,142.0,120.0,161.0
116.0,132.0,124.0,131.0,179.0
124.0,110.0,115.0,146.0,92.0
111.0,125.0,103.0,141.0,110.0
134.0,100.0,121.0,156.0,109.0
158.0,150.0,159.0,121.0,157.0
171.0,190.0,163.0,120.0,113.0
150.0,120.0,216.0,166.0,169.0
124.0,155.0,150.0,100.0,151.0
162.0,148.0,129.0,144.0,139.0
132.0,117.0,98.0,72.0,161.0
122.0,143.0,171.0,152.0,162.0
182.0,191.0,199.0,175.0,199.0
135.0,123.0,145.0,112.0,153.0
188.0,169.0,201.0,154.0,115.0
137.0,141.0,141.0,159.0,168.0
200.0,200.0,169.0,157.0,155.0
199.0,195.0,220.0,169.0,155.0
181.0,180.0,159.0,148.0,156.0
151.0,157.0,118.0,162.0,121.0
221.0,190.0,198.0,152.0,206.0
123.0,122.0,135.0,172.0,146.0
168.0,220.0,112.0,117.0,152.0
106.0,121.0,132.0,115.0,149.0
160.0,159.0,210.0,171.0,203.0
158.0,108.0,182.0,141.0,168.0
122.0,89.0,110.0,124.0,101.0
154.0,129.0,153.0,121.0,91.0
177.0,179.0,180.0,201.0,159.0
99.0,136.0,129.0,164.0,112.0
133.0,152.0,175.0,126.0,103.0
147.0,143.0,149.0,119.0,164.0
157.0,157.0,205.0,163.0,182.0
189.0,191.0,200.0,130.0,196.0
136.0,145.0,157.0,172.0,137.0
183.0,152.0,154.0,155.0,181.0
165.0,189.0,171.0,150.0,177.0
116.0,96.0,121.0,154.0,135.0
172.0,122.0,132.0,151.0,124.0
161.0,139.0,140.0,145.0,133.0
153.0,130.0,131.0,0.0,160.0
156.0,168.0,139.0,175.0,137.0
170.0,169.0,150.0,124.0,206.0
108.0,180.0,208.0,110.0,132.0
171.0,167.0,139.0,118.0,133.0
100.0,112.0,126.0,164.0,122.0
155.0,130.0,197.0,126.0,160.0
101.0,127.0,127.0,124.0,151.0
134.0,136.0,160.0,173.0,114.0
96.0,135.0,169.0,118.0,135.0
151.0,114.0,180.0,138.0,116.0
128.0,124.0,133.0,88.0,88.0
173.0,186.0,205.0,159.0,88.0
191.0,190.0,194.0,158.0,162.0
156.0,119.0,177.0,119.0,181.0
140.0,104.0,124.0,123.0,137.0
169.0,175.0,173.0,124.0,190.0
180.0,150.0,159.0,144.0,128.0
139.0,161.0,114.0,152.0,151.0
127.0,110.0,118.0,158.0,174.0
150.0,105.0,163.0,125.0,99.0
189.0,177.0,162.0,154.0,179.0
130.0,89.0,133.0,162.0,209.0
125.0,88.0,144.0,77.0,133.0
178.0,152.0,163.0,198.0,158.0
177.0,166.0,139.0,156.0,107.0
160.0,154.0,145.0,179.0,151.0
174.0,172.0,196.0,139.0,158.0
106.0,76.0,152.0,0.0,169.0
115.0,91.0,112.0,126.0,116.0
184.0,168.0,131.0,152.0,152.0
133.0,104.0,109.0,111.0,103.0
131.0,160.0,160.0,162.0,202.0
174.0,176.0,214.0,168.0,162.0
157.0,161.0,178.0,109.0,190.0
110.0,120.0,171.0,166.0,105.0
146.0,121.0,113.0,153.0,133.0
102.0,105.0,186.0,149.0,109.0
143.0,152.0,149.0,170.0,115.0
175.0,116.0,154.0,143.0,208.0
156.0,167.0,186.0,149.0,170.0
175.0,181.0,181.0,173.0,217.0
190.0,215.0,201.0,120.0,172.0
115.0,126.0,127.0,124.0,133.0
173.0,141.0,135.0,172.0,168.0
209.0,181.0,197.0,161.0,195.0
174.0,178.0,163.0,63.0,179.0
203.0,186.0,226.0,127.0,156.0
120.0,123.0,187.0,153.0,125.0
181.0,167.0,230.0,171.0,155.0
109.0,113.0,123.0,117.0,110.0
109.0,108.0,125.0,159.0,119.0
180.0,157.0,169.0,167.0,192.0
143.0,95.0,161.0,166.0,141.0
149.0,157.0,148.0,131.0,159.0
150.0,155.0,134.0,171.0,131.0
180.0,172.0,150.0,170.0,143.0
146.0,154.0,170.0,126.0,158.0
175.0,135.0,172.0,142.0,145.0
171.0,171.0,163.0,160.0,166.0
159.0,119.0,176.0,129.0,153.0
180.0,158.0,160.0,167.0,152.0
159.0,156.0,157.0,122.0,119.0
193.0,161.0,168.0,144.0,205.0
127.0,151.0,139.0,149.0,142.0
112.0,138.0,132.0,126.0,122.0
168.0,112.0,145.0,142.0,158.0
100.0,79.0,121.0,0.0,126.0
131.0,133.0,153.0,90.0,154.0
141.0,185.0,147.0,147.0,137.0
171.0,140.0,176.0,144.0,207.0
183.0,185.0,201.0,185.0,205.0
142.0,135.0,109.0,182.0,64.0
153.0,165.0,170.0,136.0,145.0
167.0,156.0,155.0,123.0,141.0
116.0,114.0,142.0,158.0,133.0
167.0,160.0,171.0,156.0,166.0
87.0,108.0,131.0,185.0,102.0
124.0,105.0,130.0,0.0,110.0
168.0,186.0,196.0,181.0,198.0
111.0,96.0,140.0,125.0,147.0
136.0,167.0,142.0,0.0,137.0
111.0,90.0,146.0,108.0,97.0
173.0,133.0,129.0,131.0,175.0
162.0,131.0,153.0,170.0,119.0
164.0,146.0,201.0,123.0,137.0
103.0,105.0,153.0,154.0,154.0
181.0,149.0,205.0,0.0,134.0
149.0,159.0,114.0,109.0,79.0
189.0,174.0,165.0,186.0,207.0
113.0,112.0,124.0,0.0,104.0
142.0,158.0,160.0,134.0,136.0
153.0,112.0,96.0,156.0,158.0
102.0,75.0,125.0,0.0,66.0
118.0,103.0,119.0,123.0,92.0
159.0,143.0,148.0,162.0,183.0
155.0,154.0,123.0,164.0,135.0
158.0,183.0,153.0,174.0,146.0
196.0,193.0,184.0,155.0,193.0
162.0,146.0,161.0,126.0,157.0
165.0,176.0,151.0,176.0,131.0
168.0,201.0,197.0,300.0,158.0
130.0,82.0,124.0,0.0,90.0
123.0,113.0,138.0,118.0,116.0
157.0,161.0,171.0,137.0,180.0
124.0,111.0,121.0,150.0,141.0
157.0,156.0,156.0,166.0,163.0
148.0,129.0,117.0,168.0,142.0
126.0,160.0,162.0,165.0,136.0
125.0,143.0,199.0,130.0,174.0
184.0,167.0,171.0,114.0,141.0
145.0,137.0,150.0,173.0,147.0
179.0,175.0,158.0,121.0,137.0
127.0,115.0,137.0,128.0,138.0
141.0,157.0,131.0,149.0,151.0
164.0,179.0,135.0,122.0,147.0
181.0,172.0,164.0,120.0,156.0
103.0,94.0,136.0,101.0,108.0
139.0,145.0,136.0,130.0,136.0
155.0,117.0,156.0,153.0,110.0
147.0,142.0,148.0,127.0,123.0
196.0,193.0,227.0,170.0,210.0
159.0,187.0,162.0,174.0,155.0
153.0,112.0,101.0,115.0,115.0
148.0,122.0,152.0,0.0,116.0
130.0,120.0,125.0,164.0,99.0
174.0,163.0,184.0,121.0,142.0
94.0,100.0,120.0,0.0,106.0
169.0,177.0,194.0,154.0,209.0
142.0,101.0,97.0,121.0,119.0
128.0,107.0,142.0,122.0,168.0
165.0,114.0,172.0,0.0,194.0
118.0,85.0,121.0,0.0,108.0
151.0,133.0,177.0,132.0,182.0
168.0,182.0,171.0,146.0,172.0
148.0,151.0,167.0,123.0,183.0
110.0,89.0,134.0,103.0,132.0
146.0,136.0,104.0,0.0,163.0
165.0,144.0,144.0,124.0,152.0
167.0,164.0,144.0,113.0,134.0
191.0,195.0,180.0,152.0,86.0
174.0,156.0,201.0,156.0,153.0
137.0,130.0,134.0,161.0,159.0
142.0,144.0,158.0,0.0,158.0
137.0,165.0,156.0,167.0,142.0
153.0,142.0,142.0,126.0,106.0
145.0,190.0,205.0,300.0,109.0
139.0,127.0,164.0,98.0,122.0
151.0,137.0,126.0,125.0,167.0
185.0,170.0,167.0,162.0,205.0
150.0,160.0,165.0,124.0,177.0
174.0,152.0,161.0,163.0,154.0
158.0,135.0,165.0,168.0,178.0
134.0,168.0,131.0,151.0,137.0
116.0,100.0,113.0,0.0,88.0
151.0,107.0,109.0,145.0,127.0
129.0,157.0,165.0,154.0,145.0
113.0,84.0,104.0,96.0,108.0
201.0,153.0,219.0,132.0,173.0
136.0,132.0,186.0,124.0,112.0
117.0,130.0,156.0,110.0,160.0
104.0,83.0,125.0,128.0,97.0
125.0,120.0,129.0,120.0,121.0
183.0,157.0,148.0,132.0,188.0
167.0,118.0,0.0,124.0,196.0
155.0,136.0,180.0,128.0,134.0
146.0,94.0,127.0,165.0,112.0
203.0,180.0,211.0,184.0,163.0
154.0,167.0,173.0,180.0,157.0
139.0,143.0,159.0,162.0,102.0
151.0,160.0,136.0,156.0,136.0
151.0,160.0,142.0,142.0,115.0
168.0,150.0,137.0,0.0,118.0
170.0,154.0,148.0,149.0,179.0
184.0,199.0,182.0,167.0,175.0
173.0,154.0,173.0,175.0,195.0
173.0,159.0,188.0,150.0,187.0
160.0,163.0,165.0,144.0,177.0
139.0,127.0,164.0,152.0,131.0
138.0,174.0,121.0,128.0,136.0
136.0,178.0,123.0,143.0,161.0
173.0,126.0,169.0,150.0,187.0
154.0,153.0,106.0,0.0,118.0
188.0,156.0,214.0,139.0,144.0
110.0,108.0,134.0,148.0,136.0
158.0,132.0,204.0,121.0,165.0
193.0,192.0,164.0,174.0,211.0
217.0,191.0,204.0,154.0,209.0
134.0,131.0,140.0,0.0,162.0
148.0,164.0,157.0,127.0,150.0
168.0,159.0,165.0,0.0,168.0
191.0,200.0,208.0,155.0,181.0
227.0,228.0,214.0,125.0,199.0
144.0,110.0,114.0,138.0,98.0
159.0,173.0,129.0,123.0,156.0
167.0,155.0,181.0,150.0,151.0
108.0,128.0,113.0,147.0,106.0
147.0,151.0,98.0,155.0,143.0
128.0,109.0,131.0,0.0,97.0
124.0,159.0,107.0,121.0,109.0
196.0,183.0,170.0,159.0,200.0
148.0,107.0,195.0,147.0,146.0
184.0,197.0,166.0,187.0,110.0
152.0,170.0,182.0,109.0,138.0
94.0,104.0,133.0,153.0,105.0
164.0,148.0,163.0,122.0,141.0
140.0,150.0,159.0,147.0,151.0
129.0,153.0,151.0,174.0,121.0
172.0,192.0,203.0,162.0,138.0
173.0,122.0,156.0,113.0,188.0
162.0,144.0,110.0,0.0,188.0
176.0,209.0,178.0,122.0,147.0
198.0,166.0,208.0,179.0,130.0
163.0,147.0,153.0,149.0,154.0
153.0,186.0,142.0,169.0,135.0
145.0,129.0,164.0,171.0,141.0
196.0,194.0,154.0,179.0,184.0
134.0,118.0,140.0,113.0,99.0
152.0,149.0,146.0,161.0,155.0
156.0,188.0,181.0,126.0,186.0
147.0,151.0,166.0,126.0,139.0
125.0,113.0,102.0,85.0,150.0
144.0,120.0,184.0,118.0,134.0
140.0,167.0,121.0,119.0,178.0
129.0,170.0,123.0,147.0,148.0
137.0,122.0,118.0,0.0,134.0
155.0,134.0,130.0,121.0,122.0
173.0,142.0,224.0,178.0,123.0
174.0,172.0,206.0,148.0,148.0
135.0,104.0,142.0,100.0,102.0
119.0,150.0,123.0,153.0,86.0
194.0,185.0,195.0,122.0,136.0
143.0,90.0,144.0,111.0,153.0
146.0,114.0,159.0,127.0,165.0
154.0,124.0,160.0,162.0,156.0
129.0,152.0,145.0,173.0,187.0
115.0,90.0,117.0,135.0,124.0
155.0,150.0,86.0,142.0,92.0
193.0,196.0,205.0,132.0,178.0
165.0,167.0,163.0,121.0,161.0
163.0,158.0,148.0,160.0,161.0
170.0,218.0,183.0,170.0,182.0
159.0,151.0,170.0,110.0,160.0
182.0,179.0,155.0,121.0,131.0
115.0,128.0,108.0,71.0,139.0
176.0,215.0,178.0,178.0,133.0
180.0,185.0,171.0,167.0,138.0
138.0,98.0,97.0,152.0,140.0
183.0,164.0,124.0,156.0,154.0
151.0,149.0,150.0,124.0,158.0
147.0,89.0,185.0,184.0,188.0
211.0,216.0,204.0,0.0,167.0
179.0,149.0,145.0,114.0,135.0
199.0,203.0,180.0,157.0,174.0
119.0,116.0,152.0,125.0,116.0
144.0,156.0,153.0,124.0,118.0
160.0,130.0,161.0,158.0,208.0
151.0,142.0,156.0,124.0,134.0
167.0,157.0,191.0,165.0,196.0
194.0,175.0,198.0,105.0,137.0
149.0,137.0,136.0,154.0,169.0
159.0,162.0,173.0,122.0,174.0
130.0,122.0,138.0,145.0,103.0
135.0,161.0,77.0,159.0,162.0
300.0,214.0,227.0,178.0,197.0
121.0,126.0,144.0,161.0,93.0
129.0,103.0,141.0,90.0,110.0
153.0,151.0,141.0,145.0,134.0
107.0,121.0,172.0,126.0,136.0
151.0,151.0,131.0,149.0,137.0
117.0,127.0,137.0,89.0,129.0
162.0,185.0,166.0,176.0,153.0
140.0,159.0,143.0,0.0,145.0
159.0,157.0,178.0,112.0,159.0
126.0,122.0,140.0,121.0,140.0
170.0,143.0,151.0,157.0,150.0
170.0,154.0,139.0,118.0,132.0
171.0,184.0,193.0,168.0,166.0
119.0,127.0,139.0,0.0,120.0
155.0,159.0,135.0,167.0,147.0
180.0,158.0,144.0,171.0,204.0
116.0,130.0,165.0,150.0,154.0
185.0,164.0,164.0,119.0,197.0
183.0,200.0,196.0,300.0,187.0
194.0,160.0,179.0,195.0,179.0
146.0,165.0,125.0,109.0,141.0
150.0,141.0,121.0,123.0,150.0
127.0,91.0,126.0,93.0,149.0
133.0,131.0,135.0,133.0,125.0
174.0,171.0,119.0,183.0,169.0
165.0,159.0,173.0,112.0,180.0
180.0,149.0,144.0,163.0,105.0
92.0,103.0,130.0,166.0,115.0
153.0,174.0,185.0,154.0,126.0
154.0,124.0,170.0,175.0,137.0
139.0,132.0,125.0,0.0,127.0
142.0,162.0,150.0,164.0,180.0
160.0,157.0,119.0,143.0,126.0
167.0,162.0,176.0,134.0,170.0
166.0,147.0,203.0,130.0,150.0
186.0,143.0,193.0,114.0,127.0
187.0,203.0,196.0,178.0,137.0
175.0,161.0,121.0,145.0,167.0
114.0,115.0,152.0,0.0,107.0
167.0,188.0,160.0,124.0,174.0
192.0,184.0,129.0,146.0,167.0
143.0,172.0,108.0,0.0,123.0
162.0,150.0,140.0,300.0,180.0
168.0,140.0,162.0,154.0,159.0
151.0,146.0,166.0,117.0,135.0
130.0,160.0,129.0,130.0,113.0
104.0,114.0,188.0,120.0,183.0
176.0,176.0,136.0,153.0,149.0
155.0,150.0,141.0,170.0,150.0
195.0,167.0,202.0,161.0,199.0
194.0,196.0,153.0,147.0,168.0
150.0,151.0,167.0,300.0,141.0
193.0,198.0,126.0,187.0,131.0
145.0,149.0,136.0,118.0,124.0
185.0,178.0,211.0,163.0,158.0
141.0,142.0,128.0,126.0,139.0
166.0,132.0,167.0,120.0,136.0
189.0,164.0,192.0,126.0,195.0
128.0,108.0,148.0,137.0,100.0
124.0,138.0,135.0,0.0,128.0
185.0,151.0,205.0,124.0,164.0
134.0,142.0,145.0,161.0,126.0
159.0,182.0,131.0,114.0,158.0
129.0,153.0,218.0,94.0,114.0
109.0,92.0,174.0,161.0,75.0
171.0,151.0,150.0,125.0,153.0
139.0,153.0,146.0,90.0,107.0
152.0,164.0,117.0,133.0,141.0
113.0,93.0,133.0,157.0,113.0
147.0,195.0,133.0,111.0,183.0
148.0,72.0,114.0,0.0,118.0
163.0,113.0,141.0,149.0,126.0
104.0,148.0,149.0,138.0,142.0
153.0,126.0,143.0,130.0,139.0
146.0,150.0,121.0,113.0,155.0
133.0,117.0,183.0,173.0,126.0
145.0,114.0,109.0,161.0,165.0
141.0,89.0,172.0,132.0,147.0
158.0,120.0,149.0,122.0,134.0
158.0,125.0,121.0,0.0,91.0
122.0,131.0,141.0,119.0,134.0
164.0,128.0,157.0,125.0,138.0
155.0,145.0,132.0,125.0,151.0
140.0,161.0,177.0,153.0,109.0
147.0,140.0,152.0,122.0,156.0
145.0,126.0,120.0,114.0,135.0
182.0,213.0,191.0,300.0,209.0
158.0,126.0,115.0,154.0,120.0
127.0,109.0,191.0,156.0,94.0
133.0,118.0,129.0,0.0,127.0
158.0,140.0,162.0,121.0,146.0
150.0,115.0,173.0,163.0,137.0
139.0,106.0,120.0,122.0,87.0
143.0,110.0,128.0,0.0,143.0
131.0,122.0,300.0,163.0,92.0
152.0,156.0,159.0,129.0,126.0
182.0,188.0,187.0,178.0,183.0
169.0,158.0,176.0,148.0,147.0
103.0,94.0,110.0,162.0,138.0
178.0,185.0,209.0,157.0,135.0
138.0,96.0,111.0,126.0,76.0
149.0,100.0,174.0,118.0,145.0
119.0,137.0,138.0,104.0,131.0
133.0,114.0,161.0,137.0,110.0
139.0,82.0,111.0,119.0,142.0
137.0,156.0,126.0,139.0,97.0
175.0,175.0,141.0,150.0,132.0
146.0,137.0,161.0,177.0,148.0
154.0,149.0,164.0,165.0,106.0
167.0,130.0,198.0,165.0,169.0
138.0,125.0,140.0,146.0,141.0
147.0,155.0,143.0,0.0,130.0
113.0,95.0,95.0,149.0,118.0
119.0,185.0,127.0,136.0,137.0
183.0,196.0,172.0,153.0,180.0
153.0,92.0,107.0,0.0,116.0
173.0,188.0,196.0,168.0,148.0
151.0,121.0,145.0,149.0,150.0
142.0,120.0,113.0,0.0,142.0
131.0,112.0,152.0,142.0,129.0
148.0,151.0,152.0,0.0,119.0
159.0,174.0,169.0,129.0,134.0
208.0,188.0,182.0,174.0,125.0
112.0,96.0,149.0,112.0,152.0
92.0,77.0,103.0,121.0,98.0
167.0,164.0,150.0,123.0,137.0
145.0,123.0,123.0,0.0,141.0
163.0,153.0,201.0,172.0,134.0
169.0,167.0,170.0,185.0,187.0
146.0,148.0,165.0,163.0,179.0
129.0,126.0,177.0,159.0,176.0
213.0,177.0,208.0,158.0,209.0
173.0,160.0,133.0,182.0,170.0
139.0,132.0,165.0,0.0,159.0
184.0,176.0,133.0,163.0,203.0
148.0,140.0,113.0,188.0,126.0
102.0,129.0,156.0,136.0,143.0
134.0,81.0,123.0,117.0,100.0
164.0,171.0,145.0,132.0,147.0
168.0,151.0,178.0,148.0,127.0
187.0,195.0,173.0,178.0,186.0
156.0,143.0,172.0,116.0,150.0
300.0,207.0,189.0,150.0,300.0
169.0,167.0,174.0,156.0,142.0
192.0,195.0,190.0,171.0,163.0
186.0,155.0,134.0,170.0,150.0
167.0,188.0,195.0,167.0,176.0
149.0,181.0,156.0,162.0,170.0
146.0,78.0,130.0,160.0,112.0
125.0,175.0,159.0,119.0,188.0
130.0,134.0,140.0,180.0,78.0
173.0,175.0,146.0,192.0,197.0
168.0,163.0,102.0,134.0,156.0
186.0,173.0,184.0,123.0,170.0
130.0,181.0,106.0,0.0,111.0
195.0,184.0,200.0,116.0,170.0
90.0,81.0,94.0,99.0,109.0
184.0,176.0,171.0,127.0,124.0
147.0,122.0,123.0,104.0,152.0
142.0,137.0,172.0,118.0,170.0
214.0,216.0,204.0,174.0,145.0
88.0,142.0,127.0,192.0,106.0
142.0,162.0,153.0,79.0,123.0
98.0,112.0,131.0,160.0,148.0
167.0,133.0,167.0,126.0,127.0
121.0,137.0,151.0,180.0,163.0
182.0,161.0,133.0,128.0,160.0
130.0,157.0,124.0,134.0,112.0
153.0,134.0,133.0,178.0,175.0
172.0,149.0,170.0,114.0,165.0
116.0,154.0,82.0,143.0,123.0
112.0,99.0,115.0,85.0,116.0
182.0,196.0,170.0,165.0,169.0
165.0,138.0,173.0,161.0,175.0
186.0,176.0,208.0,180.0,114.0
176.0,132.0,160.0,171.0,127.0
154.0,121.0,143.0,142.0,89.0
166.0,166.0,158.0,0.0,155.0
173.0,112.0,122.0,137.0,113.0
174.0,157.0,0.0,0.0,155.0
127.0,127.0,135.0,136.0,133.0
169.0,176.0,191.0,162.0,185.0
145.0,130.0,137.0,167.0,133.0
193.0,180.0,207.0,168.0,225.0
129.0,122.0,109.0,0.0,163.0
108.0,144.0,102.0,116.0,169.0
195.0,193.0,185.0,146.0,180.0
141.0,126.0,142.0,164.0,113.0
179.0,171.0,157.0,168.0,105.0
121.0,134.0,162.0,196.0,145.0
131.0,127.0,123.0,147.0,104.0
201.0,223.0,216.0,167.0,208.0
116.0,141.0,152.0,134.0,127.0
173.0,186.0,198.0,181.0,125.0
142.0,183.0,149.0,164.0,128.0
169.0,125.0,159.0,85.0,108.0
138.0,102.0,129.0,173.0,84.0
191.0,107.0,125.0,163.0,201.0
183.0,196.0,142.0,181.0,176.0
169.0,157.0,179.0,151.0,171.0
135.0,134.0,125.0,135.0,111.0
154.0,128.0,126.0,119.0,81.0
163.0,164.0,177.0,165.0,125.0
131.0,96.0,184.0,179.0,122.0
123.0,117.0,120.0,118.0,126.0
164.0,163.0,207.0,161.0,194.0
118.0,148.0,137.0,91.0,152.0
130.0,122.0,192.0,155.0,176.0
136.0,154.0,105.0,129.0,118.0
118.0,146.0,131.0,132.0,135.0
147.0,178.0,130.0,129.0,149.0
135.0,158.0,123.0,125.0,152.0
135.0,152.0,155.0,165.0,145.0
177.0,118.0,160.0,157.0,152.0
151.0,151.0,133.0,0.0,133.0
136.0,146.0,142.0,109.0,133.0
147.0,141.0,152.0,162.0,169.0
153.0,145.0,182.0,165.0,130.0
94.0,101.0,162.0,120.0,143.0
168.0,172.0,158.0,157.0,178.0
139.0,134.0,100.0,117.0,86.0
135.0,134.0,154.0,147.0,153.0
163.0,139.0,191.0,145.0,159.0
129.0,122.0,149.0,0.0,110.0
166.0,175.0,153.0,149.0,158.0
136.0,134.0,102.0,0.0,127.0
151.0,158.0,157.0,128.0,174.0
139.0,159.0,157.0,179.0,153.0
141.0,127.0,127.0,147.0,115.0
180.0,164.0,132.0,128.0,154.0
216.0,184.0,218.0,129.0,175.0
164.0,126.0,145.0,0.0,143.0
123.0,152.0,142.0,118.0,128.0
168.0,143.0,176.0,108.0,170.0
149.0,158.0,156.0,182.0,152.0
111.0,112.0,129.0,123.0,112.0
139.0,104.0,183.0,149.0,142.0
108.0,113.0,151.0,127.0,83.0
104.0,101.0,126.0,183.0,125.0
174.0,167.0,152.0,127.0,158.0
119.0,119.0,115.0,171.0,133.0
143.0,188.0,165.0,128.0,149.0
190.0,185.0,129.0,151.0,129.0
167.0,149.0,186.0,130.0,163.0
156.0,167.0,154.0,127.0,146.0
107.0,130.0,125.0,153.0,131.0
183.0,181.0,116.0,166.0,165.0
104.0,97.0,140.0,188.0,113.0
201.0,173.0,181.0,167.0,166.0
148.0,136.0,147.0,190.0,140.0
83.0,99.0,155.0,124.0,110.0
187.0,173.0,205.0,149.0,153.0
140.0,110.0,135.0,159.0,134.0
166.0,181.0,146.0,121.0,155.0
113.0,164.0,134.0,155.0,173.0
164.0,138.0,216.0,120.0,102.0
114.0,88.0,174.0,79.0,116.0
154.0,99.0,120.0,114.0,131.0
189.0,189.0,127.0,146.0,144.0
158.0,142.0,164.0,184.0,117.0
168.0,154.0,185.0,172.0,127.0
172.0,184.0,199.0,108.0,172.0
196.0,169.0,132.0,109.0,174.0
106.0,115.0,198.0,169.0,107.0
156.0,161.0,154.0,119.0,148.0
153.0,166.0,166.0,147.0,145.0
146.0,164.0,158.0,123.0,157.0
160.0,141.0,168.0,104.0,134.0
142.0,158.0,185.0,0.0,153.0
176.0,177.0,194.0,174.0,220.0
152.0,166.0,145.0,123.0,111.0
133.0,107.0,126.0,124.0,166.0
196.0,186.0,180.0,115.0,190.0
154.0,177.0,160.0,174.0,149.0
179.0,200.0,173.0,142.0,132.0
135.0,159.0,121.0,125.0,118.0
164.0,175.0,190.0,129.0,161.0
145.0,120.0,158.0,122.0,146.0
128.0,113.0,149.0,137.0,166.0
224.0,199.0,209.0,169.0,197.0
207.0,181.0,300.0,173.0,195.0
112.0,132.0,120.0,102.0,127.0
187.0,177.0,215.0,144.0,184.0
157.0,131.0,137.0,126.0,129.0
149.0,171.0,155.0,75.0,132.0
124.0,162.0,134.0,124.0,136.0
145.0,110.0,147.0,150.0,142.0
171.0,122.0,117.0,163.0,128.0
176.0,178.0,225.0,174.0,130.0
177.0,195.0,174.0,122.0,180.0
169.0,171.0,160.0,160.0,140.0
167.0,173.0,186.0,156.0,183.0
122.0,145.0,154.0,128.0,121.0
131.0,147.0,138.0,143.0,116.0
127.0,194.0,178.0,118.0,184.0
172.0,186.0,160.0,166.0,183.0
154.0,173.0,146.0,129.0,153.0
130.0,110.0,155.0,172.0,129.0
78.0,110.0,117.0,0.0,91.0
170.0,188.0,178.0,152.0,178.0
166.0,144.0,146.0,124.0,140.0
159.0,190.0,210.0,126.0,137.0
110.0,102.0,204.0,184.0,155.0
168.0,174.0,199.0,146.0,203.0
158.0,115.0,182.0,151.0,139.0
172.0,169.0,157.0,128.0,137.0
111.0,103.0,164.0,126.0,91.0
149.0,151.0,148.0,159.0,125.0
174.0,178.0,187.0,166.0,159.0
119.0,80.0,157.0,176.0,116.0
148.0,128.0,157.0,126.0,134.0
173.0,170.0,181.0,123.0,154.0
171.0,164.0,162.0,117.0,152.0
134.0,129.0,147.0,146.0,192.0
131.0,119.0,156.0,131.0,141.0
197.0,153.0,192.0,162.0,187.0
128.0,101.0,150.0,125.0,110.0
94.0,111.0,135.0,122.0,66.0
146.0,159.0,103.0,154.0,159.0
196.0,173.0,196.0,160.0,196.0
223.0,202.0,300.0,152.0,226.0
165.0,129.0,134.0,119.0,121.0
187.0,176.0,157.0,146.0,198.0
155.0,170.0,153.0,141.0,145.0
143.0,153.0,179.0,164.0,162.0
119.0,158.0,127.0,90.0,104.0
88.0,109.0,104.0,147.0,82.0
188.0,151.0,154.0,153.0,161.0
153.0,157.0,183.0,101.0,174.0
180.0,196.0,197.0,177.0,201.0
99.0,154.0,126.0,127.0,109.0
136.0,81.0,143.0,121.0,105.0
129.0,90.0,132.0,184.0,116.0
114.0,185.0,183.0,125.0,159.0
178.0,146.0,131.0,98.0,132.0
80.0,101.0,135.0,125.0,105.0
176.0,152.0,154.0,165.0,166.0
107.0,80.0,102.0,139.0,113.0
189.0,171.0,152.0,0.0,126.0
174.0,147.0,151.0,124.0,134.0
117.0,112.0,117.0,131.0,96.0
111.0,119.0,122.0,132.0,110.0
130.0,139.0,104.0,88.0,85.0
151.0,107.0,129.0,0.0,158.0
157.0,145.0,177.0,156.0,89.0
131.0,166.0,169.0,121.0,116.0
162.0,124.0,164.0,161.0,127.0
159.0,97.0,136.0,90.0,147.0
168.0,191.0,173.0,152.0,177.0
159.0,172.0,107.0,97.0,132.0
176.0,179.0,151.0,156.0,175.0
177.0,177.0,177.0,162.0,176.0
160.0,132.0,160.0,133.0,142.0
109.0,99.0,110.0,0.0,76.0
175.0,166.0,190.0,122.0,198.0
189.0,181.0,173.0,172.0,168.0
135.0,140.0,148.0,139.0,124.0
187.0,190.0,186.0,0.0,178.0
136.0,162.0,149.0,159.0,118.0
149.0,157.0,156.0,127.0,143.0
172.0,176.0,173.0,122.0,145.0
186.0,199.0,189.0,127.0,136.0
116.0,133.0,151.0,124.0,148.0
142.0,200.0,198.0,155.0,135.0
116.0,135.0,154.0,0.0,187.0
165.0,181.0,176.0,123.0,157.0
156.0,117.0,179.0,149.0,148.0
181.0,172.0,180.0,300.0,153.0
172.0,192.0,195.0,182.0,107.0
94.0,125.0,118.0,0.0,85.0
209.0,187.0,189.0,178.0,225.0
149.0,126.0,142.0,118.0,136.0
93.0,95.0,127.0,0.0,135.0
172.0,127.0,145.0,0.0,185.0
214.0,193.0,170.0,169.0,174.0
142.0,144.0,114.0,117.0,122.0
143.0,160.0,150.0,149.0,152.0
199.0,195.0,300.0,189.0,219.0
111.0,79.0,154.0,162.0,120.0
182.0,187.0,172.0,135.0,188.0
128.0,164.0,199.0,147.0,140.0
192.0,160.0,143.0,121.0,163.0
156.0,189.0,167.0,169.0,155.0
135.0,119.0,117.0,126.0,141.0
202.0,185.0,187.0,125.0,192.0
190.0,203.0,151.0,172.0,188.0
120.0,137.0,123.0,117.0,77.0
180.0,145.0,165.0,130.0,156.0
136.0,124.0,155.0,151.0,116.0
150.0,176.0,147.0,144.0,160.0
182.0,166.0,191.0,149.0,191.0
139.0,148.0,139.0,158.0,105.0
189.0,160.0,141.0,129.0,197.0
136.0,135.0,113.0,134.0,154.0
135.0,144.0,130.0,124.0,114.0
149.0,140.0,162.0,152.0,148.0
213.0,172.0,193.0,153.0,155.0
176.0,184.0,169.0,160.0,148.0
153.0,126.0,180.0,127.0,120.0
212.0,200.0,185.0,192.0,147.0
184.0,179.0,210.0,121.0,215.0
134.0,119.0,138.0,87.0,140.0
134.0,97.0,126.0,185.0,134.0
175.0,180.0,182.0,168.0,179.0
111.0,136.0,110.0,118.0,122.0
166.0,195.0,204.0,150.0,196.0
152.0,173.0,146.0,156.0,167.0
134.0,117.0,143.0,147.0,109.0
184.0,180.0,177.0,121.0,152.0
119.0,97.0,144.0,0.0,126.0
172.0,159.0,174.0,168.0,155.0
170.0,126.0,157.0,193.0,189.0
175.0,138.0,174.0,152.0,137.0
159.0,118.0,111.0,120.0,161.0
144.0,117.0,130.0,146.0,102.0
153.0,96.0,141.0,112.0,124.0
162.0,154.0,174.0,169.0,169.0
158.0,155.0,178.0,154.0,152.0
118.0,109.0,169.0,146.0,131.0
160.0,130.0,165.0,159.0,143.0
107.0,117.0,149.0,142.0,137.0
168.0,193.0,149.0,178.0,177.0
143.0,115.0,107.0,0.0,139.0
178.0,156.0,177.0,152.0,128.0
122.0,107.0,115.0,137.0,139.0
193.0,197.0,212.0,143.0,183.0
201.0,188.0,183.0,180.0,135.0
139.0,164.0,155.0,124.0,161.0
137.0,83.0,167.0,114.0,107.0
166.0,162.0,125.0,148.0,113.0
183.0,179.0,159.0,126.0,159.0
127.0,144.0,117.0,125.0,116.0
184.0,182.0,195.0,165.0,177.0
161.0,182.0,117.0,198.0,136.0
131.0,104.0,125.0,0.0,89.0
168.0,186.0,224.0,163.0,176.0
103.0,99.0,119.0,165.0,92.0
226.0,200.0,210.0,142.0,181.0
142.0,145.0,130.0,166.0,152.0
128.0,99.0,160.0,123.0,138.0
146.0,147.0,120.0,0.0,140.0
164.0,161.0,180.0,124.0,159.0
154.0,137.0,159.0,132.0,118.0
162.0,171.0,198.0,173.0,103.0
159.0,165.0,152.0,178.0,141.0
183.0,158.0,198.0,166.0,160.0
163.0,169.0,140.0,129.0,136.0
192.0,172.0,211.0,141.0,151.0
134.0,107.0,122.0,131.0,133.0
87.0,96.0,119.0,95.0,106.0
193.0,172.0,191.0,168.0,207.0
186.0,191.0,147.0,82.0,210.0
145.0,134.0,148.0,127.0,155.0
141.0,129.0,175.0,117.0,125.0
162.0,200.0,139.0,136.0,118.0
100.0,130.0,94.0,143.0,84.0
142.0,144.0,168.0,143.0,162.0
163.0,171.0,141.0,166.0,129.0
135.0,143.0,147.0,123.0,140.0
206.0,171.0,193.0,177.0,209.0
200.0,230.0,221.0,169.0,182.0
189.0,172.0,147.0,152.0,144.0
116.0,109.0,119.0,169.0,140.0
158.0,87.0,153.0,136.0,149.0
150.0,115.0,139.0,169.0,117.0
109.0,119.0,109.0,128.0,109.0
171.0,181.0,130.0,116.0,137.0
195.0,184.0,157.0,153.0,139.0
150.0,83.0,134.0,150.0,83.0
134.0,124.0,129.0,157.0,145.0
187.0,136.0,198.0,113.0,153.0
171.0,179.0,192.0,166.0,214.0
108.0,120.0,125.0,111.0,90.0
161.0,121.0,194.0,167.0,160.0
153.0,132.0,129.0,141.0,143.0
80.0,94.0,126.0,0.0,81.0
117.0,85.0,119.0,98.0,108.0
174.0,129.0,139.0,0.0,114.0
145.0,140.0,187.0,126.0,167.0
128.0,121.0,154.0,0.0,186.0
186.0,159.0,162.0,167.0,134.0
165.0,138.0,178.0,155.0,143.0
106.0,97.0,111.0,131.0,133.0
174.0,164.0,143.0,176.0,155.0
112.0,144.0,136.0,117.0,117.0
178.0,148.0,201.0,171.0,113.0
146.0,139.0,152.0,0.0,172.0
173.0,183.0,185.0,158.0,192.0
160.0,137.0,160.0,120.0,153.0
129.0,151.0,139.0,163.0,141.0
118.0,93.0,133.0,122.0,137.0
211.0,191.0,180.0,171.0,188.0
202.0,192.0,214.0,164.0,168.0
165.0,126.0,206.0,172.0,132.0
110.0,110.0,111.0,127.0,101.0
131.0,119.0,119.0,127.0,132.0
185.0,177.0,161.0,120.0,168.0
136.0,135.0,112.0,120.0,102.0
137.0,164.0,171.0,173.0,127.0
189.0,150.0,158.0,140.0,166.0
157.0,140.0,150.0,145.0,134.0
155.0,152.0,172.0,165.0,130.0
194.0,159.0,186.0,129.0,191.0
126.0,104.0,159.0,96.0,101.0
99.0,85.0,143.0,159.0,134.0
161.0,140.0,166.0,142.0,92.0
125.0,135.0,136.0,154.0,148.0
135.0,121.0,140.0,153.0,123.0
209.0,177.0,156.0,116.0,174.0
144.0,122.0,173.0,112.0,131.0
190.0,181.0,201.0,124.0,198.0
131.0,90.0,140.0,143.0,102.0
124.0,124.0,153.0,83.0,125.0
97.0,118.0,132.0,119.0,127.0
129.0,133.0,118.0,153.0,124.0
147.0,88.0,145.0,145.0,171.0
147.0,138.0,157.0,162.0,168.0
139.0,165.0,182.0,128.0,118.0
179.0,190.0,190.0,167.0,151.0
92.0,95.0,92.0,123.0,115.0
176.0,163.0,180.0,141.0,193.0
88.0,94.0,116.0,92.0,108.0
91.0,109.0,83.0,0.0,80.0
189.0,163.0,176.0,173.0,146.0
182.0,206.0,201.0,152.0,172.0
172.0,172.0,145.0,178.0,83.0
161.0,91.0,113.0,175.0,69.0
185.0,198.0,154.0,125.0,153.0
130.0,128.0,116.0,125.0,128.0
202.0,175.0,195.0,171.0,148.0
159.0,95.0,173.0,122.0,155.0
145.0,124.0,169.0,160.0,137.0
205.0,175.0,191.0,176.0,218.0
118.0,100.0,121.0,101.0,137.0
148.0,146.0,158.0,127.0,101.0
155.0,153.0,120.0,127.0,71.0
137.0,115.0,142.0,158.0,131.0
174.0,202.0,205.0,173.0,165.0
163.0,150.0,127.0,0.0,129.0
148.0,144.0,168.0,116.0,122.0
116.0,93.0,116.0,0.0,105.0
168.0,189.0,146.0,170.0,189.0
155.0,149.0,104.0,181.0,103.0
162.0,164.0,161.0,152.0,173.0
181.0,159.0,182.0,153.0,171.0
135.0,108.0,172.0,152.0,131.0
195.0,137.0,186.0,178.0,134.0
134.0,124.0,152.0,173.0,130.0
122.0,173.0,165.0,156.0,135.0
164.0,150.0,139.0,118.0,170.0
160.0,170.0,154.0,150.0,98.0
165.0,125.0,143.0,122.0,79.0
163.0,131.0,192.0,144.0,85.0
190.0,179.0,154.0,76.0,156.0
123.0,163.0,106.0,96.0,101.0
177.0,193.0,211.0,179.0,178.0
169.0,171.0,162.0,146.0,136.0
155.0,132.0,127.0,160.0,166.0
143.0,111.0,127.0,120.0,130.0
131.0,106.0,151.0,97.0,116.0
159.0,157.0,175.0,163.0,192.0
156.0,133.0,194.0,165.0,98.0
120.0,171.0,106.0,0.0,126.0
203.0,203.0,219.0,178.0,179.0
181.0,150.0,161.0,150.0,140.0
133.0,107.0,156.0,148.0,143.0
170.0,162.0,171.0,166.0,167.0
176.0,178.0,194.0,159.0,130.0
128.0,125.0,187.0,0.0,190.0
89.0,102.0,143.0,174.0,140.0
122.0,148.0,149.0,154.0,117.0
160.0,111.0,142.0,0.0,115.0
173.0,161.0,212.0,120.0,184.0
210.0,180.0,186.0,155.0,184.0
144.0,157.0,121.0,158.0,164.0
146.0,81.0,123.0,125.0,133.0
192.0,176.0,143.0,171.0,116.0
165.0,159.0,164.0,170.0,99.0
157.0,139.0,180.0,124.0,132.0
134.0,150.0,140.0,174.0,115.0
199.0,186.0,204.0,128.0,145.0
176.0,158.0,151.0,131.0,121.0
150.0,158.0,145.0,155.0,143.0
141.0,163.0,136.0,131.0,172.0
147.0,162.0,183.0,161.0,143.0
121.0,104.0,123.0,135.0,116.0
177.0,141.0,181.0,170.0,179.0
160.0,167.0,134.0,149.0,175.0
159.0,162.0,183.0,179.0,180.0
133.0,142.0,149.0,148.0,145.0
208.0,174.0,205.0,300.0,200.0
155.0,128.0,157.0,165.0,148.0
146.0,153.0,160.0,154.0,106.0
196.0,128.0,201.0,210.0,139.0
152.0,150.0,145.0,179.0,188.0
148.0,115.0,127.0,116.0,140.0
162.0,186.0,173.0,120.0,141.0
102.0,121.0,133.0,78.0,135.0
146.0,152.0,196.0,165.0,153.0
150.0,170.0,200.0,180.0,146.0
161.0,157.0,147.0,120.0,134.0
163.0,169.0,166.0,164.0,156.0
94.0,127.0,182.0,116.0,149.0
143.0,113.0,164.0,107.0,145.0
156.0,158.0,136.0,0.0,113.0
151.0,141.0,136.0,139.0,149.0
155.0,130.0,165.0,117.0,120.0
125.0,119.0,140.0,143.0,119.0
176.0,201.0,188.0,128.0,171.0
148.0,167.0,153.0,147.0,158.0
167.0,143.0,127.0,159.0,131.0
163.0,148.0,164.0,182.0,112.0
155.0,135.0,118.0,143.0,155.0
128.0,123.0,142.0,125.0,124.0
188.0,145.0,195.0,180.0,147.0
157.0,173.0,154.0,119.0,125.0
162.0,193.0,139.0,125.0,160.0
80.0,137.0,138.0,158.0,114.0
159.0,135.0,169.0,149.0,171.0
188.0,186.0,178.0,145.0,153.0
200.0,204.0,181.0,165.0,214.0
189.0,196.0,182.0,161.0,183.0
183.0,190.0,177.0,148.0,169.0
159.0,132.0,136.0,181.0,130.0
113.0,136.0,84.0,165.0,151.0
176.0,196.0,207.0,146.0,208.0
159.0,190.0,164.0,147.0,133.0
176.0,170.0,161.0,300.0,144.0
191.0,155.0,176.0,151.0,207.0
145.0,173.0,124.0,169.0,157.0
87.0,89.0,112.0,0.0,123.0
128.0,86.0,113.0,126.0,106.0
227.0,181.0,213.0,172.0,141.0
153.0,174.0,202.0,139.0,123.0
149.0,159.0,157.0,123.0,136.0
158.0,153.0,132.0,95.0,105.0
109.0,144.0,158.0,144.0,147.0
179.0,192.0,184.0,133.0,155.0
153.0,157.0,125.0,176.0,148.0
300.0,206.0,224.0,300.0,216.0
113.0,109.0,130.0,131.0,112.0
202.0,166.0,187.0,148.0,171.0
161.0,146.0,202.0,151.0,176.0
179.0,181.0,172.0,137.0,177.0
161.0,149.0,144.0,109.0,117.0
118.0,127.0,174.0,129.0,120.0
107.0,92.0,132.0,90.0,104.0
113.0,113.0,132.0,119.0,112.0
124.0,103.0,152.0,160.0,126.0
143.0,205.0,132.0,163.0,183.0
170.0,144.0,200.0,150.0,184.0
142.0,153.0,154.0,135.0,157.0
151.0,158.0,160.0,147.0,150.0
175.0,184.0,150.0,154.0,150.0
150.0,83.0,168.0,111.0,124.0
162.0,159.0,192.0,125.0,156.0
144.0,139.0,145.0,140.0,182.0
119.0,130.0,118.0,159.0,159.0
208.0,186.0,178.0,120.0,196.0
119.0,153.0,122.0,171.0,144.0
115.0,105.0,126.0,115.0,102.0
139.0,127.0,140.0,155.0,131.0
130.0,134.0,148.0,150.0,112.0
171.0,188.0,171.0,161.0,188.0
175.0,186.0,172.0,153.0,138.0
180.0,178.0,137.0,162.0,142.0
156.0,178.0,150.0,171.0,157.0
113.0,149.0,148.0,116.0,164.0
161.0,153.0,138.0,171.0,113.0
120.0,131.0,143.0,139.0,126.0
115.0,105.0,161.0,147.0,84.0
207.0,200.0,200.0,162.0,183.0
143.0,163.0,89.0,157.0,130.0
142.0,143.0,145.0,167.0,140.0
157.0,112.0,138.0,162.0,127.0
116.0,85.0,121.0,0.0,89.0
90.0,121.0,140.0,93.0,107.0
179.0,211.0,187.0,129.0,125.0
148.0,139.0,126.0,174.0,109.0
168.0,162.0,148.0,157.0,152.0
147.0,165.0,176.0,169.0,147.0
131.0,89.0,112.0,124.0,113.0
205.0,206.0,209.0,176.0,195.0
136.0,133.0,127.0,131.0,75.0
300.0,214.0,190.0,185.0,226.0
133.0,138.0,159.0,158.0,143.0
153.0,161.0,122.0,162.0,180.0
158.0,170.0,138.0,152.0,126.0
195.0,187.0,201.0,152.0,200.0
160.0,194.0,202.0,168.0,198.0
143.0,128.0,156.0,109.0,144.0
160.0,129.0,163.0,93.0,140.0
191.0,172.0,179.0,142.0,179.0
187.0,202.0,177.0,128.0,185.0
112.0,152.0,124.0,132.0,118.0
209.0,216.0,300.0,189.0,171.0
162.0,146.0,153.0,128.0,143.0
147.0,143.0,164.0,171.0,158.0
164.0,183.0,185.0,120.0,151.0
160.0,157.0,192.0,118.0,140.0
143.0,131.0,157.0,117.0,129.0
120.0,133.0,115.0,0.0,74.0
192.0,193.0,230.0,156.0,205.0
170.0,160.0,151.0,169.0,132.0
134.0,99.0,146.0,133.0,158.0
131.0,152.0,153.0,126.0,123.0
168.0,157.0,145.0,120.0,161.0
118.0,109.0,163.0,188.0,132.0
168.0,172.0,155.0,92.0,155.0
117.0,144.0,146.0,150.0,172.0
160.0,123.0,204.0,146.0,143.0
101.0,120.0,163.0,89.0,141.0
133.0,115.0,135.0,116.0,94.0
187.0,195.0,300.0,91.0,195.0
124.0,153.0,123.0,161.0,130.0
168.0,165.0,118.0,110.0,136.0
157.0,163.0,175.0,141.0,185.0
194.0,191.0,300.0,141.0,156.0
165.0,149.0,143.0,122.0,99.0
118.0,116.0,121.0,154.0,112.0
182.0,162.0,131.0,159.0,128.0
153.0,171.0,98.0,160.0,123.0
137.0,106.0,140.0,115.0,130.0
95.0,109.0,147.0,162.0,79.0
176.0,172.0,153.0,124.0,157.0
182.0,179.0,162.0,169.0,170.0
123.0,157.0,168.0,168.0,110.0
155.0,171.0,144.0,161.0,146.0
162.0,133.0,189.0,126.0,158.0
199.0,191.0,206.0,154.0,187.0
133.0,100.0,125.0,112.0,147.0
128.0,161.0,124.0,124.0,160.0
172.0,137.0,171.0,117.0,140.0
119.0,140.0,143.0,151.0,90.0
165.0,150.0,165.0,151.0,156.0
121.0,139.0,122.0,0.0,175.0
165.0,113.0,182.0,151.0,116.0
175.0,185.0,169.0,179.0,167.0
124.0,85.0,116.0,137.0,101.0
185.0,166.0,155.0,121.0,168.0
205.0,212.0,183.0,132.0,158.0
115.0,95.0,116.0,131.0,101.0
198.0,161.0,193.0,169.0,191.0
140.0,105.0,117.0,128.0,107.0
185.0,188.0,191.0,117.0,165.0
167.0,108.0,118.0,93.0,145.0
166.0,138.0,189.0,151.0,173.0
101.0,100.0,133.0,145.0,120.0
114.0,91.0,183.0,85.0,121.0
123.0,135.0,125.0,160.0,95.0
164.0,138.0,169.0,0.0,129.0
160.0,148.0,182.0,120.0,182.0
161.0,194.0,170.0,123.0,149.0
167.0,173.0,179.0,170.0,160.0
179.0,166.0,183.0,157.0,180.0
127.0,90.0,122.0,149.0,84.0
179.0,163.0,195.0,181.0,187.0
187.0,168.0,190.0,125.0,170.0
134.0,139.0,141.0,128.0,111.0
146.0,110.0,131.0,155.0,137.0
142.0,149.0,130.0,120.0,129.0
141.0,85.0,137.0,163.0,107.0
142.0,114.0,145.0,112.0,171.0
121.0,142.0,148.0,107.0,141.0
165.0,187.0,141.0,156.0,138.0
109.0,102.0,134.0,121.0,112.0
165.0,113.0,164.0,117.0,120.0
186.0,175.0,300.0,163.0,130.0
216.0,189.0,220.0,119.0,215.0
90.0,128.0,130.0,0.0,193.0
103.0,147.0,135.0,120.0,119.0
148.0,143.0,124.0,83.0,86.0
143.0,137.0,133.0,120.0,115.0
227.0,194.0,220.0,166.0,192.0
200.0,216.0,168.0,300.0,174.0
185.0,179.0,154.0,160.0,164.0
174.0,176.0,119.0,0.0,159.0
132.0,126.0,128.0,115.0,114.0
191.0,182.0,180.0,151.0,190.0
175.0,169.0,179.0,107.0,158.0
201.0,202.0,147.0,159.0,136.0
161.0,186.0,198.0,149.0,174.0
137.0,110.0,121.0,98.0,107.0
162.0,147.0,133.0,178.0,157.0
185.0,176.0,170.0,184.0,181.0
209.0,191.0,199.0,155.0,171.0
122.0,133.0,145.0,116.0,110.0
181.0,146.0,136.0,129.0,142.0
113.0,131.0,143.0,130.0,122.0
125.0,110.0,95.0,74.0,89.0
140.0,162.0,169.0,142.0,109.0
114.0,109.0,145.0,116.0,180.0
152.0,127.0,86.0,133.0,92.0
164.0,187.0,192.0,195.0,167.0
145.0,138.0,120.0,143.0,111.0
136.0,150.0,129.0,112.0,118.0
171.0,172.0,167.0,179.0,199.0
210.0,183.0,205.0,117.0,134.0
159.0,140.0,139.0,121.0,149.0
149.0,134.0,131.0,172.0,122.0
125.0,110.0,122.0,152.0,131.0
139.0,117.0,139.0,0.0,141.0
141.0,127.0,149.0,166.0,135.0
183.0,154.0,184.0,167.0,116.0
152.0,162.0,150.0,128.0,168.0
193.0,187.0,147.0,152.0,169.0
108.0,115.0,104.0,127.0,123.0
106.0,90.0,124.0,121.0,93.0
190.0,167.0,198.0,145.0,158.0
180.0,191.0,209.0,300.0,198.0
132.0,141.0,105.0,125.0,108.0
133.0,120.0,151.0,126.0,126.0
146.0,146.0,163.0,120.0,141.0
190.0,159.0,206.0,171.0,174.0
168.0,156.0,147.0,166.0,151.0
176.0,169.0,197.0,151.0,136.0
134.0,158.0,171.0,116.0,156.0
148.0,178.0,156.0,175.0,146.0
97.0,116.0,155.0,122.0,117.0
121.0,107.0,202.0,153.0,200.0
169.0,178.0,159.0,120.0,156.0
105.0,108.0,134.0,146.0,74.0
121.0,127.0,103.0,117.0,124.0
148.0,122.0,141.0,148.0,145.0
196.0,179.0,218.0,143.0,132.0
127.0,117.0,108.0,122.0,124.0
130.0,134.0,101.0,156.0,107.0
169.0,172.0,158.0,158.0,165.0
104.0,151.0,115.0,79.0,118.0
133.0,136.0,143.0,115.0,110.0
95.0,119.0,139.0,125.0,154.0
166.0,150.0,176.0,118.0,134.0
139.0,120.0,119.0,0.0,146.0
126.0,122.0,150.0,189.0,87.0
183.0,190.0,219.0,161.0,152.0
132.0,137.0,108.0,134.0,110.0
129.0,105.0,164.0,187.0,136.0
133.0,140.0,101.0,125.0,151.0
193.0,132.0,165.0,156.0,129.0
108.0,119.0,96.0,133.0,118.0
190.0,198.0,156.0,135.0,123.0
116.0,114.0,128.0,157.0,102.0
142.0,110.0,153.0,165.0,146.0
113.0,183.0,114.0,149.0,132.0
118.0,82.0,111.0,123.0,113.0
124.0,165.0,147.0,158.0,141.0
134.0,98.0,125.0,160.0,130.0
154.0,115.0,140.0,126.0,129.0
156.0,127.0,173.0,164.0,120.0
170.0,172.0,172.0,143.0,176.0
141.0,109.0,100.0,159.0,109.0
170.0,198.0,132.0,144.0,154.0
183.0,140.0,153.0,176.0,196.0
203.0,184.0,225.0,111.0,175.0
168.0,146.0,181.0,187.0,136.0
202.0,228.0,191.0,153.0,189.0
138.0,147.0,158.0,122.0,169.0
99.0,87.0,116.0,80.0,72.0
132.0,165.0,177.0,129.0,137.0
171.0,171.0,150.0,152.0,169.0
110.0,133.0,124.0,147.0,115.0
169.0,173.0,159.0,161.0,145.0
134.0,86.0,156.0,117.0,114.0
135.0,109.0,157.0,176.0,131.0
214.0,163.0,201.0,172.0,176.0
189.0,195.0,178.0,168.0,170.0
168.0,142.0,159.0,123.0,132.0
128.0,104.0,129.0,117.0,119.0
161.0,153.0,136.0,158.0,111.0
208.0,120.0,216.0,116.0,193.0
113.0,104.0,123.0,123.0,98.0
195.0,172.0,210.0,166.0,193.0
125.0,160.0,184.0,169.0,171.0
90.0,99.0,127.0,0.0,166.0
202.0,215.0,200.0,126.0,191.0
178.0,154.0,196.0,300.0,143.0
128.0,109.0,137.0,150.0,140.0
85.0,109.0,118.0,114.0,94.0
153.0,176.0,137.0,114.0,136.0
186.0,153.0,180.0,161.0,97.0
174.0,132.0,126.0,172.0,126.0
163.0,158.0,173.0,144.0,131.0
149.0,127.0,147.0,112.0,157.0
171.0,131.0,130.0,117.0,101.0
108.0,86.0,137.0,160.0,85.0
117.0,113.0,129.0,117.0,107.0
144.0,103.0,133.0,112.0,126.0
158.0,145.0,163.0,126.0,123.0
202.0,194.0,220.0,196.0,209.0
166.0,174.0,164.0,178.0,129.0
176.0,139.0,175.0,161.0,199.0
115.0,134.0,169.0,0.0,107.0
160.0,142.0,181.0,139.0,163.0
109.0,103.0,105.0,0.0,115.0
135.0,120.0,143.0,143.0,109.0
178.0,159.0,153.0,124.0,121.0
138.0,101.0,93.0,151.0,113.0
94.0,106.0,97.0,113.0,71.0
175.0,172.0,198.0,300.0,190.0
185.0,165.0,187.0,168.0,176.0
140.0,83.0,153.0,170.0,169.0
200.0,167.0,182.0,120.0,165.0
104.0,120.0,143.0,167.0,127.0
135.0,113.0,152.0,170.0,146.0
142.0,134.0,142.0,162.0,86.0
109.0,90.0,107.0,183.0,100.0
178.0,199.0,188.0,101.0,191.0
186.0,186.0,126.0,163.0,145.0
169.0,99.0,168.0,186.0,175.0
86.0,88.0,131.0,80.0,103.0
107.0,120.0,124.0,113.0,135.0
182.0,148.0,201.0,133.0,154.0
133.0,137.0,142.0,144.0,153.0
185.0,151.0,156.0,172.0,161.0
159.0,104.0,133.0,167.0,89.0
178.0,183.0,156.0,121.0,170.0
160.0,180.0,132.0,178.0,149.0
176.0,177.0,187.0,0.0,65.0
182.0,146.0,163.0,133.0,123.0
146.0,153.0,132.0,158.0,129.0
162.0,150.0,167.0,183.0,143.0
158.0,113.0,189.0,127.0,122.0
176.0,162.0,158.0,170.0,133.0
140.0,135.0,154.0,114.0,163.0
160.0,126.0,196.0,162.0,185.0
118.0,88.0,129.0,0.0,119.0
146.0,151.0,166.0,117.0,157.0
140.0,153.0,190.0,135.0,179.0
147.0,109.0,300.0,85.0,155.0
189.0,172.0,155.0,162.0,182.0
136.0,122.0,131.0,120.0,114.0
205.0,194.0,216.0,183.0,192.0
210.0,216.0,202.0,167.0,206.0
146.0,150.0,163.0,107.0,155.0
160.0,195.0,117.0,169.0,216.0
141.0,137.0,125.0,111.0,157.0
179.0,164.0,168.0,176.0,167.0
154.0,148.0,168.0,149.0,114.0
124.0,149.0,119.0,138.0,140.0
171.0,150.0,143.0,149.0,139.0
125.0,137.0,159.0,124.0,147.0
155.0,165.0,177.0,178.0,118.0
130.0,122.0,102.0,0.0,136.0
132.0,169.0,172.0,116.0,175.0
149.0,125.0,146.0,0.0,155.0
148.0,120.0,145.0,118.0,111.0
197.0,203.0,194.0,183.0,183.0
127.0,112.0,195.0,175.0,102.0
205.0,206.0,215.0,165.0,212.0
118.0,139.0,124.0,138.0,141.0
115.0,110.0,164.0,144.0,100.0
135.0,146.0,145.0,181.0,136.0
171.0,143.0,153.0,181.0,150.0
144.0,155.0,153.0,0.0,142.0
166.0,143.0,141.0,127.0,179.0
138.0,109.0,145.0,121.0,116.0
112.0,135.0,81.0,0.0,133.0
134.0,135.0,133.0,0.0,95.0
166.0,148.0,178.0,150.0,152.0
125.0,123.0,124.0,160.0,102.0
174.0,158.0,168.0,167.0,141.0
219.0,193.0,205.0,169.0,186.0
155.0,126.0,128.0,153.0,124.0
130.0,127.0,135.0,116.0,128.0
180.0,156.0,166.0,178.0,142.0
131.0,150.0,164.0,91.0,173.0
206.0,198.0,300.0,177.0,174.0
149.0,142.0,138.0,133.0,134.0
178.0,181.0,142.0,126.0,142.0
163.0,157.0,192.0,116.0,151.0
174.0,155.0,177.0,154.0,169.0
172.0,131.0,144.0,111.0,115.0
164.0,132.0,106.0,150.0,122.0
146.0,139.0,114.0,128.0,129.0
179.0,192.0,210.0,166.0,211.0
148.0,145.0,147.0,121.0,165.0
170.0,147.0,172.0,113.0,125.0
220.0,202.0,300.0,170.0,220.0
156.0,164.0,156.0,106.0,105.0
104.0,131.0,115.0,143.0,110.0
199.0,214.0,206.0,120.0,189.0
129.0,152.0,130.0,145.0,131.0
158.0,164.0,211.0,97.0,203.0
138.0,119.0,166.0,146.0,143.0
165.0,94.0,168.0,171.0,128.0
149.0,164.0,147.0,170.0,191.0
175.0,133.0,146.0,145.0,147.0
115.0,130.0,138.0,131.0,122.0
118.0,136.0,130.0,163.0,121.0
107.0,149.0,154.0,154.0,154.0
132.0,134.0,181.0,177.0,142.0
129.0,121.0,120.0,163.0,148.0
158.0,122.0,166.0,128.0,72.0
141.0,129.0,114.0,150.0,152.0
170.0,160.0,142.0,180.0,125.0
171.0,128.0,138.0,0.0,171.0
123.0,101.0,140.0,147.0,117.0
199.0,204.0,215.0,170.0,173.0
171.0,131.0,150.0,126.0,142.0
174.0,128.0,193.0,167.0,147.0
150.0,125.0,148.0,195.0,132.0
162.0,155.0,176.0,149.0,153.0
213.0,188.0,185.0,143.0,186.0
124.0,129.0,130.0,130.0,112.0
135.0,120.0,128.0,186.0,117.0
189.0,183.0,196.0,174.0,170.0
209.0,184.0,300.0,155.0,214.0
149.0,137.0,149.0,125.0,104.0
138.0,112.0,137.0,120.0,120.0
137.0,120.0,133.0,169.0,116.0
152.0,139.0,110.0,139.0,119.0
148.0,152.0,193.0,147.0,170.0
139.0,149.0,164.0,123.0,121.0
164.0,150.0,129.0,133.0,147.0
216.0,187.0,176.0,132.0,188.0
168.0,157.0,172.0,190.0,179.0
158.0,173.0,131.0,148.0,151.0
129.0,117.0,150.0,135.0,140.0
182.0,181.0,159.0,146.0,147.0
140.0,149.0,162.0,0.0,160.0
176.0,192.0,218.0,169.0,164.0
146.0,108.0,148.0,103.0,148.0
143.0,167.0,151.0,123.0,138.0
174.0,163.0,153.0,111.0,128.0
200.0,224.0,164.0,148.0,201.0
123.0,101.0,102.0,170.0,114.0
105.0,137.0,133.0,149.0,118.0
172.0,179.0,141.0,117.0,98.0
201.0,197.0,201.0,126.0,209.0
141.0,155.0,152.0,171.0,141.0
154.0,171.0,135.0,172.0,156.0
158.0,127.0,145.0,178.0,97.0
158.0,142.0,138.0,133.0,175.0
144.0,152.0,152.0,119.0,138.0
131.0,150.0,155.0,164.0,165.0
205.0,191.0,206.0,207.0,190.0
146.0,117.0,81.0,109.0,129.0
162.0,145.0,124.0,162.0,167.0
124.0,132.0,106.0,120.0,118.0
137.0,120.0,153.0,133.0,157.0
92.0,141.0,92.0,111.0,108.0
163.0,167.0,153.0,153.0,167.0
183.0,165.0,143.0,156.0,170.0
149.0,132.0,110.0,0.0,152.0
103.0,96.0,145.0,116.0,110.0
166.0,176.0,175.0,157.0,162.0
180.0,177.0,156.0,166.0,191.0
133.0,151.0,130.0,160.0,134.0
170.0,147.0,178.0,128.0,175.0
147.0,104.0,198.0,132.0,86.0
180.0,165.0,187.0,125.0,137.0
187.0,175.0,169.0,0.0,143.0
179.0,187.0,190.0,178.0,168.0
136.0,133.0,161.0,106.0,127.0
181.0,124.0,189.0,88.0,171.0
152.0,120.0,136.0,163.0,129.0
140.0,124.0,153.0,130.0,131.0
141.0,169.0,157.0,114.0,137.0
198.0,234.0,159.0,154.0,159.0
196.0,217.0,208.0,152.0,200.0
169.0,169.0,105.0,117.0,134.0
195.0,183.0,167.0,0.0,149.0
198.0,109.0,190.0,0.0,189.0
222.0,199.0,209.0,199.0,220.0
150.0,167.0,117.0,150.0,138.0
143.0,163.0,186.0,145.0,141.0
108.0,113.0,117.0,126.0,133.0
160.0,170.0,131.0,148.0,139.0
155.0,147.0,149.0,142.0,143.0
132.0,124.0,159.0,153.0,139.0
175.0,144.0,166.0,124.0,157.0
179.0,139.0,156.0,132.0,130.0
147.0,129.0,138.0,108.0,144.0
206.0,200.0,209.0,300.0,210.0
133.0,108.0,102.0,100.0,140.0
179.0,157.0,139.0,150.0,174.0
177.0,147.0,153.0,126.0,134.0
160.0,145.0,143.0,84.0,158.0
145.0,160.0,115.0,119.0,101.0
122.0,118.0,131.0,149.0,172.0
179.0,211.0,179.0,163.0,192.0
139.0,132.0,118.0,0.0,101.0
126.0,74.0,131.0,114.0,101.0
147.0,147.0,197.0,133.0,127.0
178.0,184.0,202.0,146.0,148.0
171.0,172.0,143.0,118.0,155.0
182.0,186.0,167.0,129.0,181.0
120.0,87.0,126.0,96.0,96.0
158.0,156.0,136.0,121.0,148.0
153.0,108.0,129.0,150.0,121.0
204.0,185.0,149.0,170.0,172.0
166.0,105.0,157.0,160.0,165.0
128.0,151.0,123.0,119.0,133.0
190.0,115.0,179.0,155.0,112.0
195.0,224.0,195.0,172.0,181.0
117.0,119.0,128.0,126.0,112.0
154.0,109.0,113.0,152.0,108.0
144.0,147.0,141.0,116.0,159.0
170.0,156.0,157.0,131.0,120.0
133.0,192.0,126.0,168.0,145.0
130.0,115.0,133.0,74.0,117.0
89.0,108.0,123.0,116.0,94.0
152.0,139.0,136.0,126.0,143.0
129.0,194.0,149.0,149.0,142.0
186.0,200.0,205.0,300.0,183.0
156.0,133.0,105.0,145.0,119.0
177.0,202.0,187.0,128.0,158.0
161.0,179.0,189.0,150.0,197.0
213.0,181.0,210.0,168.0,190.0
175.0,164.0,160.0,211.0,131.0
164.0,97.0,151.0,149.0,195.0
159.0,167.0,124.0,175.0,146.0
111.0,96.0,141.0,111.0,85.0
178.0,150.0,156.0,172.0,134.0
123.0,114.0,148.0,181.0,135.0
185.0,195.0,218.0,158.0,206.0
192.0,220.0,205.0,158.0,163.0
211.0,191.0,211.0,130.0,180.0
211.0,217.0,106.0,124.0,157.0
137.0,130.0,135.0,0.0,132.0
178.0,183.0,204.0,0.0,171.0
128.0,116.0,136.0,0.0,123.0
157.0,178.0,161.0,140.0,167.0
116.0,124.0,120.0,159.0,170.0
175.0,154.0,151.0,0.0,169.0
155.0,155.0,170.0,150.0,140.0
141.0,133.0,121.0,115.0,127.0
214.0,204.0,197.0,144.0,211.0
139.0,130.0,94.0,142.0,155.0
175.0,191.0,175.0,112.0,177.0
162.0,157.0,191.0,131.0,154.0
139.0,94.0,174.0,0.0,170.0
136.0,119.0,93.0,116.0,112.0
167.0,151.0,165.0,151.0,172.0
110.0,98.0,139.0,118.0,70.0
122.0,80.0,147.0,146.0,119.0
142.0,93.0,174.0,148.0,158.0
179.0,164.0,197.0,148.0,185.0
114.0,132.0,147.0,154.0,127.0
103.0,91.0,135.0,120.0,124.0
193.0,156.0,178.0,131.0,188.0
204.0,186.0,169.0,165.0,192.0
107.0,114.0,153.0,120.0,135.0
171.0,166.0,118.0,153.0,120.0
159.0,200.0,156.0,150.0,162.0
143.0,113.0,97.0,121.0,111.0
121.0,73.0,111.0,129.0,139.0
123.0,139.0,125.0,127.0,91.0
182.0,174.0,190.0,156.0,152.0
186.0,157.0,183.0,126.0,150.0
186.0,211.0,166.0,170.0,168.0
131.0,123.0,125.0,128.0,108.0
193.0,121.0,207.0,300.0,193.0
156.0,165.0,146.0,160.0,154.0
115.0,125.0,79.0,109.0,121.0
157.0,127.0,99.0,0.0,117.0
177.0,146.0,164.0,178.0,126.0
142.0,163.0,196.0,134.0,134.0
203.0,196.0,213.0,168.0,133.0
219.0,221.0,206.0,142.0,195.0
139.0,122.0,137.0,114.0,124.0
107.0,172.0,108.0,124.0,98.0
113.0,111.0,125.0,0.0,107.0
126.0,137.0,128.0,121.0,143.0
183.0,177.0,107.0,0.0,165.0
105.0,114.0,115.0,162.0,160.0
170.0,155.0,167.0,153.0,135.0
91.0,80.0,127.0,117.0,114.0
90.0,93.0,107.0,143.0,83.0
194.0,161.0,211.0,164.0,162.0
183.0,176.0,153.0,208.0,116.0
130.0,85.0,97.0,175.0,147.0
180.0,183.0,211.0,171.0,150.0
174.0,201.0,202.0,159.0,153.0
121.0,161.0,155.0,113.0,168.0
201.0,173.0,217.0,162.0,159.0
178.0,172.0,169.0,128.0,179.0
165.0,170.0,135.0,155.0,141.0
180.0,183.0,228.0,176.0,208.0
157.0,108.0,120.0,170.0,132.0
154.0,140.0,183.0,153.0,138.0
164.0,149.0,159.0,153.0,178.0
154.0,134.0,150.0,128.0,128.0
179.0,202.0,128.0,182.0,165.0
149.0,149.0,145.0,170.0,165.0
150.0,134.0,164.0,131.0,88.0
140.0,119.0,133.0,108.0,107.0
187.0,168.0,206.0,173.0,129.0
156.0,180.0,164.0,118.0,143.0
169.0,162.0,148.0,83.0,136.0
123.0,111.0,158.0,119.0,85.0
122.0,108.0,158.0,160.0,143.0
187.0,173.0,194.0,150.0,192.0
108.0,93.0,125.0,118.0,131.0
89.0,81.0,165.0,0.0,113.0
123.0,105.0,163.0,110.0,148.0
164.0,145.0,150.0,114.0,149.0
96.0,125.0,122.0,0.0,77.0
150.0,90.0,142.0,146.0,122.0
132.0,144.0,145.0,130.0,154.0
186.0,206.0,183.0,174.0,173.0
144.0,72.0,180.0,166.0,153.0
109.0,117.0,101.0,102.0,126.0
205.0,184.0,142.0,168.0,112.0
147.0,158.0,198.0,116.0,115.0
125.0,133.0,120.0,0.0,115.0
175.0,164.0,150.0,154.0,112.0
139.0,124.0,143.0,166.0,117.0
171.0,179.0,134.0,160.0,137.0
152.0,126.0,160.0,165.0,133.0
169.0,163.0,177.0,133.0,151.0
178.0,135.0,140.0,167.0,139.0
179.0,178.0,167.0,119.0,153.0
204.0,159.0,225.0,154.0,203.0
213.0,202.0,184.0,122.0,128.0
164.0,139.0,181.0,181.0,140.0
129.0,140.0,127.0,96.0,157.0
185.0,207.0,202.0,168.0,173.0
119.0,129.0,108.0,121.0,93.0
88.0,82.0,112.0,125.0,62.0
163.0,180.0,174.0,176.0,146.0
161.0,160.0,167.0,118.0,173.0
185.0,164.0,214.0,147.0,127.0
168.0,168.0,215.0,163.0,170.0
198.0,171.0,198.0,168.0,192.0
173.0,145.0,177.0,128.0,151.0
121.0,95.0,123.0,159.0,111.0
136.0,160.0,138.0,149.0,100.0
189.0,186.0,161.0,119.0,188.0
119.0,132.0,159.0,124.0,142.0
164.0,171.0,157.0,178.0,137.0
157.0,108.0,168.0,133.0,165.0
153.0,146.0,163.0,0.0,147.0
180.0,150.0,186.0,143.0,158.0
176.0,132.0,172.0,151.0,138.0
201.0,186.0,161.0,176.0,143.0
130.0,128.0,141.0,136.0,158.0
203.0,215.0,198.0,300.0,143.0
165.0,186.0,180.0,168.0,166.0
145.0,148.0,149.0,119.0,162.0
179.0,166.0,140.0,0.0,146.0
185.0,170.0,211.0,131.0,145.0
160.0,167.0,138.0,0.0,120.0
113.0,114.0,138.0,117.0,117.0
162.0,127.0,164.0,127.0,156.0
172.0,123.0,183.0,206.0,146.0
123.0,125.0,157.0,0.0,155.0
155.0,149.0,84.0,164.0,96.0
129.0,117.0,111.0,87.0,96.0
187.0,145.0,211.0,136.0,211.0
162.0,205.0,300.0,176.0,147.0
150.0,170.0,191.0,174.0,133.0
129.0,87.0,117.0,0.0,113.0
175.0,192.0,125.0,151.0,183.0
146.0,193.0,154.0,153.0,202.0
202.0,192.0,170.0,129.0,173.0
185.0,152.0,176.0,129.0,142.0
89.0,99.0,101.0,130.0,111.0
194.0,153.0,190.0,160.0,224.0
159.0,152.0,171.0,124.0,141.0
162.0,162.0,172.0,114.0,122.0
143.0,153.0,136.0,119.0,164.0
169.0,160.0,149.0,150.0,146.0
159.0,153.0,113.0,0.0,131.0
136.0,126.0,129.0,120.0,143.0
202.0,176.0,171.0,130.0,136.0
182.0,180.0,163.0,111.0,134.0
180.0,145.0,203.0,128.0,100.0
148.0,124.0,116.0,128.0,168.0
115.0,86.0,109.0,160.0,111.0
117.0,113.0,163.0,151.0,134.0
135.0,129.0,148.0,123.0,113.0
155.0,162.0,139.0,125.0,130.0
124.0,88.0,126.0,132.0,105.0
133.0,102.0,164.0,148.0,105.0
203.0,213.0,163.0,175.0,156.0
106.0,82.0,167.0,154.0,146.0
165.0,169.0,167.0,119.0,129.0
174.0,183.0,149.0,126.0,163.0
187.0,167.0,115.0,117.0,183.0
171.0,125.0,144.0,0.0,203.0
116.0,112.0,149.0,169.0,135.0
153.0,108.0,100.0,150.0,127.0
114.0,146.0,131.0,137.0,104.0
151.0,183.0,163.0,142.0,152.0
99.0,147.0,123.0,125.0,143.0
164.0,173.0,114.0,164.0,93.0
159.0,139.0,204.0,121.0,179.0
157.0,178.0,154.0,85.0,191.0
143.0,119.0,104.0,153.0,153.0
134.0,145.0,166.0,117.0,119.0
138.0,144.0,167.0,111.0,151.0
206.0,212.0,212.0,177.0,185.0
143.0,152.0,203.0,152.0,108.0
188.0,179.0,193.0,173.0,161.0
107.0,97.0,137.0,0.0,147.0
109.0,110.0,109.0,77.0,70.0
161.0,169.0,196.0,161.0,130.0
146.0,154.0,116.0,173.0,137.0
152.0,151.0,164.0,181.0,144.0
168.0,182.0,137.0,174.0,91.0
121.0,158.0,147.0,157.0,125.0
117.0,146.0,118.0,164.0,122.0
234.0,183.0,230.0,157.0,177.0
136.0,105.0,131.0,153.0,120.0
176.0,155.0,171.0,128.0,115.0
155.0,165.0,119.0,0.0,148.0
174.0,166.0,209.0,148.0,170.0
119.0,113.0,121.0,144.0,110.0
140.0,134.0,125.0,118.0,111.0
104.0,96.0,152.0,139.0,125.0
186.0,175.0,183.0,163.0,143.0
200.0,163.0,150.0,155.0,161.0
164.0,188.0,207.0,177.0,178.0
143.0,116.0,122.0,122.0,146.0
130.0,126.0,140.0,125.0,101.0
134.0,154.0,171.0,148.0,182.0
156.0,178.0,153.0,134.0,142.0
112.0,112.0,114.0,118.0,86.0
115.0,108.0,133.0,151.0,104.0
162.0,137.0,133.0,91.0,150.0
225.0,217.0,187.0,186.0,187.0
105.0,108.0,104.0,87.0,114.0
139.0,86.0,161.0,117.0,136.0
170.0,141.0,126.0,89.0,103.0
118.0,93.0,122.0,139.0,119.0
157.0,146.0,158.0,119.0,171.0
100.0,98.0,111.0,0.0,152.0
300.0,300.0,300.0,158.0,203.0
146.0,94.0,152.0,177.0,136.0
197.0,190.0,177.0,151.0,192.0
200.0,187.0,192.0,163.0,158.0
132.0,104.0,155.0,117.0,121.0
180.0,206.0,173.0,148.0,138.0
154.0,107.0,147.0,122.0,120.0
141.0,152.0,147.0,124.0,143.0
164.0,174.0,171.0,124.0,145.0
144.0,97.0,142.0,161.0,169.0
155.0,136.0,150.0,121.0,112.0
180.0,165.0,143.0,168.0,127.0
120.0,115.0,141.0,160.0,112.0
149.0,156.0,149.0,100.0,131.0
165.0,133.0,128.0,174.0,140.0
107.0,129.0,116.0,164.0,122.0
181.0,172.0,196.0,137.0,159.0
184.0,125.0,193.0,155.0,148.0
163.0,166.0,195.0,154.0,138.0
119.0,117.0,131.0,115.0,105.0
174.0,179.0,148.0,165.0,107.0
162.0,160.0,138.0,171.0,151.0
156.0,145.0,134.0,208.0,141.0
124.0,99.0,161.0,146.0,204.0
182.0,177.0,209.0,300.0,90.0
173.0,200.0,184.0,171.0,198.0
176.0,174.0,196.0,157.0,119.0
150.0,126.0,140.0,148.0,99.0
104.0,110.0,137.0,111.0,74.0
152.0,176.0,164.0,130.0,165.0
131.0,127.0,151.0,141.0,132.0
173.0,156.0,181.0,173.0,179.0
196.0,183.0,214.0,121.0,174.0
153.0,154.0,143.0,159.0,162.0
179.0,174.0,153.0,160.0,174.0
124.0,119.0,120.0,118.0,144.0
148.0,118.0,129.0,146.0,86.0
98.0,109.0,132.0,121.0,147.0
126.0,145.0,147.0,162.0,135.0
207.0,232.0,216.0,181.0,124.0
178.0,150.0,160.0,138.0,157.0
178.0,193.0,163.0,180.0,174.0
140.0,108.0,123.0,100.0,121.0
134.0,133.0,129.0,118.0,122.0
201.0,182.0,209.0,126.0,197.0
151.0,181.0,151.0,121.0,203.0
128.0,154.0,109.0,95.0,88.0
168.0,128.0,201.0,166.0,140.0
191.0,198.0,164.0,178.0,189.0
150.0,141.0,120.0,132.0,153.0
160.0,157.0,185.0,173.0,130.0
205.0,174.0,199.0,200.0,184.0
165.0,181.0,189.0,164.0,141.0
172.0,163.0,198.0,126.0,191.0
106.0,87.0,120.0,130.0,112.0
183.0,153.0,208.0,150.0,149.0
195.0,194.0,300.0,174.0,201.0
173.0,160.0,185.0,142.0,133.0
171.0,178.0,124.0,157.0,116.0
158.0,194.0,155.0,166.0,152.0
135.0,120.0,149.0,122.0,119.0
159.0,109.0,168.0,146.0,179.0
144.0,168.0,126.0,169.0,140.0
137.0,117.0,184.0,194.0,169.0
95.0,105.0,150.0,135.0,130.0
169.0,119.0,201.0,167.0,106.0
183.0,198.0,168.0,157.0,154.0
160.0,188.0,168.0,150.0,142.0
166.0,128.0,131.0,118.0,154.0
175.0,182.0,153.0,114.0,165.0
162.0,149.0,218.0,170.0,166.0
199.0,170.0,189.0,158.0,203.0
182.0,151.0,300.0,166.0,178.0
196.0,110.0,300.0,167.0,194.0
168.0,145.0,161.0,153.0,161.0
131.0,100.0,111.0,148.0,126.0
127.0,112.0,111.0,143.0,130.0
105.0,116.0,108.0,0.0,116.0
171.0,117.0,162.0,120.0,145.0
136.0,158.0,165.0,121.0,135.0
178.0,186.0,155.0,158.0,174.0
182.0,118.0,160.0,143.0,144.0
169.0,149.0,162.0,0.0,153.0
154.0,133.0,190.0,146.0,137.0
141.0,142.0,175.0,154.0,128.0
117.0,110.0,129.0,0.0,110.0
175.0,198.0,201.0,144.0,138.0
112.0,112.0,102.0,137.0,143.0
124.0,104.0,144.0,180.0,97.0
117.0,110.0,144.0,115.0,125.0
195.0,185.0,196.0,147.0,209.0
202.0,175.0,158.0,147.0,185.0
160.0,162.0,150.0,166.0,138.0
193.0,156.0,228.0,82.0,142.0
201.0,182.0,206.0,194.0,191.0
153.0,150.0,157.0,150.0,190.0
195.0,192.0,149.0,183.0,200.0
147.0,144.0,140.0,97.0,157.0
213.0,172.0,115.0,120.0,172.0
132.0,124.0,158.0,166.0,144.0
167.0,159.0,135.0,172.0,163.0
166.0,72.0,179.0,133.0,162.0
121.0,135.0,116.0,122.0,118.0
148.0,131.0,146.0,119.0,133.0
188.0,206.0,208.0,144.0,166.0
144.0,153.0,131.0,131.0,155.0
177.0,189.0,161.0,155.0,169.0
149.0,159.0,175.0,122.0,146.0
113.0,78.0,174.0,0.0,130.0
162.0,177.0,199.0,165.0,155.0
173.0,100.0,195.0,140.0,171.0
166.0,143.0,204.0,174.0,156.0
122.0,157.0,149.0,169.0,145.0
198.0,187.0,194.0,94.0,208.0
157.0,152.0,152.0,150.0,106.0
105.0,92.0,137.0,123.0,124.0
159.0,84.0,150.0,73.0,174.0
163.0,156.0,107.0,138.0,162.0
133.0,127.0,126.0,154.0,134.0
175.0,168.0,167.0,118.0,179.0
147.0,123.0,145.0,149.0,135.0
173.0,171.0,188.0,115.0,181.0
142.0,168.0,193.0,150.0,138.0
139.0,151.0,135.0,145.0,134.0
126.0,170.0,140.0,128.0,123.0
204.0,127.0,168.0,175.0,165.0
142.0,181.0,142.0,160.0,158.0
148.0,128.0,153.0,152.0,151.0
204.0,200.0,155.0,161.0,211.0
186.0,198.0,162.0,172.0,152.0
144.0,127.0,107.0,119.0,135.0
145.0,155.0,148.0,150.0,131.0
121.0,127.0,141.0,133.0,139.0
176.0,184.0,204.0,128.0,181.0
150.0,132.0,144.0,0.0,133.0
154.0,124.0,140.0,141.0,156.0
172.0,169.0,194.0,126.0,185.0
102.0,100.0,120.0,115.0,103.0
201.0,224.0,170.0,159.0,194.0
147.0,91.0,154.0,149.0,106.0
179.0,187.0,212.0,115.0,185.0
127.0,87.0,166.0,151.0,176.0
123.0,108.0,146.0,0.0,116.0
124.0,148.0,157.0,129.0,160.0
125.0,133.0,174.0,98.0,166.0
155.0,188.0,189.0,146.0,137.0
100.0,111.0,126.0,0.0,111.0
161.0,157.0,134.0,172.0,119.0
145.0,128.0,94.0,122.0,118.0
183.0,158.0,169.0,127.0,138.0
194.0,174.0,163.0,169.0,95.0
126.0,133.0,120.0,126.0,95.0
119.0,126.0,150.0,126.0,102.0
141.0,161.0,146.0,165.0,188.0
151.0,151.0,147.0,120.0,109.0
156.0,131.0,157.0,146.0,125.0
153.0,174.0,170.0,145.0,169.0
99.0,122.0,106.0,0.0,118.0
153.0,102.0,124.0,166.0,150.0
149.0,161.0,127.0,159.0,132.0
107.0,133.0,108.0,122.0,112.0
149.0,161.0,139.0,122.0,152.0
98.0,153.0,170.0,127.0,126.0
134.0,86.0,99.0,146.0,106.0
159.0,158.0,150.0,112.0,149.0
130.0,136.0,129.0,116.0,100.0
95.0,91.0,158.0,135.0,177.0
126.0,131.0,124.0,161.0,127.0
157.0,125.0,154.0,154.0,138.0
145.0,162.0,156.0,83.0,169.0
166.0,141.0,153.0,166.0,117.0
90.0,93.0,162.0,150.0,109.0
146.0,169.0,158.0,72.0,183.0
160.0,155.0,153.0,174.0,159.0
174.0,137.0,128.0,163.0,160.0
209.0,159.0,185.0,169.0,200.0
163.0,155.0,180.0,134.0,152.0
182.0,136.0,173.0,155.0,165.0
198.0,171.0,164.0,126.0,164.0
173.0,169.0,156.0,143.0,148.0
162.0,161.0,117.0,166.0,127.0
167.0,189.0,195.0,184.0,203.0
156.0,100.0,192.0,121.0,152.0
156.0,191.0,173.0,167.0,142.0
206.0,159.0,158.0,149.0,162.0
213.0,194.0,185.0,155.0,197.0
154.0,161.0,110.0,116.0,177.0
165.0,169.0,190.0,118.0,196.0
159.0,150.0,123.0,116.0,128.0
130.0,151.0,129.0,0.0,117.0
184.0,180.0,189.0,166.0,98.0
187.0,186.0,300.0,147.0,178.0
170.0,168.0,194.0,120.0,157.0
196.0,178.0,194.0,150.0,185.0
155.0,154.0,134.0,164.0,115.0
198.0,182.0,194.0,127.0,199.0
168.0,176.0,300.0,121.0,92.0
217.0,191.0,197.0,176.0,178.0
152.0,162.0,156.0,114.0,163.0
143.0,104.0,128.0,117.0,106.0
158.0,167.0,214.0,188.0,181.0
187.0,159.0,131.0,176.0,125.0
135.0,116.0,115.0,0.0,124.0
140.0,108.0,167.0,144.0,139.0
114.0,99.0,154.0,117.0,110.0
175.0,167.0,163.0,124.0,164.0
122.0,98.0,155.0,95.0,109.0
165.0,176.0,175.0,160.0,117.0
151.0,177.0,166.0,179.0,156.0
184.0,132.0,180.0,122.0,187.0
169.0,192.0,170.0,135.0,181.0
136.0,128.0,159.0,177.0,168.0
165.0,92.0,106.0,0.0,158.0
140.0,119.0,164.0,120.0,123.0
167.0,179.0,202.0,164.0,180.0
107.0,104.0,115.0,0.0,103.0
156.0,122.0,151.0,151.0,109.0
124.0,145.0,134.0,76.0,100.0
150.0,117.0,141.0,166.0,114.0
191.0,193.0,168.0,91.0,198.0
162.0,152.0,152.0,135.0,150.0
163.0,144.0,157.0,116.0,173.0
128.0,98.0,120.0,158.0,81.0
207.0,219.0,172.0,0.0,197.0
137.0,123.0,134.0,172.0,95.0
179.0,190.0,201.0,173.0,174.0
179.0,121.0,172.0,190.0,137.0
119.0,156.0,159.0,125.0,127.0
156.0,189.0,180.0,149.0,167.0
188.0,176.0,143.0,179.0,145.0
175.0,157.0,149.0,136.0,151.0
117.0,118.0,130.0,95.0,83.0
142.0,107.0,111.0,164.0,137.0
106.0,104.0,131.0,125.0,134.0
151.0,139.0,131.0,92.0,145.0
109.0,87.0,100.0,0.0,67.0
163.0,165.0,174.0,160.0,149.0
171.0,192.0,146.0,155.0,187.0
230.0,184.0,217.0,164.0,183.0
156.0,139.0,135.0,0.0,111.0
202.0,202.0,206.0,119.0,200.0
199.0,167.0,173.0,162.0,135.0
201.0,206.0,208.0,116.0,212.0
149.0,177.0,164.0,112.0,165.0
167.0,161.0,171.0,173.0,168.0
152.0,147.0,120.0,160.0,148.0
174.0,151.0,152.0,154.0,127.0
160.0,163.0,147.0,134.0,151.0
97.0,94.0,120.0,123.0,106.0
152.0,134.0,125.0,109.0,106.0
164.0,145.0,141.0,0.0,136.0
131.0,152.0,156.0,131.0,96.0
163.0,157.0,103.0,149.0,148.0
161.0,157.0,155.0,167.0,124.0
168.0,147.0,134.0,137.0,191.0
123.0,126.0,133.0,163.0,103.0
145.0,100.0,155.0,133.0,165.0
122.0,88.0,110.0,78.0,99.0
105.0,110.0,132.0,119.0,127.0
180.0,145.0,157.0,159.0,167.0
177.0,173.0,166.0,172.0,197.0
202.0,174.0,176.0,163.0,161.0
177.0,186.0,131.0,120.0,84.0
117.0,111.0,134.0,0.0,113.0
173.0,186.0,199.0,161.0,140.0
175.0,118.0,135.0,0.0,104.0
189.0,195.0,187.0,162.0,161.0
118.0,84.0,111.0,113.0,134.0
148.0,100.0,177.0,158.0,129.0
175.0,186.0,142.0,174.0,124.0
179.0,167.0,154.0,157.0,187.0
150.0,152.0,140.0,164.0,132.0
164.0,160.0,148.0,87.0,153.0
109.0,71.0,183.0,183.0,87.0
182.0,169.0,220.0,151.0,173.0
164.0,103.0,84.0,154.0,132.0
162.0,168.0,119.0,166.0,137.0
130.0,130.0,150.0,127.0,129.0
91.0,96.0,83.0,126.0,139.0
139.0,118.0,121.0,140.0,155.0
194.0,199.0,174.0,165.0,188.0
144.0,121.0,145.0,116.0,153.0
144.0,138.0,158.0,122.0,146.0
187.0,192.0,175.0,168.0,155.0
192.0,197.0,154.0,155.0,174.0
175.0,131.0,197.0,190.0,177.0
174.0,180.0,172.0,162.0,152.0
119.0,127.0,119.0,172.0,106.0
157.0,172.0,177.0,112.0,151.0
138.0,109.0,146.0,123.0,131.0
128.0,144.0,114.0,153.0,104.0
162.0,138.0,165.0,151.0,170.0
151.0,135.0,147.0,146.0,127.0
80.0,137.0,119.0,85.0,102.0
169.0,152.0,129.0,114.0,173.0
174.0,179.0,117.0,156.0,149.0
157.0,162.0,190.0,127.0,95.0
117.0,102.0,134.0,0.0,134.0
133.0,86.0,126.0,142.0,100.0
107.0,105.0,112.0,147.0,117.0
205.0,176.0,218.0,198.0,189.0
106.0,156.0,167.0,143.0,148.0
134.0,125.0,158.0,131.0,189.0
176.0,170.0,162.0,160.0,165.0
169.0,181.0,185.0,175.0,164.0
190.0,189.0,165.0,152.0,198.0
125.0,137.0,155.0,187.0,152.0
133.0,112.0,163.0,168.0,128.0
115.0,98.0,141.0,115.0,116.0
159.0,122.0,169.0,161.0,104.0
164.0,160.0,158.0,127.0,181.0
215.0,199.0,300.0,161.0,127.0
91.0,94.0,164.0,166.0,143.0
106.0,86.0,106.0,0.0,100.0
174.0,188.0,116.0,202.0,93.0
121.0,131.0,127.0,126.0,95.0
173.0,170.0,176.0,156.0,154.0
162.0,162.0,154.0,166.0,162.0
123.0,98.0,136.0,148.0,160.0
123.0,138.0,120.0,114.0,113.0
155.0,108.0,98.0,137.0,106.0
178.0,180.0,130.0,146.0,179.0
172.0,183.0,135.0,164.0,116.0
165.0,152.0,157.0,117.0,166.0
194.0,191.0,178.0,176.0,151.0
144.0,155.0,149.0,123.0,140.0
94.0,89.0,142.0,164.0,107.0
121.0,127.0,153.0,117.0,111.0
138.0,174.0,165.0,192.0,133.0
115.0,111.0,132.0,0.0,89.0
176.0,174.0,162.0,117.0,141.0
101.0,95.0,144.0,116.0,99.0
111.0,138.0,136.0,122.0,116.0
195.0,119.0,141.0,158.0,172.0
147.0,166.0,106.0,173.0,102.0
169.0,178.0,146.0,147.0,124.0
140.0,170.0,157.0,112.0,130.0
189.0,198.0,182.0,156.0,164.0
159.0,160.0,149.0,113.0,142.0
129.0,136.0,147.0,168.0,116.0
173.0,168.0,158.0,125.0,137.0
115.0,130.0,143.0,0.0,140.0
135.0,142.0,128.0,126.0,100.0
119.0,72.0,93.0,163.0,173.0
132.0,138.0,162.0,143.0,156.0
141.0,123.0,145.0,160.0,135.0
144.0,147.0,145.0,169.0,160.0
149.0,137.0,138.0,157.0,115.0
153.0,159.0,116.0,140.0,165.0
131.0,117.0,118.0,0.0,131.0
170.0,166.0,145.0,128.0,180.0
137.0,149.0,146.0,164.0,145.0
120.0,122.0,142.0,145.0,123.0
145.0,77.0,0.0,164.0,164.0
180.0,169.0,174.0,157.0,201.0
185.0,199.0,151.0,172.0,175.0
111.0,104.0,103.0,170.0,98.0
147.0,110.0,125.0,0.0,130.0
140.0,140.0,143.0,146.0,141.0
138.0,140.0,147.0,0.0,196.0
153.0,140.0,143.0,164.0,125.0
141.0,98.0,143.0,127.0,76.0
142.0,169.0,115.0,164.0,103.0
124.0,84.0,148.0,143.0,92.0
137.0,135.0,155.0,149.0,127.0
122.0,160.0,148.0,125.0,161.0
189.0,189.0,174.0,174.0,192.0
184.0,192.0,172.0,300.0,171.0
125.0,141.0,146.0,0.0,114.0
142.0,114.0,122.0,165.0,121.0
172.0,164.0,159.0,173.0,142.0
193.0,201.0,208.0,161.0,175.0
164.0,201.0,207.0,0.0,192.0
168.0,180.0,194.0,182.0,143.0
181.0,170.0,200.0,127.0,159.0
105.0,149.0,106.0,121.0,123.0
135.0,126.0,109.0,0.0,120.0
203.0,193.0,188.0,164.0,164.0
158.0,154.0,153.0,164.0,141.0
159.0,145.0,138.0,87.0,136.0
151.0,148.0,133.0,0.0,133.0
132.0,92.0,148.0,156.0,98.0
178.0,197.0,214.0,162.0,174.0
142.0,73.0,157.0,114.0,113.0
103.0,109.0,140.0,0.0,99.0
170.0,166.0,166.0,145.0,182.0
192.0,188.0,205.0,155.0,189.0
194.0,156.0,157.0,150.0,202.0
175.0,194.0,206.0,176.0,192.0
146.0,95.0,125.0,152.0,133.0
197.0,169.0,138.0,184.0,196.0
161.0,188.0,132.0,150.0,176.0
137.0,146.0,160.0,115.0,149.0
152.0,140.0,159.0,151.0,176.0
117.0,100.0,116.0,113.0,145.0
188.0,212.0,145.0,184.0,161.0
165.0,159.0,174.0,118.0,135.0
133.0,130.0,138.0,123.0,130.0
139.0,150.0,169.0,170.0,169.0
133.0,136.0,138.0,152.0,126.0
165.0,193.0,155.0,118.0,155.0
98.0,112.0,136.0,119.0,118.0
105.0,149.0,145.0,94.0,140.0
202.0,184.0,192.0,161.0,170.0
157.0,189.0,181.0,152.0,180.0
88.0,88.0,127.0,87.0,73.0
171.0,152.0,181.0,152.0,158.0
114.0,127.0,133.0,128.0,93.0
135.0,94.0,125.0,124.0,143.0
144.0,148.0,161.0,157.0,115.0
184.0,186.0,171.0,123.0,194.0
134.0,75.0,96.0,129.0,119.0
185.0,201.0,202.0,300.0,163.0
201.0,198.0,215.0,180.0,196.0
109.0,181.0,127.0,112.0,109.0
114.0,84.0,126.0,187.0,98.0
138.0,164.0,165.0,117.0,166.0
214.0,190.0,214.0,93.0,187.0
163.0,174.0,195.0,115.0,158.0
207.0,205.0,300.0,165.0,215.0
115.0,109.0,160.0,144.0,145.0
157.0,147.0,195.0,146.0,120.0
147.0,178.0,163.0,124.0,147.0
125.0,118.0,121.0,126.0,107.0
180.0,198.0,300.0,182.0,163.0
163.0,185.0,171.0,150.0,199.0
148.0,151.0,140.0,116.0,153.0
139.0,137.0,124.0,121.0,126.0
188.0,183.0,181.0,162.0,185.0
150.0,115.0,166.0,158.0,159.0
196.0,192.0,163.0,139.0,187.0
139.0,133.0,147.0,0.0,156.0
102.0,117.0,144.0,111.0,116.0
149.0,161.0,145.0,159.0,137.0
145.0,157.0,120.0,132.0,149.0
160.0,127.0,150.0,124.0,132.0
112.0,98.0,149.0,125.0,142.0
170.0,174.0,201.0,166.0,199.0
158.0,152.0,111.0,172.0,141.0
136.0,103.0,145.0,142.0,152.0
91.0,81.0,107.0,0.0,78.0
193.0,200.0,215.0,167.0,197.0
142.0,136.0,200.0,151.0,115.0
207.0,176.0,172.0,167.0,181.0
133.0,145.0,190.0,129.0,140.0
134.0,134.0,130.0,123.0,125.0
112.0,88.0,142.0,66.0,123.0
150.0,149.0,129.0,124.0,0.0
93.0,108.0,148.0,122.0,79.0
127.0,108.0,134.0,124.0,161.0
99.0,93.0,111.0,123.0,91.0
145.0,162.0,131.0,128.0,106.0
156.0,154.0,143.0,171.0,97.0
120.0,93.0,136.0,121.0,119.0
129.0,156.0,145.0,120.0,152.0
139.0,142.0,151.0,140.0,166.0
173.0,173.0,141.0,159.0,145.0
163.0,121.0,107.0,112.0,128.0
173.0,141.0,162.0,174.0,152.0
176.0,205.0,122.0,144.0,106.0
164.0,109.0,129.0,152.0,139.0
144.0,152.0,124.0,126.0,123.0
198.0,188.0,229.0,126.0,174.0
173.0,160.0,205.0,151.0,155.0
118.0,111.0,137.0,0.0,79.0
124.0,126.0,159.0,163.0,131.0
148.0,133.0,139.0,119.0,138.0
166.0,157.0,202.0,164.0,147.0
133.0,105.0,131.0,118.0,91.0
190.0,179.0,300.0,176.0,177.0
163.0,118.0,125.0,145.0,169.0
182.0,149.0,153.0,158.0,135.0
162.0,161.0,154.0,113.0,131.0
139.0,78.0,182.0,156.0,171.0
180.0,141.0,116.0,143.0,146.0
138.0,145.0,145.0,106.0,109.0
168.0,160.0,185.0,164.0,181.0
219.0,220.0,300.0,146.0,169.0
182.0,181.0,170.0,117.0,194.0
164.0,160.0,113.0,173.0,105.0
166.0,143.0,147.0,169.0,171.0
125.0,111.0,123.0,150.0,84.0
120.0,131.0,163.0,152.0,139.0
146.0,135.0,130.0,168.0,161.0
123.0,144.0,159.0,128.0,134.0
173.0,142.0,122.0,0.0,138.0
152.0,125.0,136.0,177.0,90.0
158.0,192.0,168.0,158.0,185.0
221.0,207.0,228.0,173.0,198.0
179.0,187.0,179.0,171.0,197.0
153.0,112.0,133.0,130.0,132.0
149.0,131.0,190.0,169.0,107.0
168.0,162.0,186.0,174.0,163.0
134.0,125.0,136.0,115.0,147.0
167.0,196.0,183.0,183.0,132.0
183.0,187.0,202.0,164.0,201.0
103.0,119.0,130.0,110.0,101.0
146.0,148.0,151.0,143.0,170.0
208.0,213.0,208.0,300.0,187.0
195.0,201.0,213.0,149.0,196.0
108.0,105.0,150.0,145.0,118.0
158.0,169.0,198.0,165.0,197.0
148.0,149.0,119.0,117.0,125.0
151.0,133.0,155.0,170.0,122.0
135.0,136.0,157.0,133.0,115.0
83.0,86.0,141.0,122.0,84.0
135.0,92.0,113.0,173.0,119.0
94.0,109.0,119.0,166.0,119.0
183.0,190.0,173.0,126.0,160.0
134.0,140.0,127.0,162.0,123.0
180.0,158.0,145.0,125.0,164.0
178.0,171.0,164.0,130.0,178.0
150.0,136.0,189.0,136.0,90.0
182.0,188.0,158.0,159.0,128.0
158.0,106.0,156.0,120.0,175.0
173.0,200.0,189.0,135.0,157.0
163.0,170.0,194.0,116.0,167.0
191.0,199.0,118.0,142.0,157.0
197.0,96.0,151.0,129.0,175.0
173.0,159.0,191.0,117.0,213.0
156.0,113.0,150.0,127.0,132.0
131.0,148.0,165.0,170.0,95.0
145.0,139.0,92.0,158.0,144.0
168.0,159.0,107.0,148.0,143.0
142.0,135.0,169.0,118.0,142.0
154.0,166.0,195.0,0.0,175.0
194.0,190.0,219.0,128.0,176.0
183.0,191.0,194.0,160.0,199.0
147.0,123.0,150.0,174.0,110.0
215.0,180.0,218.0,175.0,226.0
158.0,156.0,140.0,153.0,128.0
118.0,94.0,126.0,92.0,114.0
183.0,199.0,300.0,128.0,189.0
142.0,153.0,111.0,140.0,142.0
118.0,101.0,83.0,0.0,108.0
109.0,112.0,115.0,116.0,94.0
102.0,91.0,126.0,121.0,99.0
190.0,201.0,211.0,176.0,212.0
149.0,157.0,186.0,189.0,162.0
191.0,199.0,158.0,139.0,205.0
163.0,169.0,155.0,134.0,189.0
140.0,130.0,135.0,122.0,127.0
174.0,165.0,165.0,156.0,155.0
121.0,144.0,146.0,119.0,128.0
152.0,164.0,163.0,115.0,149.0
138.0,174.0,193.0,147.0,181.0
141.0,148.0,176.0,146.0,160.0
133.0,134.0,159.0,122.0,153.0
137.0,119.0,130.0,131.0,125.0
186.0,170.0,153.0,151.0,136.0
93.0,134.0,117.0,163.0,120.0
156.0,151.0,140.0,152.0,151.0
106.0,111.0,128.0,119.0,124.0
152.0,144.0,139.0,177.0,144.0
170.0,111.0,172.0,152.0,110.0
166.0,168.0,207.0,124.0,146.0
135.0,95.0,155.0,113.0,102.0
123.0,132.0,133.0,128.0,101.0
168.0,184.0,168.0,127.0,149.0
123.0,139.0,165.0,165.0,198.0
199.0,185.0,186.0,128.0,145.0
161.0,158.0,141.0,119.0,139.0
154.0,171.0,154.0,155.0,81.0
205.0,168.0,175.0,147.0,164.0
155.0,164.0,126.0,122.0,136.0
149.0,162.0,170.0,168.0,130.0
149.0,91.0,120.0,0.0,123.0
132.0,149.0,125.0,164.0,120.0
185.0,159.0,156.0,128.0,148.0
160.0,183.0,163.0,171.0,118.0
140.0,138.0,144.0,127.0,154.0
157.0,144.0,152.0,159.0,161.0
182.0,138.0,151.0,119.0,157.0
138.0,91.0,116.0,142.0,149.0
157.0,129.0,189.0,125.0,107.0
160.0,152.0,149.0,149.0,165.0
149.0,182.0,191.0,113.0,143.0
190.0,300.0,164.0,187.0,179.0
181.0,145.0,139.0,145.0,151.0
186.0,200.0,195.0,92.0,147.0
123.0,156.0,160.0,172.0,124.0
142.0,156.0,158.0,152.0,186.0
190.0,155.0,188.0,128.0,202.0
151.0,148.0,149.0,135.0,163.0
148.0,151.0,168.0,110.0,173.0
126.0,143.0,144.0,116.0,102.0
125.0,115.0,170.0,153.0,105.0
138.0,111.0,158.0,116.0,152.0
192.0,168.0,180.0,0.0,165.0
89.0,88.0,106.0,0.0,91.0
174.0,175.0,188.0,164.0,177.0
178.0,182.0,183.0,186.0,208.0
128.0,145.0,137.0,120.0,139.0
182.0,152.0,203.0,168.0,136.0
169.0,204.0,176.0,171.0,155.0
113.0,94.0,123.0,87.0,112.0
178.0,172.0,165.0,134.0,185.0
133.0,174.0,109.0,126.0,120.0
172.0,100.0,189.0,125.0,116.0
182.0,144.0,179.0,172.0,155.0
126.0,109.0,134.0,0.0,99.0
159.0,136.0,140.0,128.0,122.0
104.0,91.0,129.0,0.0,121.0
208.0,191.0,208.0,167.0,185.0
125.0,86.0,106.0,147.0,87.0
189.0,195.0,180.0,124.0,130.0
160.0,146.0,133.0,77.0,152.0
142.0,139.0,138.0,150.0,132.0
148.0,137.0,127.0,164.0,114.0
187.0,175.0,180.0,153.0,162.0
202.0,203.0,174.0,119.0,143.0
164.0,146.0,162.0,151.0,144.0
122.0,100.0,128.0,146.0,107.0
151.0,143.0,160.0,179.0,148.0
114.0,106.0,108.0,121.0,100.0
168.0,91.0,148.0,151.0,126.0
170.0,133.0,189.0,164.0,156.0
165.0,148.0,175.0,116.0,116.0
212.0,161.0,179.0,187.0,181.0
160.0,134.0,151.0,113.0,125.0
145.0,123.0,125.0,159.0,126.0
135.0,135.0,129.0,91.0,96.0
135.0,141.0,133.0,144.0,148.0
128.0,103.0,111.0,149.0,119.0
142.0,147.0,157.0,0.0,138.0
164.0,170.0,171.0,134.0,154.0
187.0,152.0,184.0,157.0,144.0
116.0,152.0,190.0,96.0,125.0
171.0,161.0,126.0,154.0,173.0
147.0,142.0,150.0,176.0,162.0
128.0,94.0,118.0,121.0,124.0
136.0,153.0,177.0,118.0,122.0
155.0,195.0,182.0,0.0,142.0
180.0,164.0,190.0,196.0,110.0
99.0,86.0,134.0,118.0,112.0
167.0,121.0,163.0,130.0,163.0
170.0,193.0,147.0,151.0,166.0
130.0,145.0,142.0,132.0,160.0
165.0,135.0,159.0,157.0,112.0
150.0,126.0,216.0,154.0,151.0
161.0,198.0,170.0,142.0,120.0
136.0,123.0,125.0,126.0,154.0
134.0,156.0,138.0,153.0,138.0
148.0,174.0,140.0,171.0,176.0
169.0,181.0,203.0,186.0,175.0
116.0,148.0,142.0,114.0,169.0
184.0,183.0,173.0,183.0,182.0
199.0,182.0,180.0,179.0,211.0
137.0,124.0,163.0,126.0,160.0
144.0,119.0,140.0,119.0,141.0
196.0,201.0,164.0,180.0,185.0
136.0,114.0,150.0,176.0,147.0
128.0,174.0,124.0,124.0,169.0
183.0,184.0,228.0,200.0,216.0
130.0,135.0,118.0,119.0,131.0
127.0,114.0,138.0,137.0,123.0
133.0,145.0,157.0,176.0,132.0
165.0,146.0,166.0,118.0,121.0
196.0,193.0,224.0,149.0,161.0
231.0,216.0,218.0,128.0,183.0
145.0,135.0,135.0,177.0,142.0
139.0,169.0,157.0,175.0,134.0
117.0,120.0,147.0,112.0,151.0
146.0,157.0,138.0,153.0,98.0
105.0,86.0,115.0,79.0,89.0
147.0,145.0,153.0,124.0,154.0
136.0,144.0,153.0,159.0,117.0
154.0,155.0,143.0,135.0,167.0
134.0,113.0,117.0,154.0,126.0
201.0,190.0,300.0,172.0,209.0
138.0,175.0,176.0,120.0,165.0
176.0,202.0,146.0,174.0,142.0
103.0,100.0,185.0,146.0,158.0
122.0,156.0,132.0,173.0,145.0
99.0,113.0,119.0,125.0,124.0
127.0,120.0,82.0,125.0,152.0
124.0,132.0,127.0,104.0,120.0
150.0,169.0,139.0,122.0,141.0
139.0,139.0,181.0,130.0,169.0
169.0,147.0,159.0,141.0,139.0
158.0,103.0,185.0,140.0,106.0
170.0,172.0,179.0,159.0,152.0
178.0,170.0,228.0,156.0,143.0
167.0,167.0,163.0,180.0,160.0
196.0,181.0,149.0,144.0,178.0
120.0,137.0,147.0,139.0,123.0
99.0,110.0,147.0,122.0,109.0
142.0,155.0,159.0,124.0,130.0
192.0,145.0,170.0,120.0,127.0
188.0,181.0,205.0,150.0,131.0
81.0,107.0,109.0,106.0,60.0
161.0,158.0,153.0,126.0,121.0
175.0,150.0,163.0,116.0,171.0
151.0,191.0,195.0,157.0,139.0
191.0,204.0,194.0,116.0,218.0
123.0,101.0,150.0,152.0,120.0
153.0,167.0,137.0,144.0,112.0
153.0,101.0,178.0,143.0,144.0
162.0,188.0,195.0,160.0,159.0
155.0,107.0,172.0,118.0,144.0
94.0,91.0,162.0,141.0,119.0
181.0,202.0,187.0,158.0,166.0
213.0,185.0,201.0,172.0,195.0
113.0,122.0,131.0,153.0,140.0
166.0,173.0,156.0,169.0,173.0
173.0,160.0,149.0,128.0,151.0
171.0,186.0,148.0,177.0,145.0
156.0,135.0,126.0,125.0,119.0
180.0,146.0,169.0,116.0,124.0
197.0,203.0,216.0,165.0,163.0
168.0,151.0,184.0,166.0,84.0
154.0,139.0,153.0,156.0,126.0
154.0,156.0,175.0,0.0,134.0
154.0,116.0,179.0,176.0,122.0
141.0,165.0,149.0,156.0,157.0
176.0,165.0,156.0,0.0,179.0
170.0,106.0,165.0,157.0,187.0
200.0,203.0,229.0,159.0,184.0
183.0,172.0,161.0,123.0,123.0
125.0,143.0,148.0,121.0,131.0
145.0,159.0,173.0,146.0,166.0
132.0,99.0,149.0,144.0,148.0
206.0,208.0,211.0,130.0,197.0
149.0,106.0,77.0,180.0,118.0
173.0,175.0,174.0,157.0,162.0
208.0,206.0,203.0,154.0,182.0
132.0,143.0,145.0,131.0,155.0
159.0,135.0,131.0,160.0,127.0
136.0,137.0,130.0,123.0,186.0
181.0,134.0,183.0,177.0,193.0
144.0,152.0,111.0,91.0,138.0
153.0,166.0,143.0,149.0,164.0
160.0,176.0,134.0,175.0,131.0
227.0,214.0,179.0,130.0,102.0
164.0,187.0,179.0,113.0,144.0
71.0,115.0,122.0,83.0,143.0
159.0,160.0,158.0,168.0,142.0
155.0,195.0,148.0,99.0,149.0
137.0,153.0,119.0,143.0,134.0
134.0,145.0,118.0,146.0,156.0
129.0,131.0,140.0,158.0,131.0
182.0,166.0,213.0,126.0,164.0
195.0,195.0,206.0,130.0,197.0
162.0,138.0,146.0,152.0,173.0
126.0,127.0,150.0,155.0,136.0
183.0,191.0,207.0,174.0,154.0
156.0,122.0,142.0,0.0,148.0
152.0,139.0,174.0,128.0,188.0
168.0,145.0,153.0,119.0,149.0
177.0,179.0,127.0,162.0,162.0
151.0,125.0,134.0,121.0,124.0
146.0,145.0,178.0,174.0,119.0
140.0,148.0,142.0,159.0,113.0
157.0,115.0,147.0,169.0,124.0
144.0,146.0,135.0,126.0,146.0
117.0,140.0,195.0,129.0,134.0
139.0,115.0,193.0,183.0,164.0
191.0,187.0,201.0,145.0,172.0
189.0,193.0,223.0,165.0,203.0
155.0,179.0,158.0,147.0,113.0
115.0,99.0,100.0,151.0,108.0
185.0,177.0,194.0,174.0,198.0
155.0,171.0,186.0,183.0,172.0
206.0,176.0,138.0,123.0,151.0
165.0,146.0,146.0,175.0,148.0
146.0,160.0,137.0,0.0,140.0
206.0,187.0,184.0,120.0,164.0
142.0,128.0,138.0,81.0,114.0
164.0,169.0,127.0,118.0,131.0
176.0,157.0,208.0,152.0,170.0
127.0,130.0,154.0,79.0,118.0
174.0,142.0,206.0,103.0,189.0
206.0,205.0,198.0,300.0,184.0
123.0,152.0,119.0,114.0,122.0
181.0,185.0,166.0,140.0,157.0
179.0,163.0,210.0,159.0,156.0
137.0,154.0,155.0,166.0,161.0
165.0,169.0,132.0,120.0,142.0
145.0,132.0,146.0,170.0,111.0
181.0,161.0,200.0,151.0,111.0
121.0,106.0,106.0,138.0,139.0
184.0,181.0,207.0,174.0,186.0
132.0,84.0,127.0,0.0,111.0
143.0,161.0,111.0,154.0,115.0
145.0,156.0,148.0,104.0,165.0
150.0,101.0,142.0,152.0,131.0
185.0,157.0,185.0,123.0,158.0
117.0,143.0,140.0,150.0,154.0
141.0,95.0,148.0,300.0,132.0
135.0,89.0,163.0,100.0,133.0
175.0,188.0,179.0,119.0,200.0
157.0,175.0,152.0,121.0,148.0
167.0,178.0,157.0,172.0,152.0
112.0,99.0,108.0,142.0,93.0
167.0,168.0,156.0,178.0,172.0
152.0,161.0,153.0,0.0,128.0
172.0,168.0,128.0,139.0,131.0
152.0,159.0,155.0,121.0,92.0
184.0,222.0,157.0,168.0,182.0
121.0,160.0,114.0,173.0,104.0
189.0,173.0,188.0,124.0,161.0
115.0,130.0,158.0,174.0,117.0
148.0,155.0,140.0,119.0,155.0
145.0,89.0,93.0,105.0,137.0
163.0,147.0,146.0,174.0,158.0
185.0,177.0,164.0,166.0,187.0
156.0,131.0,164.0,132.0,119.0
147.0,141.0,137.0,129.0,137.0
130.0,97.0,158.0,167.0,123.0
160.0,161.0,159.0,171.0,123.0
193.0,180.0,169.0,154.0,192.0
174.0,157.0,168.0,151.0,116.0
135.0,160.0,150.0,153.0,163.0
156.0,155.0,156.0,161.0,166.0
133.0,120.0,130.0,139.0,128.0
90.0,85.0,0.0,161.0,149.0
163.0,141.0,142.0,131.0,123.0
142.0,193.0,164.0,175.0,161.0
203.0,180.0,199.0,174.0,187.0
190.0,102.0,181.0,155.0,159.0
212.0,158.0,208.0,163.0,150.0
115.0,122.0,139.0,122.0,118.0
93.0,125.0,120.0,98.0,92.0
111.0,119.0,108.0,168.0,132.0
148.0,96.0,122.0,127.0,123.0
164.0,168.0,176.0,169.0,146.0
154.0,175.0,164.0,155.0,145.0
173.0,186.0,210.0,121.0,224.0
164.0,130.0,183.0,126.0,155.0
224.0,231.0,210.0,300.0,185.0
113.0,120.0,143.0,129.0,109.0
153.0,124.0,145.0,162.0,127.0
132.0,99.0,164.0,171.0,107.0
173.0,200.0,139.0,110.0,177.0
181.0,186.0,146.0,173.0,151.0
158.0,148.0,141.0,116.0,128.0
172.0,207.0,175.0,164.0,205.0
133.0,140.0,183.0,96.0,151.0
131.0,97.0,129.0,121.0,113.0
105.0,126.0,114.0,110.0,109.0
159.0,168.0,143.0,110.0,118.0
145.0,127.0,109.0,160.0,128.0
113.0,128.0,125.0,127.0,125.0
165.0,185.0,158.0,123.0,183.0
98.0,123.0,109.0,117.0,88.0
111.0,67.0,114.0,138.0,161.0
141.0,133.0,129.0,121.0,144.0
138.0,128.0,149.0,67.0,136.0
151.0,117.0,146.0,123.0,118.0
102.0,146.0,127.0,164.0,123.0
143.0,149.0,143.0,154.0,120.0
118.0,90.0,142.0,118.0,120.0
154.0,113.0,179.0,91.0,134.0
135.0,114.0,106.0,117.0,122.0
190.0,163.0,163.0,77.0,155.0
169.0,123.0,118.0,160.0,145.0
185.0,150.0,192.0,134.0,167.0
179.0,161.0,198.0,154.0,179.0
163.0,165.0,146.0,167.0,116.0
189.0,176.0,167.0,131.0,194.0
197.0,193.0,164.0,166.0,151.0
151.0,183.0,154.0,155.0,152.0
134.0,165.0,142.0,132.0,157.0
136.0,144.0,152.0,161.0,123.0
153.0,168.0,156.0,109.0,166.0
172.0,176.0,197.0,150.0,174.0
192.0,183.0,173.0,150.0,154.0
146.0,169.0,118.0,111.0,148.0
110.0,106.0,122.0,113.0,176.0
162.0,179.0,150.0,173.0,156.0
164.0,168.0,174.0,113.0,171.0
180.0,160.0,151.0,157.0,175.0
164.0,115.0,185.0,150.0,158.0
158.0,170.0,163.0,118.0,176.0
156.0,138.0,173.0,126.0,104.0
87.0,73.0,111.0,0.0,87.0
98.0,105.0,104.0,146.0,113.0
133.0,152.0,173.0,175.0,143.0
165.0,125.0,152.0,148.0,147.0
215.0,167.0,176.0,118.0,191.0
163.0,148.0,156.0,117.0,115.0
160.0,158.0,183.0,162.0,152.0
189.0,185.0,204.0,131.0,198.0
149.0,121.0,163.0,143.0,119.0
190.0,155.0,200.0,129.0,154.0
178.0,173.0,221.0,166.0,127.0
124.0,153.0,97.0,117.0,124.0
147.0,149.0,157.0,124.0,124.0
117.0,105.0,109.0,116.0,99.0
142.0,140.0,136.0,161.0,122.0
153.0,140.0,165.0,147.0,133.0
179.0,181.0,184.0,193.0,171.0
195.0,200.0,218.0,162.0,161.0
158.0,154.0,153.0,132.0,140.0
105.0,102.0,121.0,95.0,130.0
119.0,93.0,151.0,148.0,108.0
151.0,109.0,145.0,158.0,145.0
133.0,113.0,154.0,178.0,168.0
129.0,126.0,142.0,151.0,104.0
88.0,117.0,123.0,110.0,133.0
160.0,146.0,156.0,180.0,148.0
98.0,130.0,210.0,0.0,143.0
162.0,175.0,154.0,133.0,117.0
148.0,154.0,160.0,149.0,105.0
156.0,164.0,218.0,130.0,162.0
178.0,171.0,167.0,123.0,204.0
165.0,165.0,154.0,149.0,157.0
161.0,159.0,151.0,164.0,157.0
124.0,110.0,137.0,123.0,115.0
156.0,150.0,199.0,159.0,150.0
111.0,125.0,126.0,0.0,130.0
127.0,111.0,119.0,129.0,119.0
127.0,116.0,146.0,156.0,129.0
112.0,105.0,138.0,156.0,83.0
129.0,136.0,166.0,126.0,121.0
100.0,78.0,83.0,117.0,72.0
175.0,194.0,186.0,141.0,190.0
169.0,180.0,152.0,153.0,136.0
146.0,190.0,139.0,133.0,153.0
137.0,156.0,172.0,118.0,162.0
149.0,141.0,170.0,123.0,150.0
166.0,127.0,191.0,173.0,150.0
162.0,127.0,121.0,182.0,141.0
117.0,158.0,137.0,172.0,130.0
145.0,109.0,136.0,164.0,138.0
138.0,126.0,129.0,114.0,104.0
155.0,175.0,165.0,170.0,163.0
130.0,114.0,112.0,126.0,96.0
157.0,120.0,162.0,131.0,137.0
180.0,178.0,300.0,157.0,175.0
104.0,138.0,111.0,154.0,111.0
196.0,172.0,194.0,113.0,192.0
209.0,216.0,222.0,152.0,192.0
190.0,171.0,192.0,161.0,182.0
177.0,162.0,142.0,126.0,155.0
153.0,115.0,135.0,129.0,108.0
195.0,209.0,175.0,173.0,222.0
171.0,185.0,134.0,124.0,173.0
113.0,77.0,99.0,178.0,117.0
164.0,161.0,195.0,151.0,88.0
179.0,181.0,180.0,167.0,118.0
177.0,163.0,169.0,161.0,179.0
167.0,168.0,173.0,184.0,149.0
186.0,175.0,164.0,176.0,166.0
129.0,137.0,106.0,147.0,119.0
164.0,148.0,169.0,171.0,171.0
219.0,181.0,181.0,148.0,202.0
147.0,144.0,207.0,80.0,159.0
182.0,140.0,135.0,157.0,155.0
174.0,170.0,140.0,155.0,127.0
186.0,157.0,112.0,126.0,147.0
161.0,155.0,123.0,116.0,142.0
194.0,143.0,300.0,152.0,197.0
165.0,176.0,217.0,155.0,193.0
177.0,174.0,219.0,177.0,147.0
152.0,155.0,166.0,128.0,166.0
108.0,118.0,172.0,169.0,145.0
135.0,149.0,131.0,121.0,140.0
186.0,173.0,177.0,184.0,160.0
117.0,150.0,148.0,145.0,127.0
129.0,96.0,141.0,115.0,109.0
181.0,168.0,182.0,108.0,159.0
124.0,159.0,149.0,142.0,147.0
150.0,170.0,144.0,174.0,147.0
155.0,177.0,134.0,132.0,172.0
191.0,199.0,212.0,189.0,171.0
92.0,84.0,105.0,147.0,101.0
135.0,140.0,139.0,118.0,103.0
164.0,174.0,159.0,178.0,159.0
170.0,206.0,155.0,167.0,181.0
217.0,212.0,214.0,139.0,140.0
125.0,145.0,131.0,0.0,111.0
98.0,81.0,111.0,87.0,121.0
154.0,110.0,115.0,170.0,136.0
195.0,172.0,177.0,154.0,195.0
196.0,154.0,206.0,182.0,142.0
193.0,204.0,133.0,122.0,189.0
130.0,105.0,129.0,116.0,142.0
184.0,164.0,193.0,130.0,168.0
154.0,180.0,181.0,111.0,159.0
184.0,195.0,161.0,160.0,145.0
129.0,103.0,129.0,134.0,103.0
177.0,194.0,176.0,155.0,178.0
147.0,141.0,139.0,90.0,152.0
132.0,129.0,113.0,114.0,96.0
112.0,169.0,130.0,0.0,130.0
155.0,222.0,195.0,168.0,156.0
144.0,133.0,123.0,146.0,114.0
173.0,171.0,150.0,125.0,114.0
129.0,129.0,156.0,164.0,123.0
131.0,114.0,124.0,159.0,93.0
176.0,182.0,210.0,194.0,202.0
159.0,201.0,163.0,130.0,182.0
144.0,148.0,137.0,182.0,145.0
146.0,150.0,136.0,117.0,106.0
112.0,123.0,128.0,168.0,107.0
168.0,176.0,171.0,112.0,160.0
127.0,92.0,131.0,117.0,95.0
112.0,107.0,112.0,125.0,88.0
154.0,141.0,110.0,144.0,150.0
106.0,97.0,139.0,142.0,148.0
142.0,123.0,132.0,159.0,114.0
185.0,145.0,160.0,0.0,153.0
153.0,182.0,174.0,149.0,131.0
157.0,166.0,190.0,165.0,167.0
129.0,151.0,149.0,184.0,186.0
132.0,132.0,153.0,123.0,84.0
139.0,136.0,121.0,124.0,151.0
162.0,170.0,145.0,160.0,136.0
115.0,82.0,116.0,0.0,104.0
138.0,129.0,142.0,145.0,100.0
131.0,135.0,113.0,123.0,139.0
194.0,199.0,211.0,170.0,214.0
185.0,180.0,213.0,155.0,128.0
139.0,145.0,135.0,96.0,142.0
160.0,175.0,147.0,161.0,126.0
150.0,131.0,141.0,176.0,85.0
123.0,94.0,195.0,163.0,104.0
114.0,133.0,145.0,123.0,169.0
167.0,183.0,160.0,183.0,198.0
174.0,150.0,138.0,118.0,149.0
110.0,117.0,133.0,124.0,93.0
122.0,165.0,99.0,150.0,164.0
166.0,151.0,159.0,120.0,162.0
132.0,103.0,162.0,126.0,139.0
142.0,121.0,123.0,165.0,112.0
192.0,154.0,168.0,182.0,145.0
138.0,131.0,139.0,118.0,111.0
129.0,132.0,152.0,110.0,136.0
174.0,109.0,122.0,113.0,178.0
195.0,189.0,198.0,152.0,171.0
86.0,132.0,137.0,155.0,117.0
171.0,119.0,166.0,0.0,151.0
162.0,142.0,142.0,162.0,156.0
155.0,160.0,151.0,0.0,150.0
126.0,125.0,137.0,144.0,112.0
166.0,158.0,164.0,0.0,185.0
177.0,152.0,159.0,163.0,146.0
159.0,122.0,126.0,0.0,117.0
183.0,191.0,203.0,174.0,197.0
138.0,157.0,126.0,90.0,145.0
145.0,147.0,158.0,169.0,154.0
155.0,179.0,175.0,170.0,142.0
130.0,110.0,162.0,82.0,104.0
130.0,89.0,170.0,128.0,111.0
97.0,84.0,139.0,0.0,81.0
129.0,169.0,139.0,114.0,126.0
151.0,146.0,95.0,127.0,114.0
194.0,186.0,144.0,171.0,135.0
160.0,147.0,131.0,127.0,176.0
159.0,163.0,149.0,129.0,155.0
167.0,135.0,222.0,111.0,154.0
100.0,105.0,115.0,171.0,116.0
129.0,131.0,169.0,128.0,127.0
162.0,167.0,159.0,109.0,100.0
146.0,92.0,191.0,149.0,127.0
196.0,184.0,200.0,84.0,186.0
153.0,109.0,179.0,120.0,128.0
199.0,175.0,178.0,118.0,154.0
199.0,190.0,178.0,152.0,194.0
121.0,122.0,153.0,113.0,121.0
122.0,126.0,129.0,119.0,108.0
129.0,155.0,214.0,182.0,184.0
157.0,153.0,173.0,129.0,146.0
148.0,118.0,142.0,160.0,145.0
138.0,150.0,167.0,141.0,167.0
170.0,135.0,191.0,127.0,126.0
159.0,183.0,158.0,123.0,159.0
167.0,167.0,133.0,114.0,161.0
120.0,153.0,107.0,111.0,134.0
166.0,143.0,145.0,149.0,198.0
173.0,164.0,167.0,119.0,164.0
139.0,105.0,177.0,118.0,162.0
206.0,207.0,300.0,107.0,203.0
182.0,134.0,191.0,172.0,69.0
127.0,99.0,113.0,149.0,106.0
145.0,163.0,153.0,117.0,163.0
153.0,147.0,191.0,163.0,150.0
175.0,135.0,165.0,123.0,146.0
161.0,184.0,171.0,0.0,140.0
106.0,99.0,172.0,94.0,160.0
204.0,162.0,162.0,160.0,184.0
96.0,89.0,137.0,160.0,77.0
86.0,87.0,128.0,118.0,135.0
176.0,157.0,161.0,167.0,143.0
106.0,120.0,128.0,160.0,104.0
171.0,139.0,166.0,105.0,150.0
187.0,181.0,186.0,148.0,176.0
172.0,168.0,184.0,149.0,149.0
122.0,88.0,123.0,115.0,95.0
129.0,118.0,155.0,155.0,114.0
152.0,144.0,146.0,168.0,125.0
161.0,150.0,156.0,157.0,177.0
156.0,177.0,145.0,124.0,112.0
157.0,98.0,126.0,173.0,101.0
154.0,147.0,170.0,128.0,158.0
133.0,156.0,173.0,149.0,112.0
134.0,153.0,160.0,133.0,122.0
126.0,104.0,135.0,119.0,137.0
142.0,117.0,116.0,171.0,117.0
190.0,213.0,192.0,167.0,159.0
179.0,155.0,190.0,177.0,161.0
123.0,117.0,142.0,124.0,124.0
126.0,124.0,122.0,124.0,148.0
165.0,126.0,193.0,129.0,121.0
156.0,128.0,172.0,103.0,124.0
164.0,94.0,94.0,176.0,133.0
190.0,198.0,198.0,123.0,187.0
129.0,141.0,146.0,121.0,105.0
88.0,96.0,113.0,132.0,123.0
133.0,121.0,126.0,128.0,135.0
109.0,116.0,116.0,118.0,112.0
187.0,187.0,195.0,153.0,150.0
189.0,150.0,137.0,180.0,155.0
181.0,181.0,186.0,156.0,167.0
146.0,188.0,144.0,124.0,167.0
170.0,168.0,166.0,150.0,120.0
205.0,174.0,214.0,155.0,180.0
174.0,137.0,164.0,177.0,118.0
157.0,145.0,103.0,157.0,110.0
149.0,103.0,146.0,116.0,134.0
181.0,141.0,135.0,179.0,178.0
193.0,150.0,205.0,180.0,138.0
153.0,141.0,149.0,119.0,140.0
98.0,133.0,150.0,119.0,142.0
119.0,130.0,154.0,145.0,117.0
192.0,187.0,204.0,153.0,187.0
163.0,168.0,192.0,157.0,104.0
135.0,128.0,109.0,0.0,120.0
170.0,176.0,163.0,128.0,143.0
125.0,135.0,141.0,152.0,131.0
158.0,102.0,137.0,117.0,178.0
130.0,115.0,159.0,126.0,106.0
190.0,188.0,300.0,168.0,186.0
138.0,154.0,111.0,120.0,123.0
119.0,131.0,118.0,121.0,132.0
95.0,90.0,116.0,126.0,132.0
197.0,153.0,176.0,154.0,140.0
163.0,167.0,206.0,174.0,140.0
112.0,117.0,153.0,162.0,71.0
172.0,169.0,180.0,180.0,126.0
125.0,0.0,0.0,165.0,128.0
164.0,154.0,189.0,179.0,156.0
93.0,114.0,138.0,120.0,83.0
183.0,177.0,147.0,117.0,130.0
153.0,144.0,143.0,124.0,134.0
186.0,185.0,175.0,166.0,163.0
155.0,100.0,133.0,0.0,121.0
132.0,95.0,151.0,108.0,163.0
173.0,164.0,117.0,175.0,135.0
105.0,117.0,155.0,110.0,113.0
147.0,125.0,147.0,145.0,113.0
120.0,115.0,143.0,176.0,109.0
134.0,141.0,128.0,118.0,142.0
198.0,130.0,173.0,164.0,189.0
193.0,172.0,180.0,120.0,149.0
162.0,156.0,165.0,0.0,205.0
156.0,110.0,116.0,104.0,90.0
118.0,91.0,101.0,178.0,135.0
124.0,107.0,98.0,145.0,87.0
123.0,141.0,160.0,152.0,137.0
211.0,187.0,223.0,175.0,217.0
165.0,149.0,189.0,153.0,171.0
171.0,157.0,153.0,116.0,147.0
140.0,128.0,149.0,125.0,122.0
112.0,91.0,145.0,174.0,97.0
122.0,105.0,132.0,162.0,82.0
134.0,144.0,94.0,135.0,88.0
132.0,143.0,153.0,124.0,108.0
159.0,167.0,197.0,141.0,177.0
153.0,149.0,152.0,169.0,173.0
147.0,167.0,161.0,152.0,152.0
170.0,162.0,141.0,121.0,162.0
187.0,197.0,166.0,167.0,178.0
187.0,194.0,181.0,170.0,148.0
109.0,94.0,144.0,131.0,124.0
198.0,180.0,169.0,93.0,171.0
94.0,105.0,114.0,115.0,117.0
126.0,114.0,156.0,152.0,108.0
172.0,189.0,184.0,169.0,183.0
172.0,143.0,137.0,175.0,158.0
182.0,143.0,185.0,131.0,180.0
95.0,100.0,114.0,172.0,105.0
115.0,149.0,165.0,149.0,153.0
165.0,200.0,153.0,113.0,156.0
171.0,151.0,194.0,130.0,161.0
220.0,198.0,209.0,169.0,213.0
166.0,169.0,136.0,110.0,131.0
128.0,127.0,146.0,174.0,106.0
149.0,133.0,132.0,145.0,136.0
141.0,163.0,132.0,157.0,111.0
157.0,132.0,180.0,143.0,110.0
186.0,172.0,123.0,173.0,188.0
142.0,127.0,142.0,124.0,132.0
142.0,133.0,156.0,180.0,137.0
104.0,111.0,138.0,152.0,123.0
79.0,70.0,93.0,120.0,86.0
111.0,93.0,162.0,96.0,144.0
182.0,134.0,195.0,169.0,140.0
125.0,118.0,122.0,147.0,111.0
92.0,102.0,152.0,128.0,131.0
145.0,172.0,154.0,166.0,184.0
168.0,148.0,118.0,0.0,175.0
107.0,135.0,150.0,118.0,146.0
135.0,106.0,149.0,78.0,110.0
178.0,171.0,195.0,121.0,176.0
175.0,189.0,154.0,139.0,160.0
178.0,73.0,176.0,127.0,160.0
168.0,143.0,137.0,126.0,154.0
138.0,132.0,128.0,176.0,91.0
164.0,152.0,140.0,136.0,127.0
156.0,132.0,103.0,121.0,120.0
226.0,194.0,165.0,172.0,131.0
140.0,107.0,160.0,0.0,126.0
173.0,96.0,145.0,126.0,169.0
120.0,119.0,114.0,124.0,131.0
171.0,171.0,185.0,149.0,146.0
125.0,153.0,141.0,116.0,118.0
114.0,105.0,124.0,180.0,172.0
147.0,152.0,121.0,132.0,144.0
171.0,143.0,156.0,152.0,137.0
187.0,159.0,163.0,148.0,153.0
181.0,161.0,198.0,147.0,181.0
179.0,186.0,198.0,146.0,202.0
152.0,143.0,128.0,154.0,136.0
110.0,99.0,144.0,108.0,124.0
154.0,147.0,148.0,173.0,154.0
139.0,136.0,164.0,120.0,104.0
162.0,178.0,152.0,130.0,176.0
175.0,163.0,204.0,193.0,148.0
105.0,147.0,137.0,123.0,90.0
83.0,93.0,181.0,0.0,90.0
167.0,154.0,187.0,131.0,186.0
136.0,129.0,129.0,163.0,151.0
106.0,110.0,105.0,0.0,109.0
130.0,91.0,158.0,119.0,127.0
151.0,151.0,189.0,189.0,136.0
153.0,156.0,148.0,160.0,119.0
146.0,140.0,179.0,126.0,149.0
146.0,90.0,170.0,114.0,175.0
203.0,188.0,222.0,180.0,180.0
128.0,120.0,169.0,125.0,134.0
191.0,172.0,153.0,127.0,154.0
161.0,184.0,169.0,168.0,178.0
138.0,160.0,138.0,157.0,155.0
190.0,134.0,163.0,124.0,189.0
126.0,114.0,96.0,87.0,121.0
102.0,96.0,111.0,169.0,127.0
119.0,147.0,145.0,117.0,167.0
180.0,165.0,134.0,171.0,131.0
131.0,128.0,132.0,0.0,121.0
163.0,136.0,160.0,132.0,177.0
119.0,143.0,137.0,0.0,157.0
184.0,198.0,172.0,160.0,121.0
139.0,140.0,120.0,161.0,112.0
111.0,79.0,123.0,0.0,94.0
206.0,194.0,177.0,108.0,187.0
115.0,111.0,118.0,112.0,132.0
80.0,101.0,143.0,142.0,117.0
157.0,102.0,150.0,145.0,128.0
136.0,148.0,134.0,124.0,132.0
212.0,206.0,179.0,176.0,186.0
157.0,143.0,141.0,153.0,183.0
190.0,174.0,179.0,125.0,167.0
181.0,175.0,177.0,163.0,192.0
152.0,108.0,149.0,143.0,155.0
134.0,107.0,120.0,208.0,175.0
182.0,152.0,177.0,109.0,188.0
201.0,172.0,184.0,160.0,190.0
127.0,144.0,151.0,190.0,155.0
162.0,144.0,131.0,148.0,171.0
139.0,99.0,149.0,168.0,136.0
148.0,110.0,175.0,116.0,99.0
132.0,123.0,153.0,176.0,167.0
126.0,110.0,123.0,124.0,111.0
173.0,185.0,143.0,170.0,162.0
143.0,114.0,145.0,148.0,135.0
160.0,161.0,154.0,177.0,139.0
149.0,150.0,141.0,123.0,134.0
121.0,97.0,137.0,117.0,96.0
214.0,201.0,176.0,151.0,167.0
191.0,191.0,113.0,204.0,177.0
161.0,170.0,132.0,139.0,143.0
177.0,170.0,158.0,115.0,201.0
94.0,112.0,112.0,93.0,122.0
220.0,193.0,178.0,164.0,167.0
170.0,128.0,183.0,153.0,110.0
193.0,156.0,99.0,129.0,117.0
158.0,163.0,224.0,147.0,156.0
164.0,191.0,179.0,142.0,197.0
167.0,183.0,156.0,144.0,170.0
137.0,140.0,122.0,145.0,106.0
182.0,151.0,172.0,133.0,189.0
176.0,212.0,149.0,123.0,191.0
149.0,117.0,141.0,171.0,136.0
164.0,187.0,176.0,171.0,207.0
137.0,125.0,125.0,125.0,107.0
105.0,113.0,110.0,138.0,98.0
161.0,179.0,149.0,135.0,98.0
128.0,77.0,133.0,126.0,143.0
112.0,102.0,92.0,119.0,91.0
152.0,147.0,116.0,153.0,115.0
185.0,185.0,185.0,181.0,204.0
144.0,173.0,137.0,117.0,156.0
187.0,186.0,182.0,111.0,176.0
189.0,171.0,170.0,158.0,170.0
154.0,131.0,136.0,102.0,124.0
77.0,120.0,111.0,163.0,91.0
113.0,124.0,134.0,93.0,129.0
188.0,168.0,139.0,151.0,132.0
124.0,123.0,115.0,149.0,112.0
168.0,166.0,157.0,147.0,109.0
139.0,148.0,142.0,159.0,151.0
207.0,205.0,203.0,300.0,204.0
214.0,195.0,126.0,164.0,187.0
170.0,143.0,172.0,172.0,94.0
189.0,190.0,187.0,168.0,166.0
173.0,172.0,148.0,171.0,142.0
149.0,127.0,107.0,92.0,140.0
122.0,140.0,147.0,101.0,153.0
165.0,122.0,152.0,145.0,155.0
112.0,124.0,129.0,0.0,146.0
167.0,169.0,154.0,152.0,121.0
123.0,117.0,159.0,110.0,108.0
143.0,162.0,159.0,0.0,145.0
126.0,119.0,132.0,99.0,106.0
159.0,155.0,200.0,170.0,143.0
157.0,99.0,106.0,173.0,144.0
174.0,160.0,154.0,140.0,175.0
185.0,185.0,300.0,158.0,168.0
163.0,149.0,199.0,167.0,180.0
182.0,173.0,203.0,147.0,180.0
111.0,130.0,128.0,173.0,98.0
151.0,142.0,114.0,142.0,186.0
150.0,172.0,139.0,85.0,147.0
157.0,161.0,144.0,130.0,157.0
85.0,92.0,223.0,152.0,219.0
150.0,148.0,130.0,150.0,133.0
108.0,119.0,124.0,148.0,147.0
106.0,123.0,124.0,119.0,142.0
166.0,150.0,147.0,166.0,130.0
120.0,116.0,149.0,137.0,129.0
140.0,147.0,167.0,148.0,138.0
184.0,204.0,219.0,133.0,156.0
120.0,103.0,106.0,120.0,99.0
120.0,138.0,155.0,161.0,118.0
156.0,140.0,179.0,98.0,171.0
133.0,129.0,126.0,0.0,73.0
139.0,162.0,135.0,122.0,106.0
198.0,203.0,190.0,151.0,196.0
186.0,100.0,218.0,157.0,130.0
81.0,98.0,102.0,0.0,100.0
155.0,150.0,143.0,155.0,120.0
171.0,164.0,199.0,167.0,165.0
125.0,129.0,160.0,0.0,128.0
186.0,187.0,195.0,175.0,199.0
114.0,105.0,155.0,177.0,100.0
182.0,164.0,165.0,145.0,123.0
300.0,204.0,214.0,196.0,226.0
186.0,171.0,173.0,163.0,173.0
160.0,147.0,169.0,116.0,149.0
180.0,156.0,163.0,153.0,186.0
196.0,206.0,193.0,151.0,147.0
157.0,117.0,83.0,146.0,173.0
161.0,170.0,193.0,0.0,157.0
107.0,89.0,158.0,177.0,181.0
108.0,106.0,140.0,116.0,71.0
155.0,174.0,127.0,0.0,164.0
149.0,129.0,153.0,146.0,118.0
154.0,110.0,134.0,162.0,137.0
155.0,146.0,148.0,187.0,115.0
219.0,193.0,195.0,162.0,220.0
142.0,105.0,145.0,121.0,158.0
202.0,192.0,186.0,174.0,226.0
162.0,172.0,146.0,151.0,177.0
98.0,118.0,119.0,76.0,164.0
99.0,88.0,116.0,82.0,84.0
173.0,177.0,184.0,127.0,124.0
110.0,114.0,138.0,146.0,160.0
177.0,139.0,152.0,164.0,128.0
102.0,134.0,115.0,133.0,113.0
103.0,107.0,110.0,0.0,114.0
213.0,151.0,194.0,172.0,159.0
129.0,124.0,126.0,145.0,139.0
188.0,200.0,159.0,167.0,190.0
155.0,154.0,191.0,146.0,163.0
138.0,141.0,164.0,167.0,148.0
175.0,153.0,136.0,153.0,112.0
162.0,138.0,157.0,136.0,102.0
131.0,173.0,149.0,88.0,118.0
155.0,127.0,181.0,171.0,187.0
190.0,204.0,187.0,115.0,209.0
163.0,145.0,151.0,124.0,159.0
119.0,140.0,131.0,125.0,133.0
192.0,174.0,210.0,172.0,173.0
103.0,75.0,119.0,133.0,104.0
149.0,179.0,156.0,129.0,164.0
142.0,107.0,171.0,132.0,133.0
141.0,151.0,142.0,157.0,135.0
152.0,112.0,169.0,151.0,188.0
111.0,109.0,143.0,130.0,146.0
144.0,159.0,169.0,178.0,137.0
143.0,144.0,153.0,131.0,146.0
130.0,131.0,152.0,154.0,113.0
133.0,151.0,154.0,188.0,137.0
174.0,142.0,152.0,179.0,145.0
198.0,156.0,198.0,123.0,198.0
151.0,158.0,165.0,144.0,140.0
140.0,137.0,160.0,124.0,116.0
146.0,119.0,103.0,178.0,175.0
136.0,86.0,168.0,157.0,124.0
199.0,206.0,205.0,300.0,213.0
154.0,168.0,150.0,123.0,184.0
158.0,120.0,125.0,139.0,131.0
220.0,204.0,200.0,169.0,212.0
148.0,127.0,131.0,164.0,120.0
210.0,300.0,300.0,180.0,186.0
135.0,147.0,147.0,154.0,136.0
120.0,90.0,118.0,130.0,129.0
220.0,195.0,188.0,175.0,196.0
146.0,108.0,110.0,114.0,143.0
207.0,179.0,203.0,153.0,193.0
183.0,166.0,197.0,123.0,161.0
135.0,132.0,135.0,146.0,115.0
107.0,102.0,132.0,144.0,138.0
126.0,143.0,138.0,143.0,91.0
201.0,212.0,300.0,178.0,218.0
133.0,127.0,108.0,130.0,136.0
143.0,133.0,115.0,159.0,120.0
183.0,193.0,142.0,124.0,189.0
175.0,154.0,123.0,121.0,138.0
161.0,159.0,137.0,122.0,125.0
223.0,216.0,230.0,174.0,213.0
130.0,156.0,137.0,172.0,164.0
211.0,217.0,300.0,147.0,180.0
179.0,176.0,152.0,119.0,195.0
188.0,193.0,184.0,142.0,144.0
178.0,107.0,156.0,110.0,152.0
100.0,138.0,177.0,0.0,135.0
160.0,175.0,179.0,145.0,163.0
129.0,111.0,134.0,73.0,130.0
139.0,117.0,153.0,159.0,147.0
153.0,142.0,141.0,186.0,135.0
200.0,157.0,165.0,169.0,158.0
144.0,151.0,134.0,112.0,129.0
144.0,127.0,172.0,153.0,126.0
179.0,141.0,165.0,122.0,108.0
151.0,177.0,204.0,178.0,122.0
160.0,113.0,143.0,152.0,132.0
159.0,132.0,142.0,130.0,108.0
117.0,100.0,94.0,142.0,148.0
152.0,153.0,145.0,164.0,166.0
148.0,138.0,148.0,149.0,100.0
115.0,114.0,100.0,198.0,131.0
212.0,232.0,191.0,160.0,192.0
167.0,163.0,159.0,126.0,158.0
153.0,88.0,120.0,92.0,71.0
147.0,106.0,153.0,176.0,132.0
145.0,136.0,130.0,0.0,135.0
131.0,99.0,111.0,165.0,153.0
133.0,129.0,132.0,0.0,102.0
153.0,168.0,159.0,129.0,149.0
186.0,207.0,197.0,127.0,175.0
131.0,167.0,124.0,117.0,120.0
199.0,216.0,201.0,125.0,203.0
193.0,182.0,166.0,170.0,175.0
128.0,126.0,165.0,83.0,139.0
178.0,195.0,162.0,154.0,153.0
173.0,165.0,133.0,136.0,114.0
176.0,206.0,208.0,208.0,190.0
193.0,192.0,160.0,180.0,191.0
206.0,167.0,207.0,158.0,154.0
141.0,121.0,134.0,122.0,107.0
176.0,171.0,158.0,122.0,201.0
140.0,104.0,102.0,0.0,130.0
155.0,139.0,147.0,175.0,128.0
134.0,169.0,167.0,174.0,204.0
146.0,142.0,159.0,142.0,113.0
133.0,168.0,127.0,161.0,141.0
168.0,171.0,156.0,0.0,172.0
123.0,109.0,143.0,147.0,110.0
189.0,150.0,161.0,177.0,168.0
164.0,146.0,142.0,123.0,152.0
201.0,214.0,183.0,123.0,193.0
171.0,82.0,192.0,124.0,95.0
179.0,209.0,186.0,163.0,131.0
108.0,96.0,152.0,149.0,112.0
114.0,127.0,124.0,174.0,129.0
198.0,215.0,184.0,130.0,156.0
131.0,114.0,127.0,128.0,127.0
169.0,129.0,156.0,0.0,150.0
158.0,170.0,174.0,192.0,175.0
143.0,164.0,154.0,118.0,152.0
135.0,143.0,105.0,113.0,150.0
123.0,99.0,131.0,118.0,114.0
197.0,198.0,212.0,181.0,180.0
173.0,183.0,163.0,131.0,155.0
159.0,164.0,160.0,147.0,142.0
138.0,123.0,108.0,129.0,126.0
155.0,172.0,124.0,125.0,133.0
108.0,114.0,119.0,161.0,138.0
110.0,105.0,128.0,121.0,105.0
166.0,179.0,214.0,163.0,200.0
143.0,156.0,144.0,123.0,166.0
141.0,161.0,149.0,174.0,107.0
170.0,173.0,154.0,126.0,165.0
130.0,152.0,166.0,149.0,144.0
190.0,231.0,201.0,174.0,215.0
150.0,154.0,160.0,127.0,141.0
143.0,124.0,136.0,154.0,123.0
229.0,173.0,174.0,300.0,129.0
154.0,185.0,154.0,152.0,183.0
147.0,170.0,148.0,75.0,112.0
131.0,133.0,139.0,117.0,154.0
111.0,164.0,154.0,146.0,176.0
156.0,170.0,106.0,118.0,106.0
180.0,184.0,170.0,129.0,151.0
146.0,155.0,143.0,116.0,156.0
140.0,114.0,117.0,90.0,109.0
145.0,162.0,177.0,120.0,165.0
125.0,111.0,102.0,160.0,115.0
128.0,108.0,134.0,161.0,85.0
133.0,120.0,154.0,143.0,144.0
154.0,168.0,167.0,189.0,142.0
122.0,128.0,116.0,126.0,171.0
164.0,158.0,167.0,121.0,146.0
151.0,174.0,162.0,127.0,148.0
155.0,97.0,175.0,149.0,189.0
190.0,184.0,175.0,114.0,175.0
113.0,124.0,104.0,142.0,106.0
127.0,118.0,160.0,125.0,136.0
217.0,216.0,300.0,155.0,200.0
144.0,128.0,144.0,0.0,124.0
171.0,174.0,162.0,147.0,188.0
137.0,147.0,160.0,0.0,153.0
142.0,119.0,159.0,114.0,96.0
174.0,127.0,156.0,155.0,105.0
167.0,168.0,147.0,124.0,122.0
171.0,177.0,153.0,128.0,164.0
198.0,174.0,205.0,163.0,161.0
175.0,163.0,203.0,117.0,189.0
131.0,151.0,117.0,148.0,126.0
130.0,164.0,153.0,146.0,172.0
147.0,138.0,132.0,124.0,147.0
124.0,124.0,133.0,94.0,119.0
127.0,103.0,111.0,73.0,138.0
199.0,179.0,217.0,128.0,175.0
148.0,145.0,132.0,156.0,133.0
170.0,104.0,164.0,152.0,192.0
123.0,136.0,134.0,119.0,127.0
211.0,206.0,211.0,151.0,163.0
113.0,113.0,103.0,0.0,89.0
149.0,191.0,145.0,115.0,128.0
158.0,164.0,128.0,0.0,125.0
155.0,199.0,189.0,161.0,123.0
169.0,151.0,150.0,166.0,116.0
148.0,141.0,134.0,123.0,129.0
148.0,132.0,163.0,125.0,131.0
128.0,107.0,151.0,165.0,198.0
145.0,124.0,135.0,175.0,106.0
207.0,154.0,211.0,194.0,160.0
163.0,161.0,189.0,148.0,174.0
173.0,147.0,144.0,122.0,115.0
107.0,91.0,209.0,166.0,81.0
133.0,141.0,164.0,122.0,129.0
150.0,172.0,129.0,153.0,142.0
122.0,170.0,158.0,114.0,139.0
149.0,130.0,170.0,154.0,143.0
141.0,196.0,150.0,88.0,142.0
150.0,121.0,136.0,135.0,140.0
194.0,203.0,220.0,151.0,166.0
100.0,134.0,156.0,126.0,131.0
157.0,154.0,154.0,167.0,173.0
117.0,106.0,129.0,127.0,108.0
74.0,126.0,142.0,128.0,180.0
136.0,148.0,157.0,173.0,139.0
183.0,176.0,173.0,114.0,155.0
151.0,151.0,174.0,119.0,151.0
120.0,126.0,146.0,127.0,92.0
128.0,107.0,145.0,171.0,116.0
183.0,140.0,179.0,165.0,135.0
157.0,182.0,161.0,134.0,191.0
187.0,141.0,201.0,146.0,180.0
172.0,158.0,157.0,0.0,164.0
166.0,177.0,167.0,142.0,189.0
126.0,140.0,156.0,123.0,104.0
171.0,124.0,176.0,176.0,199.0
149.0,119.0,112.0,117.0,98.0
145.0,109.0,114.0,123.0,117.0
183.0,177.0,204.0,0.0,200.0
167.0,193.0,148.0,156.0,188.0
176.0,179.0,162.0,95.0,161.0
108.0,117.0,131.0,143.0,107.0
154.0,122.0,210.0,173.0,181.0
197.0,179.0,146.0,122.0,174.0
108.0,89.0,138.0,108.0,129.0
131.0,157.0,160.0,120.0,120.0
144.0,108.0,152.0,158.0,151.0
176.0,191.0,192.0,180.0,150.0
152.0,171.0,192.0,160.0,174.0
125.0,66.0,190.0,137.0,82.0
189.0,170.0,136.0,156.0,148.0
70.0,104.0,137.0,153.0,87.0
140.0,120.0,149.0,0.0,107.0
152.0,135.0,143.0,125.0,163.0
124.0,101.0,120.0,117.0,110.0
143.0,103.0,114.0,122.0,82.0
148.0,156.0,144.0,118.0,149.0
199.0,223.0,300.0,176.0,190.0
148.0,154.0,171.0,160.0,134.0
173.0,144.0,155.0,149.0,126.0
167.0,160.0,165.0,134.0,133.0
165.0,107.0,147.0,77.0,146.0
127.0,117.0,135.0,114.0,126.0
172.0,162.0,188.0,125.0,139.0
138.0,118.0,119.0,147.0,120.0
112.0,129.0,105.0,90.0,98.0
102.0,117.0,120.0,300.0,105.0
116.0,95.0,123.0,0.0,119.0
172.0,200.0,187.0,144.0,227.0
163.0,196.0,151.0,85.0,157.0
135.0,157.0,161.0,176.0,141.0
83.0,139.0,136.0,118.0,170.0
152.0,149.0,175.0,171.0,121.0
155.0,131.0,162.0,129.0,163.0
172.0,171.0,138.0,123.0,178.0
86.0,104.0,101.0,114.0,136.0
196.0,196.0,164.0,0.0,216.0
138.0,116.0,141.0,110.0,129.0
157.0,111.0,94.0,114.0,174.0
145.0,174.0,166.0,172.0,149.0
116.0,127.0,118.0,0.0,102.0
123.0,127.0,131.0,115.0,121.0
173.0,146.0,160.0,184.0,157.0
205.0,136.0,206.0,161.0,204.0
122.0,124.0,139.0,111.0,128.0
111.0,142.0,142.0,164.0,139.0
139.0,75.0,141.0,127.0,136.0
87.0,102.0,166.0,114.0,153.0
157.0,174.0,176.0,122.0,111.0
145.0,123.0,136.0,82.0,135.0
138.0,114.0,142.0,121.0,99.0
201.0,170.0,149.0,167.0,148.0
167.0,149.0,172.0,154.0,111.0
154.0,163.0,140.0,113.0,158.0
194.0,163.0,193.0,173.0,187.0
148.0,115.0,124.0,101.0,104.0
162.0,152.0,157.0,128.0,150.0
212.0,173.0,224.0,177.0,218.0
171.0,158.0,171.0,128.0,176.0
140.0,87.0,130.0,149.0,163.0
173.0,177.0,128.0,77.0,149.0
164.0,148.0,110.0,149.0,177.0
99.0,138.0,207.0,168.0,75.0
168.0,163.0,164.0,138.0,145.0
148.0,120.0,154.0,153.0,126.0
164.0,182.0,148.0,150.0,173.0
200.0,184.0,206.0,118.0,205.0
134.0,131.0,153.0,148.0,147.0
148.0,171.0,157.0,142.0,105.0
126.0,136.0,157.0,147.0,164.0
125.0,142.0,126.0,113.0,113.0
97.0,103.0,136.0,125.0,138.0
199.0,172.0,199.0,124.0,169.0
183.0,137.0,209.0,163.0,190.0
139.0,129.0,122.0,171.0,132.0
165.0,189.0,170.0,158.0,190.0
118.0,119.0,148.0,131.0,148.0
162.0,169.0,115.0,118.0,95.0
132.0,145.0,141.0,0.0,116.0
187.0,156.0,154.0,132.0,134.0
161.0,182.0,171.0,122.0,110.0
152.0,123.0,176.0,120.0,150.0
188.0,177.0,135.0,0.0,109.0
128.0,119.0,119.0,138.0,105.0
116.0,129.0,145.0,149.0,105.0
123.0,116.0,123.0,147.0,118.0
181.0,169.0,151.0,300.0,187.0
124.0,118.0,138.0,128.0,149.0
137.0,186.0,144.0,0.0,176.0
120.0,120.0,108.0,119.0,94.0
134.0,138.0,164.0,159.0,150.0
139.0,132.0,149.0,152.0,138.0
143.0,151.0,130.0,165.0,124.0
185.0,145.0,202.0,166.0,154.0
113.0,105.0,117.0,0.0,124.0
106.0,149.0,132.0,173.0,120.0
156.0,150.0,165.0,170.0,139.0
193.0,179.0,194.0,161.0,169.0
221.0,154.0,200.0,169.0,164.0
127.0,115.0,148.0,120.0,102.0
155.0,195.0,221.0,198.0,207.0
130.0,88.0,107.0,0.0,88.0
166.0,162.0,103.0,146.0,161.0
121.0,122.0,128.0,119.0,151.0
135.0,104.0,151.0,117.0,139.0
181.0,181.0,176.0,170.0,202.0
109.0,113.0,150.0,151.0,105.0
169.0,168.0,164.0,168.0,135.0
93.0,77.0,189.0,124.0,133.0
93.0,117.0,115.0,177.0,129.0
90.0,94.0,167.0,131.0,123.0
150.0,154.0,156.0,155.0,125.0
163.0,143.0,113.0,160.0,127.0
108.0,91.0,152.0,159.0,132.0
160.0,181.0,154.0,171.0,187.0
160.0,125.0,178.0,142.0,172.0
128.0,117.0,115.0,0.0,111.0
101.0,161.0,176.0,137.0,164.0
194.0,211.0,205.0,164.0,179.0
139.0,157.0,155.0,119.0,182.0
200.0,176.0,186.0,169.0,197.0
162.0,158.0,162.0,182.0,128.0
141.0,137.0,99.0,120.0,128.0
136.0,127.0,124.0,148.0,140.0
141.0,115.0,138.0,0.0,89.0
132.0,143.0,136.0,120.0,136.0
112.0,70.0,128.0,131.0,106.0
181.0,169.0,183.0,153.0,140.0
158.0,119.0,139.0,149.0,144.0
215.0,200.0,300.0,163.0,224.0
149.0,158.0,169.0,115.0,155.0
176.0,182.0,205.0,170.0,150.0
151.0,140.0,164.0,122.0,112.0
175.0,191.0,209.0,149.0,180.0
139.0,115.0,136.0,129.0,144.0
132.0,164.0,204.0,127.0,153.0
148.0,150.0,139.0,119.0,132.0
203.0,187.0,300.0,177.0,206.0
169.0,168.0,180.0,152.0,147.0
193.0,186.0,182.0,165.0,210.0
161.0,157.0,144.0,131.0,148.0
131.0,154.0,132.0,0.0,69.0
176.0,170.0,154.0,185.0,161.0
114.0,101.0,118.0,119.0,119.0
130.0,157.0,175.0,137.0,142.0
156.0,168.0,153.0,153.0,156.0
184.0,158.0,152.0,170.0,182.0
196.0,178.0,151.0,160.0,180.0
156.0,137.0,119.0,118.0,130.0
179.0,186.0,175.0,174.0,152.0
105.0,91.0,101.0,142.0,141.0
155.0,141.0,177.0,119.0,160.0
123.0,142.0,116.0,139.0,115.0
169.0,129.0,147.0,166.0,136.0
182.0,212.0,185.0,0.0,201.0
167.0,150.0,140.0,137.0,160.0
79.0,94.0,133.0,152.0,137.0
139.0,120.0,158.0,125.0,135.0
126.0,122.0,151.0,129.0,153.0
146.0,170.0,141.0,121.0,128.0
182.0,165.0,189.0,149.0,177.0
129.0,122.0,122.0,0.0,100.0
172.0,158.0,137.0,126.0,178.0
153.0,131.0,157.0,107.0,124.0
161.0,152.0,153.0,0.0,157.0
172.0,171.0,189.0,161.0,193.0
112.0,115.0,138.0,0.0,110.0
148.0,131.0,140.0,173.0,126.0
164.0,186.0,178.0,137.0,137.0
109.0,139.0,118.0,119.0,122.0
160.0,162.0,166.0,174.0,155.0
148.0,122.0,165.0,177.0,160.0
191.0,138.0,140.0,109.0,156.0
203.0,122.0,228.0,157.0,184.0
178.0,163.0,136.0,123.0,163.0
148.0,149.0,116.0,153.0,91.0
165.0,104.0,150.0,121.0,131.0
126.0,104.0,134.0,163.0,105.0
136.0,125.0,108.0,141.0,93.0
139.0,167.0,152.0,112.0,154.0
151.0,155.0,122.0,80.0,151.0
173.0,217.0,172.0,124.0,180.0
189.0,160.0,124.0,145.0,160.0
143.0,87.0,111.0,126.0,142.0
121.0,135.0,142.0,112.0,142.0
147.0,150.0,114.0,0.0,146.0
169.0,112.0,192.0,149.0,121.0
173.0,182.0,156.0,127.0,128.0
155.0,164.0,152.0,120.0,152.0
158.0,160.0,168.0,158.0,182.0
105.0,95.0,111.0,119.0,119.0
86.0,104.0,115.0,97.0,125.0
132.0,143.0,132.0,78.0,108.0
184.0,180.0,152.0,167.0,185.0
141.0,144.0,163.0,115.0,123.0
143.0,166.0,151.0,162.0,114.0
141.0,156.0,137.0,148.0,117.0
148.0,130.0,139.0,161.0,125.0
110.0,112.0,137.0,116.0,79.0
163.0,163.0,227.0,118.0,98.0
158.0,122.0,147.0,120.0,106.0
171.0,159.0,182.0,173.0,179.0
199.0,203.0,231.0,167.0,175.0
162.0,170.0,156.0,158.0,136.0
137.0,153.0,132.0,125.0,157.0
166.0,182.0,145.0,156.0,162.0
135.0,132.0,164.0,124.0,142.0
173.0,127.0,124.0,116.0,152.0
104.0,82.0,185.0,116.0,108.0
163.0,158.0,164.0,149.0,171.0
172.0,177.0,155.0,164.0,134.0
151.0,152.0,135.0,152.0,146.0
189.0,157.0,150.0,164.0,143.0
116.0,125.0,142.0,120.0,119.0
147.0,134.0,106.0,132.0,145.0
164.0,121.0,162.0,117.0,107.0
108.0,102.0,84.0,124.0,73.0
155.0,139.0,169.0,150.0,159.0
104.0,90.0,140.0,118.0,128.0
151.0,151.0,130.0,163.0,126.0
174.0,138.0,195.0,175.0,152.0
201.0,169.0,187.0,108.0,184.0
177.0,173.0,165.0,107.0,183.0
112.0,108.0,138.0,102.0,141.0
123.0,133.0,126.0,155.0,102.0
149.0,154.0,145.0,120.0,137.0
139.0,127.0,154.0,163.0,132.0
96.0,137.0,131.0,0.0,143.0
103.0,101.0,98.0,123.0,91.0
143.0,152.0,144.0,137.0,134.0
178.0,145.0,104.0,151.0,143.0
120.0,110.0,134.0,89.0,115.0
209.0,165.0,300.0,140.0,192.0
133.0,116.0,153.0,118.0,147.0
137.0,147.0,160.0,99.0,152.0
110.0,83.0,147.0,129.0,99.0
204.0,199.0,180.0,162.0,174.0
159.0,143.0,154.0,151.0,147.0
140.0,141.0,129.0,157.0,101.0
141.0,130.0,162.0,130.0,138.0
163.0,153.0,196.0,125.0,161.0
192.0,200.0,140.0,176.0,167.0
118.0,105.0,171.0,131.0,127.0
183.0,152.0,148.0,119.0,117.0
136.0,77.0,118.0,130.0,96.0
117.0,138.0,129.0,144.0,163.0
187.0,143.0,208.0,177.0,107.0
121.0,101.0,161.0,122.0,101.0
151.0,155.0,164.0,119.0,184.0
129.0,94.0,96.0,118.0,84.0
127.0,108.0,144.0,120.0,117.0
157.0,140.0,162.0,126.0,176.0
180.0,169.0,204.0,119.0,214.0
160.0,165.0,105.0,155.0,175.0
127.0,136.0,130.0,161.0,96.0
194.0,163.0,213.0,187.0,145.0
113.0,103.0,110.0,101.0,78.0
148.0,166.0,159.0,149.0,169.0
179.0,109.0,181.0,125.0,144.0
189.0,197.0,191.0,152.0,163.0
145.0,112.0,137.0,127.0,144.0
153.0,145.0,156.0,127.0,126.0
131.0,121.0,136.0,108.0,124.0
139.0,162.0,149.0,151.0,134.0
170.0,184.0,183.0,139.0,159.0
161.0,134.0,148.0,131.0,165.0
161.0,153.0,139.0,67.0,162.0
171.0,201.0,163.0,119.0,169.0
130.0,97.0,109.0,116.0,112.0
134.0,124.0,142.0,159.0,154.0
112.0,113.0,165.0,121.0,118.0
124.0,115.0,122.0,164.0,80.0
171.0,151.0,148.0,167.0,120.0
143.0,146.0,176.0,166.0,186.0
137.0,116.0,121.0,132.0,143.0
158.0,169.0,190.0,158.0,151.0
147.0,123.0,113.0,154.0,97.0
138.0,171.0,162.0,152.0,145.0
129.0,130.0,126.0,0.0,101.0
176.0,153.0,163.0,153.0,163.0
200.0,214.0,300.0,174.0,157.0
136.0,119.0,108.0,118.0,108.0
136.0,120.0,126.0,120.0,127.0
101.0,124.0,135.0,144.0,131.0
156.0,150.0,160.0,121.0,124.0
150.0,157.0,145.0,151.0,130.0
147.0,131.0,101.0,145.0,104.0
185.0,138.0,176.0,153.0,192.0
126.0,116.0,105.0,127.0,117.0
162.0,153.0,190.0,157.0,178.0
134.0,133.0,110.0,0.0,134.0
149.0,158.0,139.0,150.0,164.0
134.0,132.0,101.0,122.0,93.0
134.0,142.0,126.0,175.0,134.0
143.0,143.0,163.0,128.0,157.0
180.0,188.0,183.0,120.0,152.0
215.0,183.0,222.0,128.0,193.0
111.0,132.0,128.0,114.0,106.0
194.0,177.0,210.0,169.0,129.0
121.0,89.0,114.0,76.0,102.0
134.0,88.0,95.0,117.0,83.0
140.0,126.0,141.0,117.0,138.0
162.0,154.0,150.0,158.0,151.0
141.0,138.0,163.0,168.0,104.0
163.0,139.0,136.0,152.0,158.0
143.0,157.0,147.0,172.0,117.0
192.0,170.0,300.0,85.0,225.0
179.0,161.0,174.0,147.0,124.0
157.0,159.0,171.0,127.0,151.0
166.0,147.0,140.0,122.0,152.0
113.0,103.0,122.0,79.0,135.0
199.0,184.0,184.0,154.0,181.0
96.0,104.0,140.0,166.0,95.0
150.0,189.0,167.0,127.0,143.0
161.0,134.0,117.0,122.0,104.0
158.0,151.0,174.0,121.0,174.0
187.0,181.0,159.0,180.0,178.0
131.0,93.0,138.0,147.0,125.0
180.0,157.0,149.0,174.0,122.0
167.0,180.0,127.0,119.0,155.0
188.0,180.0,168.0,168.0,136.0
182.0,176.0,180.0,148.0,159.0
113.0,121.0,150.0,111.0,153.0
182.0,177.0,212.0,159.0,169.0
185.0,178.0,136.0,128.0,131.0
155.0,136.0,156.0,144.0,154.0
172.0,141.0,172.0,118.0,148.0
216.0,213.0,212.0,172.0,181.0
170.0,179.0,169.0,132.0,166.0
160.0,136.0,154.0,136.0,124.0
137.0,136.0,146.0,106.0,138.0
182.0,196.0,218.0,178.0,187.0
160.0,148.0,166.0,113.0,140.0
184.0,164.0,203.0,157.0,164.0
170.0,176.0,156.0,170.0,123.0
185.0,201.0,181.0,165.0,153.0
136.0,93.0,128.0,148.0,144.0
128.0,152.0,178.0,124.0,116.0
132.0,140.0,135.0,140.0,154.0
143.0,107.0,143.0,113.0,146.0
121.0,89.0,140.0,91.0,141.0
108.0,88.0,112.0,0.0,108.0
162.0,155.0,152.0,123.0,143.0
229.0,207.0,300.0,185.0,221.0
145.0,126.0,106.0,97.0,128.0
142.0,117.0,116.0,123.0,141.0
157.0,153.0,111.0,170.0,151.0
179.0,101.0,172.0,155.0,131.0
181.0,153.0,157.0,172.0,194.0
134.0,123.0,131.0,114.0,117.0
115.0,95.0,100.0,144.0,118.0
113.0,116.0,124.0,156.0,167.0
144.0,165.0,147.0,111.0,100.0
206.0,195.0,300.0,155.0,197.0
150.0,156.0,156.0,119.0,167.0
120.0,92.0,121.0,138.0,67.0
131.0,136.0,157.0,122.0,142.0
160.0,119.0,143.0,170.0,117.0
163.0,131.0,143.0,147.0,158.0
103.0,119.0,119.0,126.0,117.0
125.0,147.0,110.0,119.0,87.0
105.0,124.0,113.0,0.0,126.0
169.0,156.0,172.0,147.0,144.0
122.0,130.0,107.0,118.0,125.0
203.0,185.0,220.0,173.0,213.0
203.0,178.0,300.0,174.0,206.0
190.0,206.0,300.0,151.0,207.0
163.0,159.0,157.0,138.0,139.0
148.0,172.0,198.0,161.0,174.0
152.0,107.0,158.0,142.0,123.0
166.0,176.0,152.0,158.0,179.0
159.0,176.0,176.0,159.0,145.0
162.0,137.0,121.0,155.0,108.0
190.0,178.0,192.0,156.0,178.0
201.0,181.0,208.0,162.0,155.0
156.0,186.0,190.0,123.0,142.0
178.0,185.0,184.0,109.0,154.0
116.0,143.0,119.0,114.0,137.0
164.0,147.0,125.0,154.0,119.0
183.0,169.0,171.0,131.0,148.0
117.0,121.0,111.0,126.0,107.0
221.0,198.0,300.0,179.0,191.0
142.0,142.0,156.0,74.0,122.0
145.0,160.0,137.0,175.0,120.0
151.0,110.0,142.0,123.0,104.0
137.0,167.0,173.0,152.0,161.0
216.0,204.0,216.0,203.0,229.0
166.0,171.0,152.0,146.0,177.0
141.0,136.0,143.0,123.0,99.0
104.0,118.0,151.0,125.0,95.0
124.0,98.0,91.0,122.0,149.0
183.0,182.0,225.0,118.0,158.0
164.0,149.0,131.0,143.0,128.0
138.0,154.0,137.0,126.0,114.0
93.0,86.0,132.0,127.0,101.0
153.0,136.0,154.0,124.0,146.0
105.0,76.0,167.0,153.0,163.0
153.0,121.0,128.0,112.0,147.0
130.0,151.0,137.0,174.0,165.0
125.0,110.0,117.0,152.0,115.0
160.0,176.0,179.0,154.0,184.0
127.0,115.0,151.0,126.0,153.0
105.0,74.0,103.0,121.0,76.0
165.0,179.0,125.0,123.0,84.0
126.0,120.0,128.0,86.0,118.0
119.0,126.0,132.0,180.0,117.0
191.0,141.0,153.0,142.0,185.0
158.0,117.0,154.0,167.0,161.0
208.0,219.0,151.0,132.0,126.0
141.0,157.0,149.0,0.0,155.0
195.0,211.0,203.0,167.0,142.0
133.0,115.0,133.0,134.0,149.0
188.0,300.0,192.0,147.0,300.0
145.0,91.0,129.0,130.0,121.0
124.0,132.0,144.0,0.0,112.0
143.0,117.0,128.0,123.0,128.0
115.0,115.0,124.0,124.0,108.0
159.0,127.0,150.0,122.0,142.0
168.0,182.0,169.0,156.0,124.0
195.0,199.0,202.0,172.0,207.0
137.0,145.0,158.0,86.0,143.0
150.0,180.0,157.0,155.0,133.0
142.0,147.0,164.0,134.0,125.0
193.0,213.0,157.0,113.0,108.0
175.0,175.0,145.0,122.0,133.0
151.0,115.0,131.0,130.0,112.0
142.0,127.0,143.0,115.0,113.0
130.0,125.0,134.0,85.0,111.0
93.0,73.0,160.0,144.0,150.0
139.0,119.0,147.0,166.0,96.0
164.0,119.0,160.0,148.0,91.0
138.0,110.0,193.0,119.0,93.0
161.0,127.0,106.0,155.0,130.0
117.0,168.0,128.0,0.0,163.0
171.0,158.0,157.0,163.0,132.0
176.0,152.0,196.0,147.0,156.0
171.0,167.0,175.0,111.0,153.0
120.0,95.0,150.0,84.0,136.0
102.0,109.0,132.0,166.0,127.0
141.0,127.0,113.0,159.0,166.0
113.0,83.0,134.0,117.0,87.0
199.0,184.0,158.0,116.0,167.0
135.0,139.0,166.0,161.0,150.0
142.0,91.0,114.0,105.0,149.0
128.0,155.0,130.0,153.0,79.0
185.0,184.0,160.0,127.0,144.0
119.0,152.0,129.0,142.0,112.0
148.0,133.0,127.0,159.0,136.0
138.0,99.0,109.0,0.0,102.0
147.0,104.0,144.0,155.0,145.0
192.0,158.0,157.0,172.0,191.0
105.0,101.0,82.0,0.0,79.0
133.0,122.0,115.0,126.0,117.0
165.0,109.0,151.0,180.0,133.0
151.0,163.0,180.0,128.0,161.0
191.0,173.0,124.0,136.0,151.0
106.0,101.0,129.0,126.0,154.0
176.0,183.0,176.0,128.0,122.0
171.0,169.0,167.0,176.0,159.0
181.0,162.0,179.0,172.0,176.0
174.0,164.0,174.0,125.0,167.0
163.0,135.0,179.0,76.0,170.0
158.0,148.0,159.0,115.0,146.0
139.0,156.0,138.0,114.0,131.0
161.0,172.0,131.0,143.0,184.0
139.0,165.0,170.0,149.0,149.0
144.0,172.0,149.0,146.0,140.0
159.0,153.0,212.0,177.0,182.0
133.0,106.0,110.0,146.0,123.0
142.0,153.0,202.0,162.0,161.0
101.0,128.0,114.0,132.0,106.0
133.0,135.0,162.0,120.0,92.0
184.0,119.0,147.0,103.0,220.0
137.0,109.0,120.0,67.0,130.0
203.0,199.0,204.0,167.0,218.0
112.0,102.0,109.0,135.0,81.0
167.0,154.0,187.0,85.0,173.0
153.0,152.0,163.0,149.0,130.0
198.0,170.0,166.0,195.0,162.0
141.0,148.0,135.0,150.0,127.0
124.0,120.0,151.0,92.0,120.0
179.0,157.0,212.0,130.0,111.0
148.0,99.0,149.0,116.0,166.0
187.0,174.0,202.0,153.0,151.0
162.0,174.0,135.0,156.0,161.0
184.0,300.0,300.0,179.0,178.0
110.0,79.0,123.0,92.0,102.0
187.0,161.0,183.0,132.0,173.0
129.0,157.0,134.0,104.0,156.0
129.0,136.0,104.0,162.0,111.0
142.0,144.0,193.0,300.0,161.0
144.0,116.0,149.0,153.0,175.0
151.0,154.0,118.0,135.0,113.0
135.0,108.0,169.0,157.0,148.0
155.0,88.0,162.0,124.0,156.0
132.0,127.0,126.0,115.0,118.0
145.0,143.0,152.0,126.0,116.0
105.0,115.0,122.0,123.0,103.0
141.0,171.0,111.0,0.0,78.0
161.0,165.0,141.0,160.0,153.0
186.0,173.0,185.0,120.0,197.0
108.0,134.0,121.0,115.0,149.0
189.0,207.0,175.0,176.0,156.0
121.0,126.0,190.0,154.0,140.0
184.0,181.0,188.0,181.0,189.0
179.0,177.0,178.0,109.0,181.0
165.0,172.0,165.0,153.0,161.0
110.0,116.0,128.0,135.0,129.0
123.0,121.0,166.0,151.0,66.0
138.0,105.0,137.0,135.0,142.0
158.0,153.0,135.0,146.0,130.0
138.0,139.0,101.0,151.0,99.0
104.0,106.0,122.0,122.0,122.0
174.0,170.0,183.0,165.0,192.0
175.0,194.0,148.0,171.0,166.0
155.0,138.0,76.0,164.0,119.0
101.0,103.0,128.0,145.0,116.0
170.0,185.0,156.0,154.0,163.0
123.0,118.0,164.0,130.0,126.0
130.0,88.0,121.0,145.0,108.0
205.0,203.0,226.0,181.0,144.0
136.0,136.0,156.0,149.0,157.0
167.0,143.0,143.0,185.0,151.0
162.0,151.0,199.0,106.0,132.0
136.0,182.0,157.0,127.0,141.0
143.0,93.0,125.0,171.0,150.0
144.0,102.0,176.0,121.0,154.0
144.0,137.0,152.0,118.0,121.0
166.0,176.0,177.0,0.0,188.0
163.0,176.0,179.0,114.0,120.0
152.0,111.0,94.0,122.0,150.0
182.0,197.0,168.0,172.0,173.0
143.0,127.0,148.0,173.0,113.0
146.0,151.0,139.0,159.0,157.0
163.0,183.0,141.0,170.0,204.0
157.0,94.0,136.0,147.0,123.0
219.0,189.0,215.0,145.0,208.0
123.0,112.0,138.0,126.0,97.0
166.0,165.0,165.0,179.0,146.0
168.0,136.0,163.0,128.0,112.0
158.0,134.0,126.0,117.0,142.0
205.0,197.0,210.0,173.0,163.0
173.0,142.0,195.0,142.0,175.0
169.0,145.0,150.0,115.0,177.0
170.0,180.0,190.0,152.0,157.0
157.0,153.0,161.0,120.0,106.0
159.0,127.0,140.0,186.0,151.0
195.0,183.0,185.0,178.0,216.0
150.0,131.0,152.0,164.0,122.0
106.0,88.0,107.0,163.0,72.0
146.0,141.0,167.0,121.0,125.0
179.0,157.0,186.0,159.0,139.0
138.0,99.0,148.0,121.0,106.0
156.0,106.0,178.0,145.0,177.0
104.0,156.0,131.0,141.0,127.0
179.0,214.0,210.0,173.0,174.0
124.0,134.0,136.0,170.0,112.0
173.0,169.0,173.0,130.0,182.0
161.0,146.0,139.0,149.0,150.0
182.0,156.0,198.0,122.0,163.0
186.0,170.0,217.0,155.0,155.0
164.0,140.0,197.0,119.0,171.0
167.0,152.0,130.0,86.0,176.0
135.0,150.0,164.0,129.0,141.0
186.0,192.0,205.0,174.0,209.0
94.0,100.0,93.0,109.0,122.0
156.0,141.0,163.0,148.0,132.0
184.0,159.0,186.0,126.0,169.0
189.0,182.0,165.0,115.0,154.0
163.0,161.0,187.0,152.0,153.0
123.0,123.0,126.0,84.0,108.0
109.0,117.0,123.0,112.0,113.0
184.0,118.0,138.0,178.0,192.0
167.0,167.0,156.0,132.0,157.0
188.0,200.0,190.0,166.0,177.0
155.0,175.0,174.0,131.0,138.0
164.0,142.0,128.0,133.0,182.0
206.0,173.0,221.0,155.0,190.0
199.0,182.0,187.0,114.0,178.0
136.0,116.0,102.0,131.0,119.0
192.0,198.0,167.0,175.0,171.0
96.0,93.0,104.0,117.0,135.0
169.0,159.0,191.0,133.0,175.0
203.0,187.0,144.0,144.0,190.0
178.0,167.0,165.0,77.0,179.0
210.0,193.0,201.0,95.0,190.0
118.0,102.0,152.0,0.0,186.0
120.0,126.0,145.0,121.0,139.0
169.0,167.0,150.0,168.0,160.0
171.0,125.0,148.0,179.0,156.0
106.0,98.0,130.0,109.0,79.0
156.0,156.0,115.0,124.0,141.0
199.0,183.0,155.0,174.0,144.0
207.0,170.0,106.0,175.0,160.0
189.0,199.0,186.0,181.0,136.0
158.0,154.0,138.0,135.0,120.0
121.0,195.0,109.0,170.0,103.0
205.0,178.0,212.0,147.0,136.0
93.0,99.0,121.0,0.0,113.0
112.0,135.0,109.0,125.0,109.0
176.0,140.0,163.0,140.0,187.0
98.0,115.0,115.0,118.0,90.0
147.0,137.0,121.0,120.0,134.0
144.0,124.0,165.0,153.0,115.0
168.0,146.0,158.0,139.0,172.0
133.0,112.0,153.0,122.0,122.0
158.0,100.0,117.0,111.0,124.0
197.0,184.0,207.0,148.0,178.0
139.0,138.0,157.0,173.0,172.0
174.0,160.0,156.0,123.0,161.0
138.0,114.0,116.0,121.0,106.0
160.0,165.0,152.0,179.0,132.0
131.0,127.0,160.0,127.0,161.0
139.0,123.0,112.0,124.0,116.0
165.0,162.0,192.0,116.0,137.0
188.0,155.0,121.0,144.0,134.0
121.0,105.0,115.0,128.0,153.0
148.0,156.0,151.0,136.0,109.0
157.0,116.0,174.0,157.0,132.0
156.0,153.0,143.0,180.0,161.0
163.0,182.0,170.0,76.0,192.0
132.0,127.0,163.0,126.0,116.0
180.0,156.0,153.0,96.0,168.0
196.0,182.0,203.0,150.0,147.0
176.0,184.0,152.0,148.0,159.0
91.0,97.0,125.0,116.0,127.0
160.0,151.0,128.0,125.0,118.0
162.0,170.0,173.0,109.0,140.0
164.0,136.0,182.0,126.0,142.0
132.0,169.0,144.0,0.0,120.0
175.0,170.0,175.0,173.0,158.0
141.0,148.0,158.0,138.0,149.0
117.0,120.0,137.0,169.0,102.0
107.0,105.0,154.0,124.0,102.0
136.0,148.0,148.0,108.0,117.0
150.0,133.0,117.0,148.0,134.0
156.0,155.0,192.0,119.0,147.0
159.0,136.0,139.0,117.0,130.0
150.0,112.0,141.0,114.0,177.0
197.0,166.0,208.0,183.0,139.0
152.0,103.0,105.0,171.0,145.0
156.0,165.0,150.0,134.0,134.0
146.0,150.0,125.0,120.0,119.0
200.0,190.0,225.0,300.0,178.0
157.0,100.0,106.0,150.0,158.0
147.0,122.0,157.0,197.0,143.0
136.0,140.0,209.0,145.0,123.0
154.0,139.0,115.0,153.0,130.0
83.0,119.0,122.0,160.0,115.0
212.0,202.0,198.0,149.0,194.0
182.0,181.0,159.0,123.0,141.0
142.0,134.0,129.0,171.0,139.0
90.0,106.0,108.0,118.0,116.0
165.0,185.0,199.0,146.0,157.0
191.0,176.0,227.0,159.0,170.0
193.0,199.0,145.0,149.0,144.0
166.0,180.0,226.0,143.0,229.0
192.0,196.0,164.0,125.0,207.0
128.0,200.0,113.0,168.0,105.0
166.0,140.0,186.0,155.0,175.0
195.0,166.0,166.0,136.0,141.0
199.0,206.0,225.0,125.0,204.0
125.0,104.0,132.0,131.0,137.0
182.0,183.0,207.0,151.0,194.0
121.0,143.0,120.0,127.0,150.0
185.0,168.0,169.0,129.0,163.0
214.0,186.0,300.0,148.0,160.0
121.0,89.0,147.0,126.0,144.0
158.0,146.0,167.0,121.0,130.0
170.0,153.0,138.0,172.0,160.0
177.0,207.0,183.0,171.0,140.0
188.0,134.0,203.0,153.0,205.0
182.0,171.0,161.0,173.0,140.0
141.0,134.0,137.0,126.0,143.0
167.0,115.0,97.0,152.0,121.0
122.0,125.0,135.0,0.0,110.0
139.0,136.0,110.0,132.0,147.0
146.0,101.0,157.0,0.0,132.0
154.0,128.0,138.0,169.0,110.0
139.0,142.0,121.0,89.0,117.0
189.0,186.0,210.0,120.0,158.0
152.0,149.0,175.0,117.0,169.0
120.0,121.0,126.0,153.0,105.0
192.0,194.0,168.0,155.0,179.0
160.0,156.0,117.0,155.0,152.0
135.0,139.0,108.0,114.0,121.0
161.0,129.0,121.0,155.0,97.0
159.0,138.0,137.0,124.0,112.0
150.0,138.0,147.0,166.0,139.0
104.0,79.0,132.0,133.0,94.0
202.0,199.0,210.0,145.0,182.0
170.0,176.0,159.0,170.0,139.0
111.0,118.0,116.0,0.0,103.0
121.0,113.0,121.0,126.0,99.0
179.0,175.0,153.0,106.0,200.0
151.0,151.0,136.0,124.0,158.0
159.0,128.0,167.0,116.0,146.0
195.0,168.0,204.0,170.0,227.0
129.0,103.0,147.0,105.0,127.0
160.0,147.0,188.0,169.0,138.0
123.0,92.0,136.0,120.0,105.0
175.0,186.0,164.0,163.0,181.0
89.0,80.0,108.0,195.0,131.0
94.0,87.0,165.0,0.0,146.0
143.0,151.0,141.0,163.0,180.0
189.0,169.0,152.0,300.0,139.0
169.0,200.0,198.0,173.0,177.0
169.0,190.0,143.0,162.0,146.0
135.0,132.0,122.0,148.0,135.0
191.0,146.0,124.0,153.0,127.0
182.0,186.0,206.0,184.0,172.0
149.0,156.0,141.0,121.0,172.0
176.0,156.0,167.0,151.0,116.0
204.0,220.0,209.0,183.0,203.0
166.0,139.0,170.0,139.0,187.0
127.0,111.0,126.0,121.0,118.0
109.0,94.0,115.0,159.0,115.0
187.0,182.0,176.0,118.0,191.0
159.0,124.0,216.0,143.0,151.0
102.0,122.0,129.0,68.0,128.0
125.0,119.0,114.0,115.0,108.0
121.0,170.0,181.0,116.0,134.0
127.0,86.0,110.0,121.0,133.0
147.0,157.0,150.0,169.0,114.0
155.0,100.0,168.0,122.0,168.0
145.0,190.0,209.0,117.0,177.0
168.0,173.0,189.0,120.0,175.0
130.0,129.0,105.0,148.0,118.0
208.0,189.0,212.0,196.0,216.0
141.0,143.0,104.0,76.0,84.0
176.0,176.0,149.0,148.0,150.0
154.0,158.0,201.0,157.0,155.0
158.0,171.0,173.0,151.0,154.0
164.0,119.0,103.0,168.0,143.0
142.0,143.0,120.0,155.0,147.0
165.0,141.0,155.0,122.0,188.0
189.0,195.0,188.0,162.0,149.0
173.0,176.0,184.0,144.0,172.0
169.0,141.0,137.0,181.0,184.0
127.0,134.0,170.0,115.0,120.0
218.0,187.0,216.0,155.0,195.0
134.0,121.0,121.0,115.0,139.0
152.0,122.0,136.0,154.0,120.0
127.0,140.0,163.0,130.0,141.0
101.0,135.0,196.0,183.0,110.0
108.0,123.0,115.0,0.0,95.0
150.0,72.0,135.0,150.0,153.0
131.0,108.0,140.0,80.0,117.0
142.0,138.0,132.0,184.0,135.0
171.0,160.0,125.0,120.0,144.0
119.0,104.0,118.0,153.0,108.0
164.0,170.0,172.0,171.0,101.0
165.0,150.0,118.0,119.0,143.0
165.0,146.0,156.0,121.0,196.0
202.0,173.0,155.0,160.0,131.0
138.0,129.0,147.0,148.0,122.0
134.0,140.0,131.0,125.0,152.0
183.0,95.0,174.0,170.0,136.0
129.0,153.0,154.0,157.0,149.0
108.0,88.0,137.0,156.0,114.0
195.0,108.0,119.0,177.0,137.0
136.0,129.0,132.0,172.0,85.0
103.0,140.0,145.0,138.0,114.0
150.0,174.0,173.0,123.0,169.0
118.0,104.0,139.0,114.0,120.0
182.0,191.0,228.0,147.0,194.0
172.0,138.0,148.0,115.0,161.0
118.0,96.0,109.0,144.0,106.0
140.0,150.0,148.0,131.0,179.0
162.0,159.0,154.0,129.0,136.0
157.0,132.0,163.0,130.0,159.0
141.0,100.0,112.0,115.0,128.0
154.0,139.0,208.0,126.0,143.0
187.0,174.0,199.0,185.0,171.0
216.0,196.0,300.0,165.0,173.0
163.0,175.0,204.0,168.0,185.0
158.0,132.0,174.0,119.0,95.0
197.0,186.0,192.0,173.0,179.0
178.0,164.0,171.0,127.0,158.0
123.0,103.0,129.0,133.0,108.0
209.0,216.0,195.0,180.0,180.0
169.0,182.0,200.0,82.0,111.0
134.0,128.0,110.0,125.0,120.0
150.0,127.0,134.0,80.0,110.0
192.0,134.0,176.0,165.0,176.0
132.0,155.0,148.0,154.0,177.0
119.0,100.0,130.0,157.0,76.0
163.0,125.0,134.0,151.0,152.0
116.0,109.0,130.0,121.0,116.0
159.0,151.0,199.0,121.0,146.0
147.0,164.0,137.0,146.0,122.0
187.0,164.0,219.0,167.0,152.0
132.0,108.0,140.0,130.0,121.0
150.0,161.0,143.0,154.0,101.0
124.0,147.0,101.0,106.0,112.0
156.0,176.0,177.0,0.0,102.0
107.0,88.0,120.0,161.0,102.0
148.0,176.0,173.0,173.0,139.0
155.0,134.0,153.0,164.0,161.0
126.0,119.0,115.0,111.0,116.0
101.0,109.0,131.0,121.0,110.0
157.0,119.0,158.0,170.0,202.0
221.0,188.0,300.0,124.0,174.0
145.0,132.0,173.0,93.0,115.0
158.0,206.0,210.0,160.0,122.0
175.0,164.0,189.0,166.0,79.0
163.0,172.0,159.0,166.0,115.0
201.0,179.0,300.0,168.0,175.0
174.0,160.0,145.0,166.0,141.0
176.0,153.0,200.0,163.0,163.0
127.0,117.0,148.0,111.0,146.0
158.0,128.0,128.0,0.0,120.0
195.0,188.0,221.0,125.0,165.0
157.0,156.0,196.0,126.0,139.0
131.0,78.0,118.0,167.0,114.0
157.0,152.0,151.0,164.0,166.0
172.0,164.0,182.0,128.0,92.0
144.0,125.0,180.0,165.0,133.0
160.0,121.0,159.0,115.0,158.0
172.0,139.0,183.0,167.0,119.0
139.0,101.0,190.0,159.0,161.0
129.0,130.0,147.0,171.0,164.0
124.0,140.0,139.0,121.0,116.0
168.0,139.0,130.0,84.0,139.0
115.0,87.0,115.0,169.0,134.0
175.0,167.0,179.0,0.0,191.0
150.0,164.0,204.0,168.0,142.0
97.0,92.0,128.0,108.0,108.0
179.0,169.0,170.0,172.0,202.0
169.0,135.0,128.0,147.0,149.0
136.0,141.0,170.0,0.0,157.0
128.0,104.0,102.0,123.0,86.0
122.0,96.0,146.0,0.0,111.0
132.0,104.0,144.0,154.0,145.0
167.0,192.0,158.0,169.0,173.0
184.0,211.0,211.0,148.0,197.0
213.0,208.0,300.0,182.0,226.0
114.0,149.0,109.0,0.0,104.0
185.0,201.0,227.0,124.0,170.0
119.0,120.0,134.0,148.0,146.0
137.0,116.0,207.0,0.0,112.0
171.0,199.0,197.0,116.0,217.0
143.0,123.0,128.0,126.0,97.0
151.0,147.0,124.0,153.0,160.0
139.0,151.0,191.0,111.0,128.0
161.0,151.0,132.0,125.0,137.0
130.0,146.0,144.0,131.0,145.0
148.0,124.0,168.0,165.0,134.0
106.0,120.0,137.0,0.0,93.0
157.0,148.0,173.0,151.0,116.0
110.0,109.0,96.0,98.0,107.0
167.0,168.0,143.0,81.0,130.0
148.0,142.0,141.0,99.0,115.0
183.0,165.0,194.0,146.0,166.0
151.0,145.0,182.0,159.0,160.0
161.0,174.0,175.0,169.0,140.0
169.0,168.0,171.0,159.0,130.0
150.0,144.0,144.0,139.0,103.0
144.0,115.0,150.0,156.0,136.0
139.0,138.0,145.0,125.0,138.0
128.0,119.0,125.0,117.0,134.0
147.0,149.0,169.0,152.0,139.0
131.0,137.0,134.0,173.0,131.0
103.0,114.0,158.0,127.0,108.0
94.0,85.0,133.0,0.0,98.0
164.0,157.0,127.0,127.0,128.0
140.0,183.0,172.0,164.0,162.0
117.0,117.0,194.0,191.0,131.0
116.0,102.0,127.0,123.0,118.0
188.0,196.0,179.0,175.0,176.0
146.0,133.0,117.0,139.0,151.0
87.0,91.0,96.0,123.0,123.0
158.0,133.0,139.0,125.0,157.0
176.0,174.0,148.0,151.0,150.0
199.0,161.0,111.0,115.0,148.0
141.0,146.0,137.0,161.0,118.0
129.0,112.0,160.0,135.0,145.0
133.0,101.0,180.0,0.0,89.0
126.0,131.0,123.0,130.0,97.0
149.0,143.0,151.0,113.0,127.0
184.0,183.0,174.0,128.0,151.0
151.0,154.0,161.0,122.0,144.0
150.0,170.0,163.0,128.0,161.0
131.0,76.0,129.0,0.0,121.0
166.0,177.0,150.0,165.0,142.0
158.0,139.0,162.0,98.0,155.0
150.0,177.0,178.0,123.0,155.0
199.0,163.0,187.0,125.0,194.0
163.0,150.0,143.0,124.0,145.0
121.0,107.0,125.0,125.0,120.0
173.0,148.0,111.0,150.0,165.0
146.0,139.0,153.0,114.0,127.0
108.0,87.0,154.0,146.0,119.0
116.0,140.0,131.0,122.0,125.0
182.0,191.0,135.0,160.0,158.0
170.0,164.0,161.0,116.0,144.0
148.0,120.0,120.0,141.0,127.0
151.0,179.0,193.0,117.0,170.0
116.0,129.0,147.0,111.0,92.0
184.0,128.0,169.0,142.0,154.0
137.0,107.0,122.0,131.0,139.0
105.0,111.0,108.0,106.0,104.0
111.0,133.0,129.0,114.0,154.0
172.0,139.0,158.0,0.0,132.0
162.0,163.0,205.0,165.0,154.0
78.0,188.0,175.0,127.0,215.0
145.0,89.0,152.0,172.0,125.0
175.0,187.0,196.0,154.0,186.0
130.0,130.0,134.0,82.0,148.0
173.0,161.0,188.0,157.0,113.0
164.0,173.0,162.0,121.0,138.0
93.0,91.0,158.0,147.0,129.0
131.0,99.0,193.0,129.0,142.0
183.0,137.0,163.0,146.0,165.0
169.0,169.0,162.0,172.0,195.0
139.0,121.0,143.0,117.0,139.0
113.0,115.0,124.0,110.0,118.0
144.0,87.0,102.0,102.0,126.0
209.0,199.0,211.0,165.0,193.0
101.0,123.0,105.0,116.0,126.0
170.0,164.0,181.0,201.0,166.0
153.0,120.0,155.0,0.0,174.0
177.0,127.0,199.0,173.0,146.0
153.0,115.0,156.0,175.0,134.0
152.0,145.0,106.0,127.0,147.0
148.0,169.0,169.0,196.0,159.0
161.0,132.0,190.0,124.0,155.0
157.0,145.0,140.0,144.0,143.0
207.0,212.0,209.0,130.0,191.0
165.0,138.0,178.0,164.0,163.0
182.0,152.0,201.0,169.0,191.0
103.0,105.0,105.0,113.0,154.0
180.0,191.0,130.0,159.0,173.0
131.0,148.0,175.0,153.0,122.0
147.0,176.0,159.0,170.0,100.0
116.0,121.0,108.0,137.0,114.0
137.0,151.0,142.0,151.0,90.0
180.0,169.0,200.0,120.0,190.0
129.0,120.0,142.0,110.0,127.0
160.0,168.0,130.0,183.0,179.0
147.0,137.0,150.0,117.0,106.0
192.0,184.0,162.0,184.0,185.0
221.0,212.0,213.0,150.0,198.0
137.0,125.0,133.0,171.0,119.0
222.0,202.0,300.0,168.0,178.0
155.0,149.0,153.0,156.0,120.0
143.0,105.0,170.0,126.0,139.0
155.0,159.0,176.0,148.0,177.0
154.0,143.0,162.0,0.0,149.0
194.0,185.0,207.0,159.0,195.0
139.0,78.0,117.0,107.0,163.0
135.0,96.0,144.0,0.0,79.0
118.0,98.0,148.0,137.0,105.0
205.0,172.0,181.0,142.0,131.0
199.0,182.0,184.0,150.0,201.0
116.0,101.0,149.0,130.0,153.0
161.0,154.0,190.0,162.0,191.0
107.0,98.0,112.0,116.0,116.0
187.0,192.0,210.0,126.0,185.0
175.0,166.0,142.0,124.0,159.0
218.0,189.0,207.0,151.0,225.0
174.0,93.0,94.0,176.0,167.0
208.0,142.0,189.0,173.0,223.0
150.0,144.0,197.0,172.0,84.0
147.0,164.0,165.0,124.0,183.0
161.0,148.0,158.0,124.0,144.0
158.0,151.0,211.0,129.0,152.0
148.0,176.0,181.0,168.0,199.0
117.0,138.0,145.0,91.0,121.0
134.0,144.0,137.0,150.0,111.0
132.0,146.0,139.0,154.0,138.0
96.0,122.0,151.0,125.0,133.0
104.0,94.0,131.0,147.0,77.0
118.0,125.0,113.0,114.0,131.0
112.0,124.0,151.0,188.0,157.0
199.0,174.0,187.0,122.0,182.0
193.0,171.0,179.0,122.0,140.0
133.0,132.0,114.0,141.0,110.0
201.0,191.0,176.0,131.0,171.0
139.0,131.0,145.0,118.0,133.0
136.0,126.0,119.0,122.0,119.0
175.0,195.0,212.0,149.0,181.0
134.0,103.0,165.0,174.0,156.0
184.0,193.0,210.0,159.0,206.0
183.0,163.0,173.0,122.0,165.0
178.0,149.0,166.0,151.0,153.0
195.0,181.0,189.0,161.0,169.0
114.0,122.0,104.0,134.0,106.0
175.0,169.0,159.0,125.0,141.0
161.0,163.0,186.0,120.0,163.0
198.0,189.0,199.0,127.0,197.0
101.0,97.0,91.0,139.0,106.0
175.0,186.0,148.0,0.0,158.0
175.0,169.0,205.0,131.0,166.0
141.0,107.0,152.0,126.0,148.0
178.0,168.0,176.0,0.0,156.0
195.0,187.0,200.0,170.0,178.0
130.0,109.0,143.0,150.0,128.0
141.0,158.0,150.0,97.0,101.0
195.0,186.0,202.0,162.0,169.0
188.0,185.0,209.0,125.0,194.0
132.0,137.0,164.0,119.0,144.0
140.0,149.0,195.0,152.0,149.0
156.0,121.0,169.0,142.0,128.0
147.0,172.0,199.0,126.0,174.0
130.0,118.0,138.0,167.0,157.0
124.0,112.0,143.0,105.0,154.0
136.0,137.0,178.0,170.0,107.0
186.0,166.0,185.0,175.0,174.0
133.0,133.0,124.0,123.0,131.0
141.0,133.0,160.0,123.0,137.0
167.0,150.0,138.0,118.0,119.0
185.0,177.0,202.0,150.0,139.0
165.0,143.0,172.0,181.0,154.0
137.0,161.0,124.0,114.0,124.0
176.0,178.0,162.0,173.0,187.0
154.0,135.0,125.0,87.0,132.0
181.0,175.0,128.0,169.0,179.0
141.0,164.0,147.0,117.0,156.0
115.0,104.0,115.0,125.0,90.0
140.0,159.0,130.0,147.0,117.0
149.0,124.0,144.0,137.0,106.0
136.0,168.0,118.0,151.0,155.0
193.0,161.0,147.0,184.0,189.0
159.0,127.0,184.0,177.0,146.0
178.0,150.0,127.0,140.0,131.0
152.0,163.0,170.0,130.0,142.0
141.0,131.0,134.0,128.0,171.0
125.0,135.0,159.0,150.0,92.0
199.0,196.0,183.0,173.0,188.0
123.0,109.0,125.0,163.0,135.0
92.0,129.0,120.0,160.0,88.0
118.0,71.0,108.0,124.0,103.0
131.0,120.0,166.0,171.0,116.0
128.0,131.0,169.0,141.0,135.0
183.0,160.0,180.0,0.0,157.0
168.0,174.0,159.0,160.0,162.0
156.0,148.0,129.0,152.0,141.0
170.0,161.0,90.0,169.0,159.0
190.0,214.0,201.0,160.0,191.0
166.0,197.0,162.0,144.0,197.0
138.0,93.0,108.0,118.0,152.0
148.0,124.0,169.0,141.0,128.0
150.0,135.0,130.0,143.0,150.0
157.0,148.0,141.0,127.0,163.0
158.0,140.0,123.0,123.0,162.0
179.0,185.0,222.0,173.0,167.0
157.0,154.0,162.0,160.0,148.0
174.0,186.0,160.0,159.0,201.0
157.0,113.0,108.0,173.0,151.0
92.0,92.0,158.0,128.0,179.0
134.0,114.0,118.0,111.0,130.0
153.0,156.0,182.0,117.0,125.0
162.0,139.0,150.0,120.0,174.0
174.0,184.0,186.0,145.0,151.0
176.0,181.0,154.0,152.0,171.0
164.0,154.0,204.0,150.0,201.0
134.0,142.0,134.0,0.0,139.0
138.0,124.0,112.0,162.0,199.0
144.0,115.0,109.0,136.0,92.0
144.0,95.0,129.0,73.0,125.0
184.0,182.0,300.0,127.0,177.0
158.0,93.0,160.0,126.0,148.0
126.0,149.0,121.0,116.0,127.0
138.0,173.0,157.0,106.0,172.0
162.0,117.0,179.0,143.0,141.0
183.0,181.0,161.0,122.0,166.0
131.0,127.0,143.0,129.0,129.0
155.0,134.0,193.0,121.0,155.0
117.0,124.0,121.0,118.0,104.0
159.0,99.0,131.0,142.0,149.0
176.0,179.0,152.0,116.0,178.0
166.0,188.0,121.0,0.0,137.0
136.0,152.0,180.0,125.0,157.0
126.0,106.0,121.0,118.0,134.0
130.0,110.0,130.0,0.0,107.0
160.0,139.0,155.0,171.0,149.0
137.0,105.0,136.0,143.0,102.0
162.0,152.0,115.0,122.0,144.0
169.0,165.0,132.0,148.0,123.0
154.0,166.0,154.0,136.0,138.0
182.0,180.0,167.0,117.0,124.0
166.0,160.0,141.0,123.0,132.0
170.0,189.0,199.0,147.0,201.0
165.0,147.0,167.0,179.0,150.0
115.0,72.0,148.0,163.0,114.0
147.0,149.0,121.0,116.0,128.0
192.0,190.0,206.0,300.0,181.0
146.0,154.0,153.0,150.0,133.0
204.0,152.0,216.0,117.0,141.0
109.0,115.0,147.0,123.0,90.0
181.0,120.0,210.0,130.0,149.0
204.0,184.0,172.0,162.0,171.0
156.0,153.0,138.0,150.0,113.0
137.0,164.0,141.0,177.0,128.0
201.0,173.0,199.0,147.0,175.0
192.0,160.0,162.0,128.0,141.0
163.0,150.0,149.0,124.0,144.0
147.0,111.0,159.0,159.0,137.0
157.0,159.0,200.0,114.0,162.0
141.0,166.0,178.0,123.0,111.0
141.0,146.0,154.0,122.0,152.0
154.0,133.0,143.0,124.0,131.0
149.0,166.0,157.0,143.0,153.0
168.0,186.0,214.0,127.0,155.0
171.0,144.0,120.0,181.0,143.0
217.0,188.0,221.0,177.0,212.0
190.0,172.0,215.0,173.0,151.0
126.0,101.0,136.0,81.0,101.0
129.0,101.0,113.0,147.0,113.0
114.0,106.0,134.0,151.0,110.0
168.0,151.0,120.0,170.0,158.0
174.0,151.0,134.0,158.0,147.0
157.0,140.0,143.0,158.0,165.0
104.0,97.0,106.0,123.0,106.0
162.0,142.0,149.0,120.0,173.0
169.0,132.0,150.0,177.0,95.0
71.0,90.0,120.0,110.0,77.0
167.0,163.0,141.0,121.0,124.0
85.0,128.0,130.0,120.0,107.0
176.0,146.0,185.0,163.0,172.0
152.0,100.0,108.0,124.0,128.0
138.0,137.0,174.0,300.0,101.0
165.0,172.0,160.0,111.0,170.0
126.0,122.0,148.0,174.0,93.0
112.0,154.0,181.0,169.0,166.0
188.0,171.0,162.0,179.0,117.0
144.0,129.0,120.0,126.0,139.0
164.0,155.0,168.0,168.0,159.0
153.0,142.0,197.0,150.0,140.0
123.0,117.0,165.0,0.0,162.0
136.0,103.0,137.0,108.0,130.0
168.0,175.0,147.0,176.0,137.0
135.0,146.0,141.0,165.0,138.0
176.0,177.0,154.0,146.0,151.0
136.0,143.0,162.0,126.0,150.0
183.0,182.0,202.0,149.0,162.0
96.0,126.0,162.0,143.0,134.0
137.0,120.0,131.0,102.0,88.0
186.0,162.0,177.0,155.0,175.0
168.0,157.0,193.0,153.0,171.0
135.0,118.0,143.0,117.0,124.0
141.0,182.0,147.0,150.0,126.0
161.0,148.0,151.0,140.0,135.0
194.0,179.0,149.0,128.0,162.0
149.0,180.0,150.0,163.0,155.0
165.0,183.0,184.0,174.0,173.0
177.0,188.0,167.0,177.0,159.0
208.0,180.0,151.0,142.0,145.0
151.0,133.0,116.0,156.0,122.0
123.0,107.0,137.0,154.0,116.0
183.0,183.0,200.0,146.0,203.0
149.0,140.0,120.0,120.0,148.0
138.0,137.0,148.0,141.0,123.0
159.0,161.0,153.0,129.0,118.0
148.0,114.0,141.0,114.0,110.0
156.0,153.0,158.0,175.0,172.0
122.0,98.0,117.0,117.0,112.0
158.0,130.0,158.0,132.0,157.0
176.0,194.0,127.0,119.0,109.0
211.0,221.0,207.0,134.0,163.0
148.0,119.0,131.0,111.0,149.0
166.0,166.0,139.0,89.0,136.0
194.0,181.0,151.0,91.0,168.0
149.0,118.0,122.0,119.0,160.0
133.0,141.0,105.0,166.0,133.0
111.0,135.0,147.0,132.0,91.0
165.0,133.0,165.0,195.0,145.0
132.0,131.0,144.0,109.0,117.0
196.0,156.0,212.0,171.0,204.0
180.0,143.0,156.0,172.0,147.0
215.0,168.0,182.0,140.0,180.0
182.0,182.0,176.0,157.0,165.0
162.0,191.0,149.0,165.0,152.0
164.0,166.0,155.0,120.0,105.0
104.0,146.0,168.0,116.0,146.0
133.0,75.0,148.0,114.0,118.0
169.0,189.0,151.0,125.0,168.0
119.0,131.0,119.0,151.0,119.0
203.0,163.0,130.0,171.0,147.0
221.0,198.0,216.0,160.0,199.0
193.0,152.0,189.0,115.0,136.0
183.0,141.0,120.0,126.0,119.0
164.0,133.0,143.0,120.0,132.0
142.0,114.0,156.0,117.0,127.0
121.0,142.0,152.0,129.0,122.0
159.0,167.0,164.0,173.0,137.0
177.0,206.0,191.0,165.0,210.0
96.0,91.0,99.0,140.0,95.0
176.0,140.0,167.0,119.0,173.0
108.0,132.0,151.0,167.0,117.0
214.0,203.0,209.0,160.0,199.0
205.0,183.0,201.0,151.0,180.0
124.0,141.0,179.0,0.0,153.0
169.0,200.0,158.0,119.0,122.0
139.0,135.0,144.0,128.0,162.0
208.0,208.0,219.0,157.0,203.0
184.0,195.0,300.0,176.0,130.0
121.0,82.0,139.0,119.0,115.0
182.0,119.0,198.0,300.0,189.0
154.0,120.0,141.0,0.0,112.0
165.0,116.0,158.0,125.0,114.0
144.0,177.0,205.0,131.0,168.0
178.0,188.0,153.0,178.0,168.0
133.0,129.0,106.0,106.0,130.0
137.0,125.0,147.0,132.0,130.0
162.0,173.0,139.0,172.0,170.0
136.0,108.0,126.0,0.0,125.0
166.0,153.0,184.0,161.0,150.0
159.0,122.0,193.0,120.0,116.0
216.0,214.0,300.0,171.0,189.0
127.0,156.0,117.0,111.0,111.0
127.0,140.0,156.0,154.0,110.0
142.0,141.0,115.0,125.0,123.0
111.0,99.0,120.0,132.0,101.0
177.0,141.0,160.0,134.0,151.0
174.0,180.0,178.0,120.0,132.0
131.0,146.0,157.0,155.0,151.0
121.0,94.0,180.0,130.0,150.0
189.0,203.0,300.0,124.0,196.0
151.0,138.0,159.0,170.0,140.0
167.0,160.0,151.0,159.0,154.0
190.0,201.0,300.0,0.0,191.0
174.0,151.0,186.0,101.0,171.0
144.0,118.0,119.0,173.0,135.0
143.0,107.0,175.0,119.0,116.0
163.0,154.0,173.0,126.0,138.0
127.0,136.0,107.0,167.0,134.0
172.0,150.0,176.0,114.0,172.0
174.0,138.0,182.0,130.0,173.0
165.0,146.0,158.0,153.0,184.0
215.0,223.0,211.0,179.0,227.0
192.0,171.0,137.0,104.0,110.0
182.0,192.0,175.0,126.0,219.0
125.0,134.0,119.0,111.0,136.0
158.0,164.0,112.0,148.0,128.0
153.0,92.0,150.0,0.0,162.0
171.0,156.0,147.0,134.0,154.0
106.0,139.0,136.0,129.0,113.0
179.0,158.0,191.0,121.0,132.0
181.0,159.0,132.0,161.0,175.0
192.0,199.0,210.0,147.0,225.0
173.0,141.0,141.0,164.0,150.0
203.0,182.0,201.0,157.0,194.0
100.0,133.0,133.0,107.0,141.0
168.0,141.0,145.0,177.0,135.0
219.0,206.0,204.0,169.0,214.0
145.0,84.0,137.0,143.0,140.0
192.0,179.0,185.0,162.0,176.0
164.0,173.0,124.0,86.0,136.0
154.0,161.0,174.0,172.0,154.0
160.0,159.0,122.0,129.0,141.0
119.0,97.0,128.0,147.0,143.0
144.0,169.0,140.0,168.0,132.0
162.0,185.0,154.0,157.0,145.0
120.0,118.0,128.0,126.0,86.0
143.0,102.0,149.0,115.0,113.0
122.0,90.0,157.0,149.0,140.0
168.0,184.0,144.0,115.0,117.0
113.0,111.0,132.0,111.0,155.0
126.0,116.0,121.0,84.0,94.0
113.0,184.0,188.0,168.0,90.0
146.0,148.0,110.0,151.0,111.0
167.0,116.0,177.0,141.0,146.0
198.0,213.0,210.0,162.0,162.0
185.0,183.0,206.0,300.0,188.0
152.0,149.0,140.0,110.0,148.0
155.0,152.0,157.0,114.0,147.0
151.0,177.0,134.0,144.0,99.0
186.0,176.0,189.0,116.0,185.0
116.0,85.0,109.0,0.0,83.0
172.0,134.0,163.0,127.0,154.0
143.0,142.0,142.0,160.0,109.0
147.0,123.0,150.0,167.0,129.0
179.0,193.0,120.0,163.0,180.0
123.0,118.0,140.0,128.0,165.0
166.0,153.0,157.0,120.0,105.0
105.0,129.0,166.0,157.0,120.0
207.0,193.0,204.0,182.0,196.0
117.0,149.0,155.0,78.0,148.0
85.0,93.0,115.0,0.0,82.0
167.0,159.0,171.0,122.0,157.0
180.0,184.0,185.0,123.0,184.0
176.0,164.0,209.0,157.0,193.0
180.0,135.0,139.0,171.0,133.0
144.0,164.0,111.0,122.0,162.0
192.0,186.0,212.0,166.0,109.0
97.0,134.0,122.0,117.0,103.0
180.0,148.0,169.0,131.0,133.0
121.0,98.0,131.0,149.0,125.0
178.0,180.0,165.0,146.0,156.0
135.0,124.0,147.0,167.0,166.0
109.0,138.0,118.0,117.0,95.0
171.0,174.0,193.0,167.0,176.0
188.0,196.0,186.0,187.0,176.0
205.0,197.0,208.0,191.0,186.0
140.0,111.0,156.0,166.0,177.0
155.0,183.0,123.0,116.0,147.0
200.0,143.0,192.0,171.0,170.0
107.0,97.0,167.0,0.0,132.0
140.0,99.0,118.0,125.0,88.0
111.0,114.0,152.0,160.0,103.0
137.0,113.0,113.0,0.0,194.0
121.0,105.0,149.0,0.0,125.0
151.0,122.0,129.0,116.0,122.0
134.0,144.0,149.0,154.0,134.0
109.0,88.0,113.0,125.0,116.0
187.0,183.0,196.0,183.0,206.0
143.0,123.0,154.0,172.0,132.0
192.0,180.0,196.0,185.0,164.0
138.0,158.0,124.0,125.0,139.0
123.0,93.0,177.0,188.0,125.0
200.0,206.0,157.0,132.0,154.0
149.0,118.0,125.0,134.0,116.0
155.0,159.0,154.0,145.0,150.0
201.0,159.0,202.0,173.0,197.0
187.0,162.0,172.0,176.0,123.0
196.0,151.0,131.0,163.0,127.0
93.0,147.0,123.0,115.0,99.0
146.0,160.0,188.0,151.0,135.0
207.0,206.0,187.0,153.0,223.0
165.0,111.0,146.0,111.0,114.0
156.0,121.0,118.0,64.0,91.0
166.0,177.0,202.0,145.0,74.0
162.0,139.0,218.0,166.0,189.0
200.0,192.0,214.0,169.0,173.0
162.0,173.0,146.0,145.0,141.0
162.0,141.0,95.0,124.0,138.0
165.0,130.0,137.0,101.0,128.0
142.0,115.0,129.0,115.0,134.0
140.0,151.0,136.0,142.0,134.0
116.0,118.0,125.0,120.0,117.0
115.0,156.0,144.0,141.0,138.0
141.0,110.0,114.0,116.0,94.0
183.0,192.0,195.0,173.0,157.0
168.0,180.0,144.0,125.0,147.0
124.0,130.0,139.0,155.0,108.0
111.0,122.0,110.0,0.0,89.0
190.0,173.0,170.0,0.0,123.0
151.0,126.0,121.0,125.0,143.0
158.0,141.0,186.0,0.0,98.0
120.0,113.0,142.0,152.0,134.0
151.0,156.0,141.0,186.0,131.0
221.0,145.0,203.0,0.0,151.0
117.0,106.0,176.0,0.0,117.0
114.0,92.0,121.0,174.0,160.0
156.0,128.0,190.0,159.0,154.0
144.0,122.0,147.0,130.0,125.0
158.0,135.0,165.0,179.0,122.0
126.0,90.0,180.0,162.0,149.0
182.0,195.0,209.0,145.0,207.0
104.0,109.0,104.0,113.0,131.0
175.0,145.0,168.0,120.0,120.0
147.0,138.0,123.0,168.0,139.0
133.0,149.0,139.0,83.0,134.0
177.0,160.0,180.0,124.0,175.0
199.0,175.0,172.0,123.0,182.0
129.0,150.0,128.0,132.0,109.0
162.0,135.0,143.0,117.0,157.0
181.0,155.0,116.0,121.0,106.0
181.0,198.0,189.0,175.0,191.0
173.0,136.0,173.0,179.0,155.0
214.0,225.0,202.0,153.0,215.0
108.0,93.0,134.0,137.0,97.0
93.0,88.0,105.0,149.0,67.0
93.0,106.0,113.0,149.0,126.0
143.0,147.0,134.0,129.0,118.0
107.0,87.0,133.0,131.0,80.0
204.0,191.0,162.0,173.0,165.0
207.0,201.0,166.0,168.0,193.0
111.0,123.0,85.0,177.0,108.0
136.0,130.0,136.0,119.0,145.0
207.0,194.0,142.0,145.0,197.0
178.0,163.0,120.0,154.0,176.0
177.0,143.0,149.0,0.0,130.0
157.0,173.0,136.0,160.0,128.0
203.0,89.0,218.0,172.0,300.0
156.0,143.0,143.0,172.0,143.0
149.0,132.0,142.0,85.0,110.0
137.0,135.0,154.0,169.0,153.0
158.0,193.0,177.0,155.0,186.0
132.0,155.0,111.0,156.0,124.0
138.0,134.0,136.0,94.0,130.0
147.0,119.0,199.0,149.0,130.0
122.0,126.0,139.0,145.0,146.0
166.0,188.0,144.0,125.0,165.0
183.0,220.0,199.0,170.0,204.0
170.0,165.0,151.0,115.0,147.0
122.0,151.0,148.0,155.0,158.0
178.0,165.0,173.0,161.0,131.0
116.0,132.0,153.0,120.0,102.0
144.0,144.0,162.0,128.0,140.0
183.0,175.0,213.0,170.0,185.0
143.0,150.0,160.0,170.0,94.0
170.0,167.0,198.0,129.0,99.0
160.0,134.0,195.0,155.0,126.0
144.0,131.0,168.0,121.0,162.0
117.0,110.0,150.0,139.0,96.0
133.0,122.0,146.0,119.0,102.0
192.0,191.0,187.0,186.0,178.0
187.0,178.0,196.0,123.0,153.0
213.0,219.0,216.0,198.0,193.0
129.0,148.0,144.0,153.0,158.0
120.0,121.0,119.0,0.0,161.0
117.0,119.0,139.0,114.0,89.0
153.0,171.0,118.0,155.0,102.0
158.0,153.0,123.0,164.0,144.0
120.0,111.0,171.0,139.0,110.0
138.0,127.0,135.0,115.0,148.0
183.0,179.0,162.0,150.0,149.0
141.0,114.0,158.0,117.0,159.0
179.0,172.0,165.0,171.0,135.0
108.0,105.0,160.0,121.0,137.0
154.0,190.0,156.0,155.0,141.0
157.0,193.0,186.0,159.0,167.0
180.0,139.0,187.0,123.0,163.0
151.0,137.0,171.0,161.0,135.0
169.0,164.0,176.0,117.0,159.0
118.0,131.0,134.0,125.0,131.0
214.0,192.0,207.0,121.0,196.0
150.0,174.0,159.0,155.0,153.0
167.0,199.0,182.0,155.0,174.0
186.0,168.0,122.0,0.0,177.0
159.0,161.0,111.0,175.0,82.0
121.0,92.0,113.0,120.0,101.0
171.0,139.0,183.0,159.0,138.0
121.0,131.0,150.0,86.0,96.0
153.0,170.0,154.0,136.0,160.0
176.0,173.0,149.0,159.0,191.0
209.0,183.0,201.0,150.0,150.0
149.0,144.0,130.0,147.0,119.0
188.0,184.0,192.0,174.0,185.0
193.0,161.0,201.0,178.0,181.0
110.0,92.0,139.0,150.0,101.0
118.0,94.0,130.0,0.0,104.0
186.0,202.0,182.0,176.0,167.0
144.0,166.0,146.0,150.0,157.0
165.0,189.0,187.0,153.0,153.0
216.0,195.0,222.0,155.0,193.0
122.0,140.0,168.0,126.0,121.0
97.0,111.0,116.0,130.0,120.0
143.0,131.0,141.0,175.0,97.0
149.0,168.0,150.0,152.0,192.0
162.0,203.0,187.0,170.0,173.0
194.0,201.0,209.0,159.0,211.0
108.0,133.0,165.0,123.0,146.0
114.0,92.0,152.0,122.0,116.0
116.0,145.0,164.0,157.0,140.0
165.0,151.0,154.0,178.0,169.0
145.0,151.0,118.0,102.0,131.0
159.0,111.0,160.0,118.0,128.0
300.0,202.0,198.0,300.0,185.0
170.0,150.0,168.0,119.0,114.0
140.0,109.0,108.0,153.0,76.0
81.0,105.0,143.0,116.0,168.0
144.0,136.0,118.0,132.0,132.0
172.0,171.0,196.0,142.0,128.0
186.0,190.0,168.0,191.0,160.0
158.0,166.0,180.0,150.0,133.0
191.0,190.0,217.0,166.0,142.0
188.0,182.0,199.0,172.0,118.0
155.0,162.0,135.0,118.0,137.0
182.0,126.0,195.0,175.0,170.0
185.0,198.0,202.0,170.0,210.0
174.0,141.0,147.0,123.0,151.0
162.0,166.0,147.0,170.0,116.0
156.0,158.0,188.0,151.0,125.0
191.0,182.0,160.0,300.0,199.0
133.0,157.0,131.0,88.0,149.0
126.0,129.0,145.0,118.0,92.0
145.0,127.0,152.0,119.0,125.0
106.0,141.0,152.0,124.0,124.0
100.0,84.0,195.0,137.0,85.0
106.0,116.0,168.0,178.0,85.0
165.0,79.0,135.0,174.0,158.0
128.0,183.0,139.0,160.0,134.0
103.0,88.0,216.0,166.0,180.0
89.0,114.0,133.0,120.0,88.0
81.0,122.0,174.0,128.0,116.0
185.0,175.0,205.0,116.0,196.0
172.0,138.0,158.0,168.0,155.0
165.0,150.0,155.0,149.0,134.0
130.0,121.0,120.0,147.0,109.0
140.0,164.0,164.0,165.0,156.0
173.0,162.0,176.0,177.0,125.0
151.0,141.0,150.0,163.0,122.0
139.0,109.0,184.0,136.0,179.0
157.0,144.0,157.0,149.0,162.0
199.0,211.0,174.0,127.0,186.0
173.0,171.0,130.0,117.0,180.0
117.0,131.0,117.0,80.0,117.0
142.0,92.0,143.0,158.0,137.0
113.0,119.0,144.0,111.0,121.0
177.0,190.0,194.0,150.0,181.0
141.0,107.0,143.0,114.0,101.0
133.0,144.0,137.0,127.0,119.0
154.0,132.0,162.0,137.0,114.0
187.0,188.0,203.0,196.0,141.0
95.0,78.0,105.0,121.0,75.0
134.0,138.0,151.0,129.0,117.0
147.0,147.0,121.0,115.0,123.0
120.0,152.0,111.0,129.0,107.0
129.0,97.0,138.0,180.0,148.0
114.0,109.0,110.0,127.0,116.0
152.0,138.0,201.0,171.0,186.0
136.0,106.0,127.0,130.0,133.0
147.0,184.0,163.0,155.0,150.0
127.0,83.0,142.0,137.0,133.0
189.0,128.0,178.0,156.0,203.0
142.0,118.0,181.0,167.0,129.0
199.0,189.0,170.0,171.0,172.0
141.0,141.0,140.0,166.0,104.0
173.0,189.0,181.0,149.0,168.0
210.0,208.0,180.0,166.0,189.0
160.0,145.0,133.0,127.0,129.0
138.0,166.0,176.0,164.0,193.0
211.0,193.0,179.0,0.0,166.0
197.0,185.0,190.0,171.0,175.0
152.0,159.0,126.0,141.0,175.0
148.0,148.0,142.0,175.0,125.0
128.0,75.0,137.0,120.0,143.0
115.0,104.0,162.0,120.0,127.0
174.0,166.0,190.0,148.0,187.0
163.0,156.0,180.0,129.0,152.0
169.0,153.0,133.0,175.0,157.0
140.0,124.0,123.0,143.0,123.0
136.0,180.0,117.0,155.0,211.0
151.0,153.0,139.0,125.0,94.0
165.0,145.0,147.0,116.0,104.0
179.0,189.0,196.0,172.0,132.0
174.0,173.0,158.0,130.0,181.0
138.0,125.0,154.0,170.0,124.0
143.0,189.0,207.0,160.0,99.0
135.0,169.0,148.0,181.0,146.0
135.0,142.0,144.0,124.0,143.0
134.0,110.0,124.0,132.0,129.0
146.0,148.0,149.0,147.0,132.0
152.0,132.0,154.0,115.0,120.0
165.0,156.0,177.0,110.0,183.0
153.0,126.0,149.0,125.0,191.0
161.0,150.0,202.0,170.0,205.0
158.0,174.0,165.0,103.0,128.0
130.0,129.0,129.0,128.0,107.0
170.0,159.0,143.0,85.0,109.0
135.0,133.0,145.0,123.0,107.0
172.0,125.0,112.0,176.0,109.0
205.0,212.0,194.0,145.0,154.0
178.0,190.0,203.0,149.0,177.0
152.0,155.0,77.0,0.0,155.0
129.0,162.0,136.0,168.0,158.0
168.0,141.0,136.0,94.0,142.0
131.0,159.0,100.0,117.0,130.0
182.0,186.0,228.0,157.0,208.0
200.0,193.0,196.0,180.0,212.0
119.0,132.0,131.0,137.0,147.0
180.0,90.0,199.0,157.0,159.0
116.0,120.0,120.0,139.0,122.0
181.0,91.0,128.0,118.0,113.0
143.0,88.0,165.0,130.0,73.0
120.0,106.0,149.0,84.0,112.0
124.0,81.0,208.0,163.0,153.0
156.0,164.0,125.0,138.0,122.0
135.0,152.0,132.0,147.0,128.0
176.0,133.0,192.0,140.0,157.0
121.0,126.0,114.0,118.0,132.0
165.0,197.0,177.0,0.0,222.0
209.0,181.0,300.0,171.0,174.0
156.0,149.0,172.0,149.0,144.0
207.0,158.0,199.0,187.0,201.0
136.0,111.0,149.0,156.0,148.0
177.0,183.0,185.0,170.0,202.0
181.0,172.0,174.0,116.0,191.0
206.0,165.0,180.0,165.0,179.0
142.0,175.0,152.0,162.0,149.0
127.0,152.0,114.0,130.0,113.0
147.0,98.0,160.0,168.0,158.0
201.0,120.0,203.0,133.0,196.0
199.0,192.0,185.0,119.0,162.0
141.0,173.0,108.0,119.0,109.0
134.0,103.0,117.0,162.0,107.0
95.0,103.0,141.0,164.0,116.0
147.0,140.0,168.0,127.0,144.0
183.0,194.0,300.0,171.0,183.0
131.0,95.0,98.0,116.0,104.0
157.0,180.0,154.0,92.0,128.0
197.0,187.0,186.0,174.0,96.0
221.0,218.0,199.0,182.0,204.0
162.0,86.0,172.0,115.0,184.0
162.0,96.0,114.0,118.0,137.0
122.0,163.0,197.0,87.0,152.0
147.0,151.0,190.0,172.0,160.0
160.0,104.0,126.0,175.0,118.0
142.0,154.0,160.0,118.0,165.0
190.0,187.0,201.0,168.0,187.0
207.0,195.0,179.0,158.0,184.0
112.0,97.0,123.0,145.0,83.0
132.0,136.0,127.0,129.0,128.0
136.0,137.0,146.0,177.0,122.0
138.0,106.0,130.0,130.0,116.0
171.0,160.0,117.0,185.0,159.0
136.0,125.0,151.0,125.0,123.0
169.0,162.0,151.0,173.0,184.0
112.0,114.0,138.0,145.0,155.0
200.0,198.0,202.0,127.0,191.0
115.0,94.0,125.0,179.0,136.0
103.0,135.0,121.0,108.0,104.0
135.0,158.0,153.0,161.0,141.0
197.0,182.0,202.0,122.0,168.0
108.0,144.0,128.0,133.0,136.0
135.0,76.0,109.0,120.0,121.0
135.0,106.0,152.0,122.0,130.0
130.0,139.0,121.0,135.0,98.0
131.0,105.0,93.0,169.0,113.0
189.0,182.0,179.0,148.0,168.0
156.0,133.0,161.0,149.0,127.0
143.0,168.0,143.0,122.0,157.0
121.0,104.0,132.0,0.0,96.0
153.0,178.0,151.0,0.0,116.0
191.0,181.0,197.0,124.0,178.0
115.0,115.0,151.0,146.0,168.0
119.0,107.0,126.0,189.0,96.0
116.0,121.0,122.0,114.0,109.0
172.0,176.0,190.0,171.0,87.0
178.0,168.0,169.0,175.0,108.0
155.0,131.0,143.0,130.0,164.0
144.0,159.0,153.0,120.0,120.0
159.0,160.0,155.0,174.0,197.0
145.0,168.0,129.0,138.0,145.0
203.0,168.0,160.0,143.0,148.0
199.0,191.0,300.0,191.0,217.0
189.0,180.0,117.0,125.0,178.0
169.0,134.0,194.0,0.0,199.0
141.0,114.0,130.0,118.0,115.0
150.0,152.0,143.0,123.0,138.0
101.0,117.0,134.0,123.0,111.0
145.0,133.0,173.0,113.0,153.0
182.0,138.0,146.0,143.0,135.0
155.0,167.0,119.0,129.0,119.0
139.0,128.0,172.0,174.0,165.0
191.0,218.0,194.0,176.0,193.0
167.0,173.0,169.0,170.0,132.0
188.0,150.0,192.0,162.0,144.0
181.0,150.0,179.0,154.0,128.0
186.0,169.0,157.0,114.0,159.0
140.0,125.0,136.0,168.0,71.0
109.0,122.0,110.0,0.0,88.0
116.0,119.0,141.0,155.0,114.0
146.0,90.0,175.0,177.0,118.0
140.0,101.0,135.0,149.0,152.0
153.0,159.0,129.0,94.0,138.0
182.0,189.0,198.0,0.0,166.0
173.0,195.0,231.0,201.0,195.0
191.0,184.0,154.0,125.0,127.0
141.0,139.0,146.0,160.0,177.0
160.0,114.0,153.0,134.0,127.0
156.0,132.0,115.0,166.0,152.0
166.0,195.0,186.0,157.0,130.0
181.0,172.0,193.0,152.0,204.0
181.0,110.0,131.0,116.0,193.0
165.0,148.0,152.0,191.0,155.0
121.0,102.0,101.0,120.0,105.0
161.0,81.0,119.0,150.0,85.0
162.0,123.0,168.0,122.0,150.0
172.0,186.0,179.0,162.0,192.0
168.0,164.0,182.0,128.0,118.0
117.0,79.0,139.0,117.0,126.0
183.0,143.0,209.0,125.0,118.0
183.0,185.0,168.0,143.0,162.0
129.0,113.0,135.0,179.0,122.0
179.0,156.0,176.0,185.0,156.0
150.0,114.0,151.0,159.0,111.0
161.0,127.0,187.0,116.0,174.0
147.0,164.0,164.0,164.0,191.0
132.0,105.0,151.0,165.0,115.0
154.0,145.0,166.0,119.0,154.0
143.0,124.0,129.0,133.0,106.0
196.0,207.0,224.0,168.0,191.0
100.0,161.0,154.0,120.0,142.0
142.0,137.0,148.0,126.0,120.0
165.0,188.0,186.0,125.0,170.0
114.0,107.0,114.0,124.0,125.0
167.0,128.0,175.0,113.0,141.0
123.0,129.0,134.0,123.0,102.0
113.0,100.0,106.0,156.0,165.0
108.0,109.0,137.0,126.0,126.0
129.0,125.0,140.0,172.0,126.0
131.0,152.0,158.0,123.0,142.0
191.0,173.0,211.0,124.0,191.0
138.0,107.0,142.0,0.0,158.0
133.0,117.0,166.0,0.0,155.0
160.0,165.0,150.0,121.0,127.0
186.0,184.0,187.0,161.0,148.0
114.0,95.0,142.0,128.0,79.0
158.0,152.0,101.0,165.0,123.0
150.0,182.0,183.0,155.0,142.0
120.0,138.0,133.0,169.0,155.0
142.0,121.0,168.0,168.0,144.0
168.0,164.0,181.0,154.0,157.0
185.0,153.0,106.0,154.0,108.0
147.0,164.0,125.0,0.0,117.0
133.0,137.0,143.0,121.0,110.0
114.0,135.0,144.0,142.0,135.0
179.0,198.0,172.0,168.0,183.0
135.0,169.0,151.0,155.0,137.0
147.0,156.0,198.0,119.0,176.0
162.0,167.0,159.0,160.0,154.0
153.0,158.0,208.0,126.0,138.0
114.0,121.0,143.0,179.0,76.0
164.0,176.0,143.0,128.0,170.0
174.0,178.0,134.0,168.0,186.0
163.0,120.0,112.0,0.0,129.0
184.0,206.0,194.0,113.0,223.0
170.0,183.0,168.0,184.0,163.0
230.0,219.0,203.0,176.0,198.0
173.0,195.0,179.0,142.0,163.0
114.0,132.0,151.0,120.0,104.0
180.0,157.0,146.0,153.0,156.0
89.0,109.0,131.0,124.0,128.0
187.0,189.0,187.0,89.0,165.0
133.0,90.0,146.0,109.0,155.0
136.0,111.0,135.0,125.0,131.0
115.0,91.0,128.0,149.0,132.0
152.0,176.0,174.0,171.0,183.0
153.0,133.0,163.0,125.0,130.0
164.0,134.0,134.0,130.0,139.0
193.0,192.0,172.0,147.0,197.0
167.0,185.0,201.0,127.0,127.0
107.0,138.0,119.0,119.0,110.0
150.0,110.0,137.0,150.0,165.0
159.0,144.0,167.0,151.0,150.0
187.0,192.0,188.0,173.0,166.0
166.0,142.0,156.0,120.0,134.0
121.0,158.0,156.0,147.0,175.0
148.0,167.0,139.0,147.0,115.0
171.0,146.0,179.0,154.0,144.0
147.0,108.0,155.0,148.0,147.0
169.0,155.0,137.0,149.0,138.0
131.0,117.0,142.0,123.0,99.0
133.0,119.0,136.0,139.0,133.0
124.0,129.0,143.0,169.0,139.0
113.0,111.0,149.0,120.0,104.0
118.0,126.0,180.0,168.0,172.0
192.0,166.0,171.0,125.0,177.0
175.0,174.0,166.0,168.0,161.0
167.0,199.0,223.0,169.0,179.0
187.0,181.0,192.0,153.0,172.0
134.0,117.0,118.0,113.0,134.0
168.0,156.0,147.0,130.0,138.0
193.0,161.0,188.0,167.0,161.0
120.0,114.0,173.0,80.0,139.0
181.0,205.0,219.0,154.0,171.0
95.0,91.0,98.0,0.0,76.0
193.0,194.0,152.0,150.0,169.0
192.0,179.0,175.0,167.0,203.0
103.0,108.0,123.0,123.0,91.0
112.0,106.0,144.0,117.0,132.0
126.0,139.0,142.0,108.0,125.0
153.0,163.0,138.0,114.0,140.0
116.0,116.0,128.0,121.0,105.0
131.0,166.0,142.0,123.0,134.0
170.0,196.0,145.0,149.0,124.0
146.0,163.0,116.0,163.0,161.0
131.0,83.0,122.0,133.0,190.0
164.0,135.0,146.0,149.0,135.0
149.0,112.0,129.0,158.0,160.0
137.0,135.0,147.0,127.0,160.0
140.0,96.0,150.0,118.0,71.0
149.0,100.0,149.0,126.0,90.0
152.0,169.0,148.0,104.0,93.0
177.0,170.0,162.0,166.0,153.0
163.0,171.0,137.0,159.0,121.0
136.0,100.0,119.0,172.0,98.0
184.0,151.0,190.0,186.0,126.0
167.0,153.0,176.0,115.0,132.0
140.0,176.0,152.0,153.0,177.0
134.0,157.0,112.0,114.0,151.0
180.0,147.0,160.0,128.0,137.0
145.0,103.0,152.0,152.0,150.0
148.0,142.0,77.0,172.0,136.0
163.0,107.0,141.0,154.0,141.0
169.0,118.0,149.0,158.0,156.0
168.0,151.0,180.0,128.0,136.0
127.0,140.0,149.0,150.0,109.0
171.0,198.0,181.0,155.0,186.0
169.0,147.0,190.0,113.0,79.0
119.0,128.0,104.0,113.0,96.0
116.0,198.0,148.0,155.0,159.0
175.0,179.0,162.0,117.0,166.0
152.0,151.0,113.0,124.0,124.0
148.0,172.0,132.0,148.0,160.0
212.0,182.0,174.0,152.0,80.0
114.0,108.0,124.0,116.0,112.0
152.0,137.0,172.0,128.0,150.0
188.0,192.0,187.0,196.0,175.0
105.0,102.0,119.0,121.0,105.0
140.0,169.0,158.0,115.0,114.0
176.0,139.0,127.0,123.0,146.0
194.0,189.0,194.0,153.0,223.0
131.0,133.0,155.0,119.0,180.0
143.0,134.0,162.0,172.0,138.0
110.0,73.0,103.0,174.0,152.0
175.0,168.0,186.0,121.0,157.0
142.0,137.0,135.0,121.0,141.0
160.0,141.0,198.0,127.0,157.0
137.0,137.0,127.0,120.0,163.0
172.0,155.0,175.0,118.0,175.0
150.0,157.0,159.0,125.0,185.0
173.0,152.0,137.0,126.0,137.0
110.0,136.0,192.0,91.0,171.0
134.0,169.0,164.0,129.0,119.0
171.0,181.0,148.0,168.0,145.0
212.0,153.0,114.0,153.0,143.0
210.0,177.0,177.0,153.0,188.0
157.0,163.0,145.0,120.0,137.0
154.0,162.0,183.0,180.0,175.0
161.0,179.0,133.0,121.0,142.0
144.0,137.0,145.0,133.0,125.0
145.0,151.0,180.0,144.0,138.0
160.0,165.0,209.0,174.0,170.0
199.0,166.0,162.0,161.0,206.0
137.0,127.0,161.0,119.0,145.0
115.0,98.0,112.0,126.0,109.0
149.0,105.0,164.0,136.0,140.0
106.0,123.0,125.0,127.0,155.0
113.0,91.0,137.0,126.0,116.0
128.0,128.0,110.0,169.0,134.0
116.0,110.0,146.0,157.0,137.0
192.0,183.0,181.0,178.0,146.0
170.0,188.0,199.0,152.0,143.0
134.0,116.0,151.0,116.0,165.0
186.0,169.0,204.0,162.0,173.0
185.0,185.0,212.0,165.0,148.0
148.0,167.0,120.0,115.0,145.0
188.0,185.0,207.0,176.0,152.0
148.0,122.0,143.0,0.0,129.0
188.0,194.0,163.0,174.0,125.0
181.0,195.0,169.0,116.0,162.0
142.0,102.0,130.0,0.0,153.0
148.0,130.0,148.0,169.0,121.0
171.0,161.0,109.0,113.0,107.0
163.0,125.0,205.0,178.0,171.0
194.0,191.0,172.0,179.0,184.0
117.0,98.0,128.0,153.0,104.0
173.0,169.0,165.0,173.0,191.0
102.0,147.0,189.0,152.0,123.0
147.0,109.0,126.0,105.0,125.0
123.0,100.0,109.0,124.0,135.0
166.0,143.0,217.0,157.0,171.0
131.0,98.0,84.0,116.0,105.0
159.0,125.0,146.0,118.0,107.0
157.0,124.0,103.0,166.0,99.0
171.0,171.0,162.0,151.0,168.0
119.0,102.0,105.0,172.0,142.0
167.0,165.0,179.0,171.0,135.0
169.0,191.0,194.0,159.0,152.0
156.0,143.0,158.0,182.0,124.0
132.0,99.0,132.0,77.0,110.0
146.0,159.0,170.0,177.0,151.0
127.0,131.0,105.0,119.0,82.0
224.0,207.0,211.0,160.0,168.0
139.0,172.0,170.0,115.0,165.0
132.0,155.0,137.0,70.0,130.0
149.0,185.0,130.0,120.0,127.0
151.0,185.0,149.0,125.0,164.0
128.0,153.0,151.0,160.0,167.0
173.0,171.0,156.0,147.0,147.0
181.0,191.0,179.0,166.0,200.0
162.0,167.0,155.0,152.0,155.0
177.0,136.0,188.0,157.0,129.0
107.0,89.0,115.0,122.0,84.0
120.0,94.0,122.0,133.0,130.0
131.0,155.0,155.0,116.0,118.0
147.0,141.0,159.0,132.0,134.0
159.0,147.0,126.0,126.0,164.0
124.0,131.0,145.0,0.0,114.0
181.0,165.0,180.0,138.0,153.0
153.0,125.0,125.0,126.0,190.0
184.0,131.0,173.0,144.0,157.0
153.0,177.0,189.0,172.0,152.0
158.0,112.0,168.0,174.0,159.0
144.0,167.0,152.0,145.0,142.0
125.0,111.0,146.0,122.0,118.0
166.0,177.0,126.0,114.0,111.0
212.0,179.0,210.0,165.0,203.0
138.0,147.0,124.0,161.0,145.0
177.0,197.0,182.0,126.0,139.0
201.0,150.0,135.0,121.0,180.0
101.0,120.0,182.0,153.0,124.0
172.0,174.0,165.0,159.0,198.0
176.0,177.0,171.0,150.0,153.0
182.0,156.0,172.0,124.0,134.0
128.0,137.0,120.0,161.0,133.0
143.0,146.0,126.0,181.0,125.0
100.0,108.0,117.0,154.0,131.0
159.0,174.0,158.0,90.0,166.0
128.0,145.0,161.0,152.0,107.0
152.0,111.0,123.0,151.0,155.0
128.0,100.0,155.0,115.0,149.0
152.0,138.0,168.0,125.0,121.0
133.0,142.0,186.0,161.0,124.0
136.0,109.0,129.0,162.0,144.0
147.0,136.0,150.0,124.0,149.0
228.0,194.0,216.0,182.0,219.0
169.0,197.0,183.0,169.0,173.0
193.0,188.0,80.0,150.0,146.0
163.0,154.0,124.0,159.0,155.0
104.0,120.0,144.0,121.0,138.0
143.0,137.0,140.0,134.0,85.0
177.0,189.0,193.0,129.0,132.0
197.0,194.0,199.0,170.0,223.0
131.0,141.0,191.0,0.0,155.0
172.0,146.0,193.0,128.0,181.0
128.0,118.0,124.0,124.0,73.0
140.0,80.0,130.0,137.0,103.0
120.0,122.0,165.0,130.0,133.0
209.0,218.0,300.0,300.0,218.0
155.0,159.0,203.0,166.0,132.0
190.0,179.0,161.0,180.0,139.0
185.0,178.0,109.0,120.0,167.0
156.0,129.0,145.0,170.0,92.0
106.0,80.0,146.0,118.0,98.0
198.0,175.0,212.0,165.0,173.0
202.0,201.0,300.0,168.0,216.0
169.0,123.0,106.0,145.0,181.0
180.0,158.0,155.0,151.0,182.0
159.0,156.0,144.0,155.0,168.0
166.0,167.0,173.0,122.0,163.0
146.0,118.0,149.0,96.0,96.0
177.0,159.0,164.0,158.0,121.0
167.0,188.0,203.0,183.0,134.0
0.0,0.0,0.0,112.0,0.0
161.0,154.0,189.0,103.0,138.0
161.0,146.0,141.0,201.0,148.0
176.0,190.0,300.0,176.0,198.0
208.0,216.0,206.0,165.0,210.0
132.0,141.0,156.0,189.0,105.0
188.0,205.0,174.0,123.0,170.0
109.0,122.0,126.0,157.0,126.0
156.0,149.0,153.0,168.0,132.0
132.0,141.0,135.0,185.0,129.0
122.0,162.0,153.0,112.0,186.0
204.0,173.0,197.0,177.0,192.0
153.0,160.0,150.0,173.0,157.0
161.0,142.0,167.0,85.0,107.0
147.0,127.0,192.0,129.0,124.0
104.0,170.0,159.0,180.0,171.0
106.0,110.0,191.0,172.0,99.0
148.0,117.0,146.0,123.0,128.0
199.0,202.0,176.0,158.0,300.0
158.0,183.0,219.0,115.0,300.0
109.0,105.0,141.0,92.0,109.0
174.0,200.0,160.0,165.0,190.0
185.0,128.0,184.0,129.0,125.0
172.0,164.0,183.0,167.0,176.0
121.0,181.0,150.0,119.0,147.0
198.0,175.0,211.0,98.0,214.0
121.0,126.0,140.0,143.0,131.0
141.0,134.0,111.0,183.0,90.0
145.0,139.0,181.0,112.0,156.0
150.0,140.0,155.0,162.0,176.0
120.0,122.0,125.0,115.0,153.0
111.0,89.0,124.0,146.0,111.0
217.0,222.0,225.0,164.0,212.0
200.0,173.0,169.0,169.0,222.0
124.0,134.0,154.0,141.0,136.0
149.0,155.0,131.0,151.0,94.0
120.0,104.0,131.0,146.0,119.0
126.0,91.0,114.0,120.0,95.0
143.0,181.0,158.0,154.0,154.0
125.0,155.0,105.0,149.0,117.0
110.0,114.0,154.0,158.0,120.0
174.0,149.0,137.0,127.0,174.0
111.0,124.0,132.0,114.0,114.0
172.0,172.0,190.0,125.0,146.0
126.0,126.0,160.0,122.0,193.0
176.0,178.0,209.0,166.0,181.0
134.0,118.0,138.0,109.0,144.0
135.0,132.0,118.0,137.0,122.0
114.0,122.0,169.0,174.0,99.0
152.0,131.0,149.0,127.0,140.0
179.0,210.0,197.0,169.0,143.0
176.0,144.0,166.0,129.0,112.0
188.0,143.0,173.0,173.0,167.0
120.0,119.0,112.0,134.0,93.0
110.0,155.0,140.0,168.0,100.0
163.0,122.0,130.0,119.0,136.0
165.0,182.0,207.0,167.0,174.0
142.0,107.0,108.0,132.0,110.0
175.0,159.0,140.0,150.0,185.0
145.0,140.0,141.0,122.0,114.0
140.0,145.0,139.0,158.0,126.0
155.0,111.0,145.0,162.0,105.0
125.0,139.0,141.0,109.0,137.0
167.0,167.0,160.0,162.0,190.0
133.0,109.0,170.0,166.0,109.0
118.0,94.0,108.0,129.0,119.0
105.0,104.0,140.0,174.0,137.0
131.0,123.0,125.0,171.0,123.0
165.0,121.0,207.0,137.0,143.0
195.0,98.0,181.0,0.0,181.0
176.0,204.0,156.0,156.0,187.0
133.0,143.0,138.0,121.0,150.0
129.0,121.0,147.0,113.0,124.0
147.0,186.0,138.0,128.0,115.0
96.0,105.0,140.0,167.0,117.0
167.0,143.0,180.0,112.0,166.0
86.0,73.0,124.0,157.0,84.0
155.0,136.0,136.0,137.0,148.0
177.0,158.0,178.0,154.0,162.0
162.0,167.0,139.0,87.0,145.0
182.0,173.0,204.0,120.0,190.0
153.0,181.0,165.0,199.0,185.0
161.0,179.0,218.0,183.0,128.0
141.0,135.0,185.0,168.0,129.0
134.0,128.0,176.0,165.0,127.0
98.0,132.0,144.0,116.0,108.0
141.0,89.0,100.0,88.0,106.0
115.0,154.0,170.0,145.0,147.0
116.0,138.0,143.0,111.0,139.0
192.0,163.0,202.0,121.0,191.0
108.0,127.0,106.0,116.0,108.0
169.0,140.0,191.0,158.0,86.0
89.0,174.0,166.0,148.0,167.0
149.0,128.0,119.0,153.0,176.0
100.0,116.0,111.0,104.0,87.0
108.0,153.0,115.0,102.0,123.0
145.0,137.0,195.0,172.0,161.0
204.0,177.0,154.0,125.0,127.0
186.0,179.0,198.0,151.0,153.0
97.0,114.0,132.0,121.0,96.0
145.0,150.0,153.0,300.0,164.0
145.0,110.0,106.0,135.0,147.0
138.0,151.0,131.0,108.0,111.0
178.0,160.0,163.0,145.0,192.0
158.0,148.0,169.0,157.0,153.0
160.0,133.0,133.0,160.0,164.0
127.0,116.0,110.0,97.0,85.0
157.0,144.0,120.0,180.0,134.0
148.0,145.0,126.0,160.0,126.0
180.0,117.0,148.0,156.0,139.0
131.0,122.0,128.0,112.0,128.0
175.0,150.0,209.0,165.0,131.0
151.0,140.0,168.0,0.0,80.0
133.0,137.0,135.0,84.0,100.0
153.0,151.0,127.0,120.0,131.0
160.0,96.0,149.0,177.0,147.0
145.0,165.0,148.0,149.0,135.0
187.0,156.0,178.0,98.0,198.0
164.0,173.0,152.0,116.0,131.0
152.0,175.0,122.0,86.0,136.0
178.0,124.0,170.0,117.0,144.0
138.0,101.0,111.0,113.0,113.0
70.0,119.0,153.0,153.0,110.0
112.0,96.0,104.0,149.0,76.0
114.0,126.0,93.0,86.0,124.0
109.0,105.0,136.0,180.0,106.0
107.0,85.0,109.0,86.0,109.0
134.0,148.0,158.0,111.0,151.0
183.0,195.0,145.0,167.0,176.0
163.0,168.0,180.0,144.0,189.0
176.0,183.0,168.0,161.0,156.0
130.0,107.0,116.0,119.0,143.0
137.0,144.0,147.0,119.0,141.0
210.0,174.0,191.0,117.0,145.0
201.0,188.0,201.0,180.0,162.0
189.0,131.0,170.0,162.0,152.0
154.0,112.0,172.0,147.0,184.0
190.0,170.0,174.0,122.0,171.0
126.0,118.0,129.0,112.0,86.0
132.0,130.0,112.0,166.0,120.0
176.0,177.0,144.0,116.0,152.0
191.0,172.0,210.0,146.0,166.0
140.0,131.0,121.0,149.0,137.0
129.0,164.0,136.0,134.0,146.0
186.0,148.0,195.0,174.0,165.0
144.0,139.0,114.0,150.0,159.0
105.0,111.0,133.0,96.0,86.0
103.0,120.0,120.0,113.0,161.0
135.0,127.0,141.0,162.0,141.0
217.0,192.0,300.0,132.0,176.0
116.0,124.0,154.0,110.0,157.0
93.0,134.0,139.0,121.0,172.0
147.0,150.0,123.0,116.0,123.0
144.0,115.0,114.0,128.0,153.0
152.0,117.0,182.0,160.0,149.0
141.0,137.0,154.0,123.0,126.0
185.0,168.0,177.0,123.0,168.0
174.0,164.0,146.0,117.0,141.0
133.0,141.0,137.0,155.0,98.0
147.0,109.0,189.0,164.0,126.0
201.0,210.0,205.0,112.0,178.0
141.0,99.0,142.0,0.0,126.0
160.0,181.0,150.0,141.0,125.0
141.0,144.0,170.0,122.0,99.0
111.0,132.0,130.0,149.0,100.0
177.0,134.0,180.0,145.0,141.0
178.0,172.0,161.0,89.0,146.0
180.0,190.0,152.0,134.0,148.0
184.0,190.0,170.0,170.0,166.0
197.0,194.0,197.0,171.0,139.0
157.0,137.0,162.0,0.0,166.0
136.0,123.0,208.0,128.0,149.0
163.0,138.0,176.0,163.0,127.0
160.0,118.0,137.0,151.0,158.0
105.0,74.0,126.0,100.0,121.0
119.0,111.0,126.0,142.0,115.0
166.0,139.0,159.0,169.0,182.0
172.0,104.0,112.0,130.0,90.0
186.0,194.0,168.0,126.0,174.0
157.0,121.0,158.0,120.0,165.0
134.0,95.0,118.0,123.0,75.0
153.0,160.0,195.0,118.0,99.0
161.0,118.0,155.0,167.0,171.0
154.0,111.0,192.0,171.0,117.0
156.0,171.0,138.0,175.0,161.0
129.0,178.0,159.0,124.0,175.0
160.0,167.0,139.0,124.0,155.0
190.0,195.0,183.0,124.0,200.0
177.0,156.0,148.0,160.0,166.0
209.0,145.0,207.0,183.0,198.0
190.0,193.0,194.0,168.0,195.0
206.0,169.0,199.0,145.0,212.0
103.0,158.0,188.0,191.0,181.0
156.0,156.0,209.0,168.0,147.0
110.0,86.0,110.0,145.0,139.0
171.0,170.0,169.0,155.0,158.0
164.0,136.0,161.0,148.0,146.0
157.0,178.0,156.0,116.0,165.0
188.0,153.0,108.0,177.0,188.0
233.0,203.0,225.0,189.0,190.0
140.0,169.0,141.0,134.0,126.0
172.0,139.0,141.0,175.0,154.0
169.0,200.0,161.0,121.0,142.0
145.0,133.0,101.0,177.0,106.0
159.0,126.0,108.0,146.0,131.0
156.0,110.0,140.0,150.0,205.0
174.0,166.0,158.0,134.0,153.0
124.0,128.0,153.0,122.0,104.0
123.0,111.0,138.0,170.0,160.0
161.0,92.0,167.0,173.0,178.0
109.0,129.0,114.0,129.0,96.0
140.0,138.0,166.0,164.0,132.0
121.0,96.0,119.0,0.0,85.0
103.0,104.0,110.0,122.0,136.0
194.0,183.0,173.0,199.0,98.0
164.0,139.0,156.0,122.0,140.0
184.0,182.0,177.0,126.0,153.0
185.0,153.0,172.0,130.0,161.0
153.0,146.0,176.0,149.0,104.0
155.0,171.0,161.0,175.0,168.0
195.0,166.0,154.0,158.0,209.0
124.0,166.0,157.0,154.0,156.0
164.0,135.0,120.0,126.0,147.0
162.0,161.0,157.0,117.0,142.0
187.0,127.0,109.0,110.0,173.0
171.0,183.0,207.0,120.0,192.0
128.0,106.0,119.0,160.0,110.0
120.0,144.0,132.0,109.0,128.0
130.0,70.0,107.0,172.0,72.0
176.0,93.0,171.0,169.0,156.0
140.0,122.0,147.0,120.0,111.0
137.0,146.0,149.0,124.0,124.0
148.0,180.0,164.0,91.0,195.0
216.0,191.0,199.0,156.0,212.0
159.0,178.0,150.0,144.0,146.0
117.0,152.0,145.0,134.0,127.0
223.0,207.0,300.0,170.0,201.0
169.0,181.0,209.0,162.0,181.0
195.0,163.0,199.0,132.0,157.0
124.0,74.0,151.0,132.0,137.0
126.0,152.0,121.0,124.0,104.0
191.0,197.0,186.0,110.0,202.0
143.0,143.0,111.0,115.0,117.0
171.0,145.0,215.0,165.0,209.0
116.0,121.0,131.0,155.0,117.0
154.0,149.0,129.0,151.0,132.0
115.0,117.0,116.0,125.0,146.0
110.0,93.0,171.0,135.0,155.0
157.0,160.0,166.0,120.0,176.0
181.0,174.0,184.0,128.0,144.0
171.0,170.0,167.0,119.0,131.0
127.0,124.0,151.0,89.0,122.0
76.0,90.0,96.0,0.0,71.0
129.0,165.0,128.0,119.0,160.0
177.0,163.0,202.0,162.0,185.0
111.0,109.0,131.0,127.0,119.0
144.0,169.0,180.0,115.0,156.0
122.0,126.0,146.0,129.0,111.0
145.0,150.0,146.0,142.0,140.0
138.0,141.0,114.0,173.0,127.0
148.0,170.0,148.0,130.0,134.0
179.0,173.0,121.0,169.0,129.0
123.0,102.0,100.0,121.0,111.0
131.0,112.0,145.0,175.0,109.0
146.0,160.0,169.0,156.0,142.0
182.0,182.0,151.0,122.0,153.0
149.0,188.0,150.0,126.0,147.0
222.0,207.0,300.0,149.0,204.0
201.0,141.0,216.0,131.0,155.0
162.0,172.0,159.0,126.0,87.0
191.0,185.0,300.0,118.0,177.0
99.0,125.0,143.0,0.0,99.0
181.0,153.0,131.0,160.0,151.0
186.0,131.0,190.0,185.0,179.0
131.0,132.0,154.0,115.0,104.0
145.0,144.0,152.0,142.0,175.0
156.0,176.0,189.0,122.0,159.0
88.0,93.0,112.0,124.0,134.0
118.0,156.0,148.0,185.0,144.0
210.0,192.0,141.0,0.0,176.0
211.0,201.0,300.0,300.0,193.0
154.0,102.0,125.0,116.0,89.0
204.0,187.0,160.0,114.0,186.0
143.0,134.0,161.0,106.0,138.0
115.0,150.0,126.0,145.0,116.0
151.0,131.0,156.0,126.0,139.0
96.0,104.0,116.0,123.0,79.0
177.0,132.0,119.0,0.0,135.0
168.0,173.0,200.0,107.0,147.0
142.0,139.0,109.0,91.0,111.0
145.0,147.0,135.0,173.0,129.0
137.0,166.0,149.0,117.0,133.0
101.0,114.0,110.0,171.0,117.0
120.0,108.0,124.0,161.0,103.0
125.0,145.0,127.0,168.0,189.0
138.0,120.0,176.0,160.0,213.0
193.0,177.0,180.0,122.0,154.0
180.0,156.0,129.0,173.0,166.0
100.0,109.0,126.0,83.0,123.0
184.0,180.0,203.0,191.0,108.0
179.0,191.0,205.0,163.0,181.0
104.0,155.0,112.0,172.0,77.0
121.0,92.0,128.0,118.0,133.0
160.0,135.0,154.0,179.0,120.0
177.0,196.0,173.0,165.0,184.0
139.0,143.0,136.0,154.0,169.0
300.0,218.0,300.0,191.0,234.0
152.0,127.0,162.0,121.0,150.0
189.0,165.0,178.0,164.0,194.0
173.0,187.0,186.0,0.0,163.0
163.0,170.0,172.0,147.0,155.0
154.0,146.0,178.0,0.0,165.0
170.0,120.0,157.0,149.0,174.0
153.0,114.0,182.0,170.0,88.0
179.0,193.0,180.0,163.0,165.0
145.0,143.0,130.0,163.0,115.0
129.0,129.0,127.0,119.0,122.0
121.0,121.0,133.0,0.0,136.0
189.0,184.0,173.0,178.0,163.0
69.0,99.0,141.0,0.0,127.0
123.0,119.0,165.0,99.0,132.0
192.0,178.0,169.0,157.0,180.0
215.0,215.0,164.0,119.0,169.0
128.0,103.0,120.0,120.0,106.0
201.0,211.0,196.0,161.0,194.0
170.0,139.0,209.0,199.0,189.0
136.0,133.0,166.0,177.0,147.0
167.0,163.0,161.0,165.0,183.0
117.0,94.0,112.0,118.0,145.0
156.0,114.0,158.0,110.0,141.0
202.0,195.0,182.0,132.0,115.0
119.0,163.0,149.0,92.0,127.0
141.0,130.0,136.0,117.0,142.0
159.0,128.0,148.0,112.0,134.0
155.0,111.0,130.0,118.0,116.0
91.0,83.0,110.0,0.0,91.0
123.0,84.0,116.0,0.0,115.0
97.0,121.0,98.0,109.0,83.0
154.0,166.0,195.0,173.0,158.0
164.0,66.0,216.0,148.0,135.0
107.0,138.0,133.0,145.0,136.0
125.0,123.0,110.0,123.0,148.0
99.0,75.0,121.0,161.0,110.0
94.0,133.0,106.0,121.0,125.0
184.0,190.0,165.0,154.0,170.0
193.0,175.0,160.0,150.0,164.0
138.0,136.0,152.0,170.0,139.0
159.0,157.0,206.0,158.0,136.0
157.0,126.0,140.0,119.0,134.0
164.0,135.0,123.0,148.0,137.0
138.0,150.0,153.0,114.0,132.0
188.0,163.0,213.0,191.0,196.0
156.0,165.0,155.0,129.0,177.0
160.0,154.0,146.0,127.0,173.0
91.0,102.0,153.0,86.0,99.0
108.0,157.0,115.0,118.0,101.0
138.0,121.0,134.0,140.0,104.0
130.0,151.0,156.0,162.0,131.0
154.0,162.0,176.0,85.0,169.0
173.0,105.0,160.0,135.0,135.0
120.0,112.0,137.0,149.0,111.0
131.0,142.0,127.0,132.0,109.0
135.0,109.0,151.0,170.0,112.0
108.0,82.0,115.0,147.0,109.0
212.0,197.0,211.0,167.0,200.0
116.0,93.0,158.0,118.0,114.0
125.0,116.0,102.0,0.0,116.0
153.0,117.0,174.0,149.0,175.0
159.0,133.0,179.0,201.0,159.0
171.0,144.0,108.0,112.0,129.0
154.0,166.0,121.0,0.0,109.0
120.0,120.0,113.0,0.0,143.0
151.0,132.0,163.0,166.0,146.0
191.0,184.0,136.0,81.0,182.0
144.0,176.0,157.0,126.0,160.0
123.0,115.0,127.0,126.0,76.0
123.0,107.0,123.0,128.0,108.0
130.0,168.0,98.0,157.0,145.0
143.0,149.0,166.0,125.0,159.0
152.0,159.0,170.0,124.0,165.0
147.0,165.0,135.0,112.0,136.0
112.0,125.0,128.0,105.0,87.0
157.0,174.0,161.0,125.0,120.0
189.0,122.0,135.0,146.0,155.0
129.0,103.0,144.0,131.0,129.0
154.0,127.0,139.0,175.0,145.0
143.0,132.0,133.0,132.0,109.0
132.0,103.0,119.0,141.0,144.0
133.0,112.0,130.0,112.0,123.0
158.0,157.0,164.0,106.0,190.0
121.0,129.0,134.0,117.0,119.0
160.0,171.0,168.0,119.0,157.0
98.0,105.0,127.0,126.0,67.0
136.0,134.0,169.0,110.0,151.0
156.0,125.0,165.0,111.0,168.0
212.0,164.0,208.0,148.0,204.0
151.0,106.0,97.0,118.0,122.0
197.0,175.0,205.0,119.0,163.0
157.0,158.0,150.0,120.0,121.0
133.0,152.0,186.0,115.0,149.0
138.0,126.0,152.0,0.0,120.0
160.0,142.0,106.0,0.0,132.0
201.0,170.0,159.0,182.0,135.0
174.0,152.0,198.0,154.0,204.0
177.0,179.0,193.0,131.0,212.0
139.0,114.0,126.0,169.0,118.0
111.0,116.0,130.0,105.0,127.0
151.0,128.0,180.0,153.0,152.0
190.0,161.0,168.0,130.0,217.0
175.0,165.0,168.0,170.0,210.0
135.0,121.0,162.0,152.0,117.0
139.0,148.0,131.0,122.0,137.0
130.0,134.0,131.0,156.0,118.0
158.0,127.0,205.0,177.0,110.0
117.0,118.0,161.0,127.0,155.0
185.0,196.0,179.0,170.0,125.0
111.0,159.0,115.0,0.0,118.0
112.0,115.0,97.0,108.0,87.0
185.0,185.0,188.0,124.0,114.0
139.0,134.0,161.0,153.0,163.0
116.0,97.0,138.0,148.0,136.0
129.0,115.0,153.0,165.0,126.0
159.0,164.0,176.0,0.0,187.0
102.0,89.0,129.0,121.0,104.0
146.0,113.0,135.0,111.0,135.0
144.0,111.0,174.0,127.0,113.0
163.0,156.0,144.0,0.0,194.0
170.0,174.0,206.0,0.0,200.0
105.0,112.0,103.0,120.0,166.0
140.0,112.0,194.0,122.0,146.0
110.0,128.0,121.0,112.0,94.0
134.0,105.0,124.0,127.0,78.0
174.0,166.0,178.0,147.0,163.0
166.0,152.0,129.0,156.0,171.0
178.0,194.0,217.0,129.0,170.0
172.0,146.0,150.0,136.0,145.0
91.0,79.0,100.0,120.0,103.0
134.0,105.0,142.0,165.0,118.0
128.0,119.0,163.0,147.0,128.0
170.0,170.0,159.0,128.0,149.0
115.0,83.0,123.0,125.0,154.0
149.0,163.0,191.0,172.0,140.0
111.0,126.0,148.0,128.0,90.0
174.0,167.0,201.0,168.0,158.0
180.0,170.0,182.0,116.0,180.0
138.0,138.0,122.0,128.0,108.0
163.0,108.0,156.0,163.0,160.0
81.0,98.0,147.0,173.0,154.0
132.0,132.0,153.0,91.0,125.0
134.0,125.0,134.0,154.0,95.0
167.0,168.0,174.0,158.0,132.0
146.0,164.0,159.0,170.0,165.0
121.0,74.0,125.0,85.0,95.0
129.0,77.0,129.0,125.0,131.0
160.0,155.0,201.0,146.0,94.0
110.0,103.0,122.0,114.0,149.0
122.0,127.0,124.0,106.0,134.0
300.0,213.0,300.0,172.0,216.0
116.0,84.0,117.0,164.0,106.0
156.0,147.0,150.0,165.0,172.0
157.0,154.0,133.0,121.0,150.0
174.0,154.0,205.0,122.0,124.0
188.0,179.0,181.0,144.0,204.0
118.0,84.0,143.0,113.0,106.0
131.0,109.0,158.0,121.0,106.0
185.0,143.0,173.0,150.0,181.0
102.0,86.0,170.0,67.0,157.0
136.0,141.0,142.0,145.0,128.0
168.0,174.0,152.0,165.0,178.0
115.0,90.0,130.0,151.0,109.0
168.0,174.0,170.0,135.0,173.0
209.0,182.0,206.0,148.0,201.0
103.0,129.0,115.0,164.0,80.0
141.0,117.0,138.0,166.0,115.0
157.0,132.0,152.0,126.0,91.0
152.0,171.0,133.0,125.0,134.0
191.0,169.0,202.0,171.0,162.0
193.0,202.0,169.0,161.0,182.0
144.0,114.0,152.0,144.0,149.0
194.0,162.0,187.0,138.0,152.0
197.0,136.0,85.0,190.0,162.0
175.0,130.0,138.0,118.0,152.0
157.0,162.0,163.0,150.0,172.0
183.0,172.0,159.0,189.0,184.0
142.0,149.0,142.0,140.0,185.0
154.0,137.0,155.0,171.0,118.0
148.0,147.0,170.0,154.0,148.0
178.0,149.0,204.0,122.0,122.0
175.0,172.0,204.0,178.0,189.0
149.0,150.0,138.0,144.0,169.0
154.0,180.0,179.0,130.0,164.0
174.0,146.0,150.0,84.0,135.0
160.0,71.0,101.0,90.0,116.0
172.0,141.0,139.0,152.0,167.0
146.0,129.0,155.0,137.0,157.0
141.0,129.0,144.0,162.0,132.0
117.0,115.0,111.0,119.0,78.0
180.0,111.0,151.0,127.0,119.0
87.0,132.0,118.0,95.0,124.0
136.0,139.0,107.0,0.0,140.0
186.0,132.0,172.0,118.0,191.0
144.0,113.0,148.0,142.0,164.0
178.0,143.0,163.0,0.0,202.0
179.0,157.0,151.0,124.0,158.0
170.0,175.0,158.0,142.0,142.0
126.0,129.0,147.0,130.0,88.0
127.0,135.0,160.0,149.0,164.0
149.0,127.0,144.0,170.0,173.0
102.0,79.0,120.0,0.0,72.0
142.0,170.0,127.0,120.0,144.0
122.0,111.0,91.0,130.0,84.0
125.0,148.0,150.0,154.0,144.0
206.0,166.0,194.0,191.0,217.0
155.0,169.0,165.0,118.0,114.0
102.0,110.0,125.0,147.0,111.0
154.0,137.0,135.0,85.0,124.0
186.0,165.0,208.0,176.0,191.0
161.0,159.0,174.0,129.0,142.0
163.0,148.0,178.0,173.0,84.0
165.0,151.0,145.0,125.0,133.0
177.0,182.0,161.0,158.0,186.0
192.0,174.0,135.0,174.0,156.0
137.0,118.0,130.0,119.0,150.0
146.0,154.0,137.0,149.0,164.0
95.0,108.0,133.0,0.0,108.0
139.0,183.0,176.0,121.0,154.0
182.0,176.0,194.0,176.0,120.0
184.0,145.0,149.0,126.0,171.0
138.0,158.0,144.0,118.0,119.0
121.0,135.0,123.0,127.0,104.0
130.0,80.0,119.0,141.0,99.0
161.0,154.0,201.0,110.0,137.0
136.0,100.0,142.0,94.0,131.0
150.0,156.0,121.0,140.0,137.0
191.0,149.0,170.0,124.0,165.0
143.0,86.0,163.0,123.0,144.0
192.0,210.0,141.0,116.0,165.0
155.0,116.0,170.0,146.0,135.0
136.0,124.0,145.0,133.0,144.0
133.0,145.0,134.0,88.0,158.0
147.0,122.0,113.0,180.0,147.0
145.0,169.0,155.0,159.0,182.0
187.0,161.0,134.0,181.0,159.0
174.0,167.0,196.0,126.0,162.0
138.0,124.0,121.0,0.0,134.0
192.0,174.0,171.0,112.0,161.0
155.0,126.0,139.0,176.0,121.0
140.0,118.0,160.0,168.0,121.0
173.0,176.0,202.0,113.0,172.0
159.0,164.0,175.0,148.0,167.0
211.0,233.0,216.0,159.0,203.0
142.0,154.0,128.0,132.0,171.0
193.0,175.0,212.0,119.0,193.0
166.0,142.0,109.0,0.0,121.0
101.0,89.0,121.0,117.0,102.0
136.0,111.0,105.0,152.0,88.0
154.0,136.0,155.0,0.0,167.0
93.0,107.0,199.0,170.0,88.0
178.0,194.0,139.0,0.0,147.0
206.0,173.0,204.0,167.0,143.0
197.0,201.0,300.0,154.0,135.0
146.0,155.0,132.0,121.0,152.0
163.0,135.0,122.0,114.0,120.0
183.0,205.0,153.0,155.0,123.0
102.0,104.0,158.0,147.0,90.0
103.0,110.0,138.0,120.0,146.0
146.0,118.0,167.0,109.0,125.0
137.0,125.0,145.0,84.0,113.0
158.0,183.0,174.0,134.0,193.0
154.0,115.0,86.0,109.0,111.0
172.0,217.0,174.0,173.0,164.0
166.0,155.0,150.0,123.0,166.0
233.0,204.0,217.0,160.0,182.0
157.0,169.0,171.0,168.0,160.0
144.0,142.0,108.0,182.0,95.0
142.0,177.0,147.0,152.0,191.0
191.0,166.0,201.0,146.0,193.0
140.0,156.0,182.0,108.0,193.0
182.0,168.0,153.0,148.0,136.0
175.0,182.0,156.0,173.0,149.0
172.0,120.0,125.0,0.0,129.0
186.0,183.0,184.0,156.0,203.0
133.0,122.0,127.0,144.0,151.0
157.0,158.0,154.0,168.0,149.0
119.0,132.0,174.0,141.0,170.0
122.0,90.0,123.0,139.0,70.0
131.0,98.0,125.0,85.0,124.0
130.0,137.0,114.0,142.0,138.0
184.0,186.0,212.0,152.0,170.0
142.0,133.0,131.0,113.0,114.0
132.0,130.0,120.0,162.0,110.0
126.0,116.0,124.0,0.0,93.0
123.0,158.0,151.0,127.0,122.0
124.0,112.0,110.0,165.0,116.0
128.0,133.0,136.0,131.0,131.0
96.0,107.0,139.0,172.0,116.0
160.0,147.0,178.0,300.0,160.0
184.0,169.0,187.0,149.0,118.0
124.0,117.0,149.0,125.0,106.0
146.0,160.0,160.0,143.0,147.0
127.0,125.0,134.0,134.0,128.0
162.0,117.0,177.0,148.0,94.0
134.0,126.0,109.0,121.0,104.0
110.0,77.0,112.0,0.0,92.0
111.0,114.0,128.0,86.0,105.0
154.0,130.0,184.0,168.0,108.0
175.0,191.0,118.0,117.0,70.0
144.0,111.0,121.0,133.0,114.0
152.0,201.0,167.0,0.0,193.0
172.0,152.0,142.0,122.0,159.0
123.0,111.0,99.0,0.0,112.0
155.0,144.0,187.0,111.0,122.0
110.0,132.0,125.0,86.0,115.0
132.0,147.0,142.0,189.0,153.0
167.0,156.0,136.0,174.0,155.0
126.0,131.0,138.0,111.0,137.0
161.0,129.0,189.0,129.0,158.0
120.0,119.0,142.0,153.0,147.0
205.0,158.0,156.0,133.0,160.0
156.0,159.0,100.0,145.0,120.0
182.0,177.0,206.0,145.0,138.0
177.0,173.0,300.0,167.0,197.0
141.0,167.0,109.0,157.0,156.0
148.0,119.0,157.0,120.0,98.0
160.0,185.0,176.0,158.0,173.0
135.0,115.0,116.0,118.0,138.0
189.0,155.0,167.0,144.0,167.0
203.0,181.0,180.0,177.0,204.0
169.0,172.0,182.0,166.0,157.0
166.0,141.0,150.0,153.0,168.0
162.0,120.0,155.0,153.0,184.0
150.0,168.0,127.0,111.0,140.0
139.0,168.0,125.0,158.0,126.0
177.0,170.0,180.0,174.0,157.0
118.0,109.0,129.0,163.0,128.0
199.0,193.0,134.0,123.0,160.0
156.0,144.0,203.0,157.0,170.0
147.0,104.0,198.0,300.0,118.0
173.0,175.0,166.0,165.0,177.0
157.0,175.0,157.0,113.0,145.0
118.0,99.0,163.0,126.0,148.0
154.0,171.0,137.0,178.0,154.0
173.0,167.0,200.0,171.0,190.0
112.0,88.0,144.0,156.0,128.0
97.0,160.0,153.0,157.0,109.0
115.0,94.0,119.0,0.0,92.0
167.0,177.0,208.0,180.0,183.0
210.0,201.0,216.0,186.0,199.0
164.0,93.0,102.0,114.0,134.0
151.0,120.0,125.0,168.0,126.0
133.0,135.0,131.0,139.0,78.0
183.0,200.0,212.0,170.0,163.0
123.0,137.0,158.0,115.0,154.0
190.0,194.0,210.0,177.0,187.0
149.0,140.0,137.0,162.0,109.0
171.0,180.0,172.0,131.0,141.0
90.0,84.0,153.0,163.0,120.0
103.0,151.0,126.0,123.0,119.0
166.0,160.0,178.0,142.0,147.0
147.0,127.0,175.0,153.0,114.0
157.0,169.0,138.0,78.0,130.0
175.0,160.0,181.0,123.0,163.0
162.0,174.0,159.0,127.0,143.0
96.0,95.0,123.0,88.0,94.0
136.0,118.0,140.0,163.0,136.0
112.0,121.0,121.0,116.0,158.0
156.0,125.0,174.0,170.0,119.0
124.0,120.0,160.0,150.0,108.0
138.0,82.0,121.0,134.0,140.0
153.0,161.0,118.0,155.0,89.0
149.0,123.0,111.0,149.0,77.0
152.0,153.0,146.0,146.0,150.0
137.0,130.0,182.0,178.0,137.0
200.0,191.0,206.0,150.0,190.0
138.0,177.0,144.0,162.0,161.0
124.0,111.0,126.0,99.0,127.0
160.0,120.0,145.0,0.0,175.0
167.0,171.0,182.0,154.0,158.0
152.0,159.0,205.0,127.0,157.0
190.0,144.0,300.0,125.0,129.0
118.0,114.0,127.0,117.0,116.0
117.0,105.0,147.0,122.0,135.0
77.0,78.0,107.0,165.0,158.0
176.0,145.0,142.0,127.0,171.0
114.0,98.0,134.0,112.0,112.0
155.0,165.0,177.0,177.0,136.0
142.0,115.0,151.0,152.0,142.0
125.0,115.0,201.0,0.0,82.0
124.0,129.0,109.0,160.0,146.0
181.0,174.0,154.0,120.0,169.0
142.0,134.0,159.0,157.0,106.0
173.0,143.0,300.0,171.0,151.0
111.0,122.0,161.0,110.0,122.0
183.0,194.0,208.0,134.0,174.0
192.0,167.0,189.0,155.0,162.0
134.0,114.0,149.0,117.0,104.0
163.0,164.0,149.0,145.0,172.0
183.0,173.0,149.0,177.0,128.0
131.0,153.0,120.0,155.0,140.0
113.0,117.0,135.0,123.0,95.0
130.0,147.0,146.0,88.0,130.0
150.0,129.0,146.0,121.0,123.0
139.0,148.0,159.0,170.0,139.0
169.0,133.0,145.0,128.0,156.0
172.0,188.0,184.0,144.0,156.0
103.0,107.0,204.0,109.0,174.0
139.0,139.0,112.0,113.0,109.0
154.0,118.0,77.0,171.0,107.0
127.0,112.0,182.0,102.0,101.0
150.0,168.0,168.0,117.0,147.0
202.0,217.0,300.0,171.0,206.0
146.0,155.0,161.0,116.0,122.0
209.0,196.0,200.0,126.0,220.0
147.0,126.0,146.0,174.0,160.0
178.0,174.0,164.0,138.0,153.0
174.0,108.0,148.0,142.0,138.0
135.0,121.0,132.0,170.0,122.0
185.0,191.0,201.0,154.0,177.0
170.0,118.0,114.0,151.0,143.0
151.0,160.0,145.0,158.0,109.0
163.0,164.0,107.0,165.0,168.0
152.0,180.0,155.0,124.0,134.0
134.0,132.0,120.0,148.0,95.0
122.0,123.0,98.0,138.0,183.0
196.0,161.0,212.0,147.0,122.0
187.0,190.0,176.0,137.0,158.0
177.0,174.0,170.0,161.0,126.0
196.0,190.0,216.0,151.0,185.0
155.0,155.0,171.0,126.0,147.0
132.0,97.0,179.0,125.0,121.0
158.0,106.0,96.0,123.0,77.0
114.0,114.0,157.0,106.0,71.0
172.0,160.0,175.0,138.0,145.0
146.0,114.0,139.0,174.0,132.0
208.0,203.0,206.0,114.0,230.0
151.0,114.0,147.0,112.0,164.0
199.0,184.0,215.0,162.0,118.0
180.0,189.0,147.0,143.0,173.0
190.0,195.0,178.0,121.0,204.0
155.0,77.0,189.0,0.0,188.0
187.0,184.0,211.0,300.0,153.0
168.0,160.0,154.0,170.0,154.0
136.0,146.0,137.0,125.0,143.0
179.0,171.0,150.0,158.0,145.0
166.0,143.0,158.0,157.0,119.0
163.0,156.0,122.0,112.0,171.0
147.0,120.0,137.0,119.0,120.0
216.0,117.0,300.0,160.0,200.0
142.0,164.0,157.0,163.0,154.0
165.0,130.0,150.0,146.0,120.0
117.0,152.0,144.0,178.0,149.0
192.0,183.0,192.0,169.0,177.0
163.0,166.0,157.0,149.0,127.0
144.0,109.0,119.0,0.0,136.0
124.0,153.0,123.0,132.0,146.0
196.0,224.0,217.0,151.0,142.0
169.0,152.0,140.0,120.0,151.0
197.0,174.0,213.0,127.0,167.0
106.0,90.0,102.0,139.0,109.0
163.0,148.0,153.0,187.0,141.0
117.0,113.0,174.0,112.0,162.0
90.0,93.0,119.0,123.0,98.0
129.0,136.0,125.0,175.0,119.0
127.0,131.0,124.0,0.0,130.0
109.0,83.0,119.0,131.0,128.0
156.0,157.0,126.0,144.0,116.0
106.0,112.0,107.0,0.0,99.0
206.0,130.0,162.0,123.0,129.0
119.0,124.0,149.0,124.0,127.0
155.0,137.0,139.0,150.0,152.0
93.0,98.0,113.0,141.0,93.0
154.0,108.0,145.0,163.0,127.0
186.0,187.0,175.0,157.0,171.0
213.0,198.0,216.0,182.0,200.0
133.0,112.0,133.0,124.0,108.0
153.0,145.0,154.0,92.0,107.0
157.0,189.0,130.0,168.0,170.0
152.0,126.0,180.0,151.0,150.0
175.0,163.0,191.0,122.0,129.0
154.0,150.0,156.0,127.0,142.0
154.0,142.0,179.0,170.0,151.0
171.0,165.0,218.0,166.0,146.0
164.0,144.0,138.0,122.0,154.0
179.0,117.0,202.0,142.0,165.0
141.0,101.0,114.0,130.0,139.0
202.0,201.0,141.0,163.0,175.0
161.0,177.0,127.0,169.0,140.0
176.0,213.0,211.0,182.0,172.0
202.0,186.0,193.0,147.0,194.0
138.0,115.0,152.0,155.0,166.0
173.0,187.0,186.0,168.0,167.0
101.0,77.0,114.0,0.0,117.0
154.0,154.0,161.0,163.0,130.0
117.0,104.0,127.0,158.0,104.0
163.0,163.0,180.0,156.0,170.0
167.0,232.0,177.0,150.0,125.0
150.0,152.0,123.0,0.0,132.0
120.0,122.0,133.0,148.0,93.0
187.0,180.0,202.0,177.0,168.0
131.0,126.0,174.0,134.0,113.0
146.0,169.0,178.0,133.0,162.0
182.0,180.0,214.0,128.0,167.0
110.0,135.0,160.0,128.0,120.0
174.0,183.0,164.0,0.0,199.0
142.0,123.0,131.0,139.0,129.0
148.0,132.0,130.0,144.0,114.0
148.0,150.0,167.0,120.0,103.0
136.0,136.0,124.0,126.0,104.0
125.0,136.0,156.0,134.0,149.0
172.0,174.0,156.0,173.0,162.0
193.0,204.0,174.0,143.0,202.0
176.0,194.0,185.0,161.0,173.0
161.0,197.0,167.0,128.0,187.0
195.0,157.0,192.0,151.0,218.0
147.0,143.0,137.0,118.0,140.0
168.0,182.0,150.0,156.0,161.0
109.0,111.0,111.0,131.0,90.0
195.0,200.0,190.0,121.0,154.0
114.0,86.0,161.0,120.0,115.0
159.0,145.0,192.0,165.0,149.0
149.0,129.0,165.0,142.0,143.0
122.0,120.0,104.0,0.0,129.0
167.0,178.0,146.0,126.0,143.0
127.0,123.0,125.0,152.0,84.0
127.0,113.0,114.0,0.0,101.0
170.0,175.0,198.0,116.0,199.0
190.0,223.0,221.0,163.0,212.0
205.0,201.0,168.0,155.0,231.0
128.0,94.0,205.0,122.0,133.0
174.0,164.0,155.0,176.0,166.0
148.0,131.0,161.0,120.0,139.0
102.0,129.0,124.0,121.0,124.0
131.0,135.0,157.0,183.0,130.0
152.0,165.0,159.0,126.0,166.0
186.0,194.0,141.0,179.0,164.0
124.0,133.0,150.0,152.0,90.0
193.0,165.0,165.0,126.0,156.0
197.0,191.0,174.0,184.0,181.0
152.0,107.0,183.0,119.0,104.0
147.0,146.0,117.0,123.0,156.0
116.0,96.0,131.0,119.0,124.0
144.0,157.0,120.0,131.0,162.0
161.0,171.0,168.0,166.0,145.0
115.0,107.0,165.0,147.0,137.0
173.0,135.0,162.0,173.0,138.0
140.0,171.0,166.0,115.0,136.0
184.0,191.0,194.0,0.0,146.0
200.0,195.0,188.0,156.0,104.0
209.0,181.0,210.0,166.0,174.0
127.0,151.0,150.0,127.0,111.0
147.0,105.0,150.0,115.0,133.0
145.0,159.0,165.0,123.0,186.0
91.0,85.0,171.0,152.0,169.0
113.0,108.0,132.0,129.0,101.0
121.0,174.0,184.0,140.0,159.0
146.0,129.0,148.0,145.0,160.0
88.0,112.0,137.0,163.0,114.0
172.0,132.0,108.0,122.0,143.0
160.0,186.0,200.0,171.0,129.0
156.0,101.0,134.0,122.0,117.0
134.0,93.0,103.0,124.0,98.0
120.0,151.0,179.0,129.0,128.0
158.0,116.0,192.0,157.0,114.0
119.0,127.0,138.0,148.0,124.0
103.0,84.0,178.0,122.0,160.0
150.0,156.0,168.0,76.0,164.0
154.0,122.0,132.0,188.0,134.0
115.0,135.0,129.0,118.0,118.0
123.0,98.0,134.0,119.0,155.0
127.0,114.0,154.0,0.0,140.0
162.0,153.0,137.0,155.0,106.0
210.0,201.0,300.0,165.0,163.0
114.0,128.0,142.0,128.0,136.0
156.0,139.0,185.0,177.0,122.0
183.0,180.0,187.0,148.0,154.0
202.0,215.0,160.0,162.0,174.0
170.0,167.0,174.0,173.0,194.0
162.0,141.0,151.0,117.0,148.0
165.0,143.0,153.0,121.0,110.0
117.0,118.0,114.0,115.0,122.0
157.0,163.0,141.0,165.0,152.0
131.0,151.0,137.0,123.0,108.0
144.0,182.0,176.0,124.0,126.0
135.0,124.0,166.0,123.0,86.0
174.0,136.0,127.0,173.0,138.0
186.0,123.0,173.0,166.0,199.0
144.0,143.0,145.0,148.0,159.0
160.0,155.0,122.0,118.0,121.0
140.0,120.0,129.0,120.0,130.0
106.0,109.0,114.0,144.0,101.0
188.0,125.0,156.0,159.0,145.0
147.0,135.0,148.0,178.0,98.0
171.0,149.0,196.0,128.0,152.0
121.0,135.0,137.0,0.0,125.0
138.0,127.0,143.0,167.0,117.0
157.0,123.0,126.0,0.0,117.0
188.0,178.0,187.0,139.0,162.0
182.0,172.0,180.0,122.0,178.0
110.0,132.0,117.0,124.0,93.0
137.0,149.0,159.0,150.0,126.0
143.0,137.0,130.0,130.0,134.0
167.0,152.0,142.0,126.0,124.0
131.0,117.0,150.0,129.0,136.0
200.0,166.0,172.0,120.0,199.0
184.0,159.0,175.0,155.0,147.0
224.0,178.0,209.0,172.0,204.0
159.0,151.0,119.0,99.0,136.0
170.0,175.0,195.0,158.0,151.0
176.0,130.0,142.0,109.0,157.0
92.0,116.0,105.0,119.0,133.0
178.0,148.0,154.0,112.0,154.0
200.0,187.0,198.0,0.0,185.0
127.0,113.0,183.0,129.0,110.0
136.0,139.0,111.0,0.0,105.0
126.0,154.0,139.0,0.0,174.0
163.0,102.0,202.0,128.0,173.0
152.0,109.0,180.0,148.0,152.0
190.0,169.0,183.0,124.0,162.0
194.0,176.0,204.0,155.0,150.0
115.0,176.0,172.0,123.0,180.0
130.0,133.0,154.0,124.0,138.0
106.0,102.0,130.0,154.0,129.0
151.0,161.0,150.0,121.0,152.0
181.0,133.0,199.0,173.0,180.0
130.0,129.0,136.0,156.0,105.0
174.0,182.0,173.0,143.0,123.0
138.0,152.0,106.0,164.0,179.0
164.0,153.0,131.0,171.0,129.0
110.0,133.0,176.0,123.0,103.0
187.0,187.0,300.0,161.0,181.0
170.0,162.0,164.0,178.0,133.0
204.0,183.0,109.0,164.0,157.0
164.0,114.0,164.0,117.0,130.0
150.0,144.0,126.0,104.0,188.0
128.0,144.0,157.0,162.0,178.0
181.0,160.0,161.0,124.0,152.0
222.0,187.0,216.0,172.0,203.0
131.0,120.0,129.0,178.0,110.0
151.0,153.0,143.0,147.0,133.0
150.0,163.0,134.0,149.0,123.0
166.0,167.0,165.0,122.0,187.0
98.0,109.0,117.0,129.0,125.0
169.0,148.0,128.0,132.0,152.0
160.0,173.0,147.0,177.0,136.0
130.0,139.0,182.0,88.0,114.0
113.0,124.0,146.0,165.0,96.0
119.0,132.0,122.0,154.0,89.0
144.0,103.0,150.0,161.0,146.0
165.0,161.0,164.0,156.0,170.0
84.0,83.0,101.0,86.0,145.0
195.0,184.0,188.0,120.0,195.0
201.0,198.0,217.0,178.0,189.0
173.0,176.0,187.0,134.0,162.0
117.0,111.0,155.0,118.0,140.0
168.0,118.0,134.0,112.0,143.0
143.0,98.0,137.0,154.0,136.0
103.0,90.0,162.0,146.0,108.0
209.0,182.0,201.0,125.0,209.0
199.0,168.0,171.0,117.0,170.0
175.0,174.0,159.0,165.0,146.0
144.0,147.0,183.0,151.0,105.0
152.0,130.0,141.0,122.0,132.0
181.0,148.0,187.0,151.0,154.0
159.0,176.0,217.0,163.0,155.0
135.0,121.0,107.0,118.0,89.0
116.0,122.0,117.0,123.0,129.0
147.0,182.0,149.0,182.0,173.0
173.0,186.0,175.0,170.0,166.0
162.0,197.0,156.0,125.0,147.0
162.0,164.0,169.0,152.0,148.0
170.0,137.0,171.0,0.0,103.0
169.0,166.0,159.0,126.0,172.0
0.0,0.0,0.0,146.0,0.0
141.0,108.0,122.0,113.0,122.0
139.0,153.0,134.0,156.0,153.0
161.0,177.0,157.0,165.0,170.0
97.0,104.0,161.0,149.0,175.0
181.0,175.0,164.0,153.0,190.0
174.0,187.0,300.0,141.0,170.0
212.0,218.0,196.0,124.0,181.0
103.0,142.0,134.0,173.0,103.0
212.0,154.0,196.0,142.0,172.0
178.0,206.0,224.0,183.0,167.0
108.0,90.0,114.0,146.0,84.0
148.0,136.0,152.0,95.0,144.0
134.0,160.0,119.0,122.0,133.0
150.0,176.0,134.0,114.0,150.0
187.0,200.0,219.0,173.0,154.0
154.0,150.0,113.0,186.0,131.0
200.0,196.0,215.0,125.0,169.0
171.0,118.0,157.0,183.0,105.0
168.0,128.0,158.0,119.0,136.0
163.0,185.0,187.0,105.0,192.0
117.0,92.0,136.0,121.0,125.0
201.0,171.0,152.0,118.0,170.0
168.0,131.0,144.0,137.0,158.0
141.0,129.0,157.0,116.0,182.0
112.0,94.0,127.0,128.0,86.0
186.0,191.0,206.0,140.0,125.0
205.0,182.0,179.0,165.0,169.0
102.0,115.0,126.0,132.0,129.0
124.0,95.0,133.0,115.0,122.0
110.0,158.0,148.0,131.0,95.0
188.0,199.0,209.0,174.0,197.0
162.0,150.0,192.0,144.0,100.0
201.0,190.0,207.0,149.0,208.0
107.0,93.0,134.0,118.0,95.0
192.0,171.0,207.0,119.0,139.0
114.0,101.0,128.0,156.0,102.0
159.0,99.0,140.0,135.0,137.0
184.0,152.0,178.0,124.0,147.0
160.0,177.0,182.0,0.0,155.0
165.0,140.0,164.0,172.0,149.0
155.0,119.0,123.0,125.0,103.0
116.0,148.0,97.0,117.0,111.0
111.0,123.0,127.0,164.0,99.0
157.0,181.0,169.0,207.0,135.0
187.0,192.0,157.0,168.0,153.0
168.0,168.0,193.0,176.0,300.0
160.0,186.0,145.0,118.0,145.0
135.0,166.0,136.0,154.0,149.0
190.0,127.0,165.0,162.0,146.0
159.0,153.0,196.0,153.0,149.0
219.0,213.0,204.0,203.0,192.0
178.0,192.0,189.0,175.0,188.0
194.0,198.0,225.0,180.0,205.0
184.0,125.0,179.0,173.0,162.0
172.0,107.0,147.0,168.0,175.0
172.0,156.0,163.0,172.0,152.0
151.0,164.0,173.0,117.0,142.0
133.0,97.0,125.0,129.0,109.0
182.0,190.0,154.0,104.0,168.0
160.0,140.0,133.0,113.0,127.0
165.0,184.0,129.0,152.0,167.0
148.0,154.0,124.0,165.0,122.0
167.0,158.0,185.0,158.0,144.0
141.0,159.0,125.0,106.0,133.0
179.0,149.0,190.0,130.0,141.0
93.0,129.0,113.0,180.0,111.0
118.0,138.0,104.0,85.0,150.0
138.0,117.0,130.0,153.0,119.0
133.0,93.0,96.0,126.0,84.0
193.0,194.0,200.0,185.0,214.0
153.0,117.0,165.0,115.0,141.0
182.0,180.0,187.0,152.0,134.0
121.0,181.0,173.0,167.0,125.0
159.0,145.0,123.0,116.0,150.0
186.0,185.0,174.0,115.0,170.0
151.0,144.0,141.0,107.0,140.0
149.0,107.0,135.0,86.0,160.0
159.0,151.0,138.0,117.0,133.0
181.0,192.0,196.0,168.0,203.0
163.0,160.0,149.0,142.0,150.0
149.0,94.0,113.0,0.0,120.0
129.0,114.0,143.0,149.0,95.0
163.0,161.0,163.0,107.0,115.0
156.0,193.0,180.0,146.0,187.0
132.0,129.0,120.0,168.0,116.0
142.0,115.0,151.0,127.0,141.0
171.0,173.0,200.0,180.0,167.0
172.0,189.0,197.0,157.0,153.0
143.0,130.0,150.0,111.0,158.0
183.0,177.0,190.0,129.0,175.0
215.0,213.0,300.0,166.0,224.0
128.0,112.0,144.0,69.0,109.0
132.0,103.0,143.0,0.0,99.0
125.0,128.0,128.0,121.0,139.0
126.0,164.0,147.0,126.0,137.0
194.0,180.0,155.0,149.0,177.0
141.0,147.0,130.0,84.0,117.0
102.0,136.0,130.0,116.0,123.0
180.0,144.0,153.0,86.0,136.0
187.0,176.0,180.0,182.0,189.0
163.0,160.0,162.0,164.0,140.0
128.0,173.0,136.0,118.0,126.0
151.0,144.0,124.0,126.0,130.0
169.0,175.0,189.0,192.0,200.0
180.0,174.0,175.0,165.0,170.0
159.0,168.0,133.0,157.0,150.0
105.0,131.0,115.0,155.0,87.0
134.0,151.0,145.0,87.0,114.0
190.0,161.0,181.0,155.0,139.0
189.0,180.0,152.0,154.0,152.0
152.0,106.0,174.0,96.0,165.0
175.0,180.0,159.0,155.0,206.0
107.0,111.0,108.0,168.0,177.0
123.0,103.0,92.0,121.0,112.0
193.0,212.0,195.0,137.0,148.0
191.0,199.0,198.0,126.0,198.0
113.0,127.0,122.0,118.0,126.0
209.0,184.0,193.0,129.0,191.0
164.0,155.0,134.0,132.0,123.0
115.0,117.0,151.0,151.0,116.0
167.0,119.0,124.0,123.0,154.0
187.0,189.0,196.0,153.0,178.0
146.0,152.0,145.0,124.0,140.0
143.0,154.0,122.0,149.0,142.0
168.0,164.0,172.0,169.0,124.0
183.0,147.0,145.0,153.0,187.0
129.0,114.0,116.0,184.0,140.0
189.0,163.0,157.0,172.0,138.0
127.0,132.0,152.0,164.0,157.0
159.0,139.0,123.0,110.0,135.0
102.0,86.0,110.0,152.0,83.0
150.0,163.0,127.0,113.0,154.0
169.0,169.0,174.0,130.0,172.0
185.0,154.0,161.0,126.0,161.0
193.0,128.0,192.0,165.0,204.0
143.0,124.0,141.0,0.0,93.0
175.0,170.0,202.0,149.0,162.0
109.0,126.0,155.0,135.0,147.0
113.0,96.0,109.0,123.0,90.0
183.0,122.0,166.0,201.0,166.0
221.0,216.0,225.0,167.0,188.0
191.0,189.0,193.0,199.0,147.0
135.0,176.0,120.0,170.0,169.0
149.0,134.0,153.0,175.0,128.0
158.0,163.0,154.0,0.0,114.0
170.0,160.0,177.0,174.0,137.0
180.0,179.0,117.0,165.0,97.0
143.0,92.0,149.0,167.0,117.0
154.0,158.0,159.0,118.0,137.0
194.0,198.0,199.0,118.0,195.0
113.0,132.0,137.0,145.0,133.0
122.0,114.0,116.0,163.0,99.0
152.0,90.0,118.0,124.0,119.0
96.0,78.0,145.0,128.0,104.0
162.0,138.0,154.0,180.0,145.0
175.0,188.0,222.0,123.0,150.0
121.0,123.0,130.0,173.0,174.0
211.0,166.0,300.0,172.0,165.0
153.0,172.0,148.0,159.0,175.0
128.0,115.0,144.0,0.0,135.0
146.0,170.0,129.0,115.0,121.0
160.0,88.0,137.0,162.0,147.0
138.0,127.0,118.0,113.0,125.0
123.0,99.0,181.0,119.0,187.0
163.0,154.0,178.0,150.0,176.0
160.0,144.0,180.0,157.0,189.0
201.0,201.0,300.0,175.0,204.0
132.0,107.0,106.0,172.0,130.0
181.0,182.0,158.0,122.0,129.0
114.0,136.0,125.0,118.0,120.0
149.0,146.0,164.0,169.0,150.0
182.0,185.0,200.0,177.0,184.0
172.0,189.0,205.0,185.0,191.0
110.0,69.0,105.0,0.0,78.0
113.0,138.0,146.0,0.0,101.0
126.0,132.0,147.0,146.0,108.0
149.0,148.0,142.0,131.0,155.0
89.0,88.0,107.0,140.0,172.0
130.0,127.0,170.0,153.0,151.0
125.0,130.0,121.0,159.0,96.0
185.0,187.0,193.0,127.0,161.0
172.0,192.0,174.0,128.0,150.0
173.0,157.0,216.0,119.0,102.0
140.0,167.0,171.0,132.0,129.0
164.0,99.0,168.0,147.0,149.0
174.0,165.0,117.0,126.0,134.0
184.0,178.0,170.0,167.0,137.0
188.0,167.0,164.0,126.0,170.0
180.0,168.0,206.0,167.0,193.0
153.0,147.0,148.0,125.0,152.0
133.0,113.0,130.0,77.0,99.0
134.0,99.0,141.0,131.0,117.0
171.0,99.0,108.0,179.0,108.0
154.0,153.0,213.0,164.0,152.0
117.0,100.0,146.0,153.0,98.0
114.0,113.0,145.0,126.0,124.0
91.0,128.0,181.0,156.0,212.0
175.0,191.0,180.0,116.0,162.0
106.0,95.0,134.0,143.0,109.0
109.0,141.0,159.0,143.0,159.0
166.0,124.0,110.0,156.0,107.0
169.0,166.0,190.0,173.0,142.0
147.0,182.0,204.0,157.0,163.0
199.0,143.0,188.0,168.0,180.0
77.0,110.0,112.0,127.0,70.0
143.0,126.0,148.0,120.0,167.0
152.0,179.0,156.0,113.0,90.0
176.0,142.0,131.0,152.0,130.0
165.0,164.0,178.0,169.0,192.0
164.0,160.0,149.0,141.0,153.0
133.0,130.0,125.0,137.0,133.0
153.0,149.0,101.0,153.0,155.0
177.0,143.0,152.0,165.0,125.0
130.0,91.0,153.0,125.0,123.0
198.0,165.0,121.0,105.0,176.0
174.0,167.0,166.0,116.0,173.0
219.0,193.0,300.0,123.0,182.0
114.0,105.0,133.0,118.0,122.0
145.0,155.0,143.0,110.0,162.0
139.0,125.0,120.0,124.0,123.0
155.0,147.0,142.0,0.0,122.0
150.0,114.0,130.0,180.0,126.0
107.0,126.0,123.0,117.0,65.0
142.0,110.0,177.0,168.0,113.0
163.0,176.0,107.0,150.0,128.0
112.0,128.0,134.0,143.0,135.0
140.0,122.0,124.0,147.0,130.0
145.0,120.0,182.0,126.0,134.0
141.0,83.0,169.0,114.0,117.0
113.0,97.0,109.0,133.0,147.0
151.0,173.0,144.0,159.0,131.0
179.0,204.0,195.0,185.0,128.0
128.0,150.0,140.0,115.0,157.0
125.0,127.0,165.0,117.0,165.0
178.0,176.0,192.0,128.0,197.0
127.0,101.0,155.0,129.0,89.0
114.0,100.0,122.0,0.0,111.0
200.0,175.0,184.0,129.0,188.0
166.0,146.0,170.0,107.0,149.0
106.0,81.0,149.0,0.0,76.0
178.0,157.0,151.0,113.0,143.0
176.0,165.0,162.0,153.0,157.0
145.0,168.0,143.0,126.0,156.0
177.0,163.0,194.0,157.0,187.0
138.0,121.0,133.0,113.0,165.0
209.0,214.0,196.0,173.0,205.0
133.0,123.0,126.0,132.0,98.0
169.0,172.0,157.0,150.0,155.0
143.0,160.0,136.0,149.0,110.0
141.0,151.0,146.0,108.0,137.0
153.0,98.0,172.0,113.0,115.0
137.0,111.0,105.0,148.0,127.0
112.0,126.0,132.0,134.0,84.0
154.0,149.0,152.0,165.0,142.0
120.0,116.0,119.0,117.0,113.0
111.0,136.0,125.0,93.0,109.0
137.0,160.0,177.0,167.0,166.0
98.0,105.0,132.0,147.0,95.0
145.0,164.0,140.0,120.0,132.0
115.0,103.0,118.0,127.0,160.0
154.0,170.0,132.0,116.0,201.0
159.0,161.0,155.0,118.0,142.0
146.0,166.0,140.0,131.0,123.0
126.0,155.0,141.0,0.0,162.0
161.0,122.0,136.0,121.0,145.0
142.0,170.0,153.0,117.0,155.0
124.0,189.0,139.0,89.0,150.0
153.0,95.0,162.0,122.0,138.0
182.0,197.0,206.0,156.0,207.0
154.0,138.0,146.0,140.0,157.0
194.0,178.0,191.0,184.0,151.0
187.0,189.0,300.0,172.0,187.0
195.0,158.0,227.0,167.0,112.0
178.0,186.0,156.0,156.0,157.0
192.0,191.0,214.0,141.0,150.0
168.0,171.0,138.0,300.0,125.0
137.0,91.0,143.0,157.0,85.0
148.0,120.0,119.0,128.0,124.0
158.0,146.0,181.0,300.0,135.0
152.0,153.0,163.0,122.0,182.0
174.0,160.0,158.0,174.0,174.0
158.0,190.0,168.0,149.0,151.0
127.0,125.0,150.0,148.0,129.0
126.0,150.0,125.0,168.0,130.0
200.0,189.0,185.0,171.0,124.0
179.0,180.0,172.0,169.0,213.0
112.0,113.0,122.0,92.0,103.0
145.0,112.0,148.0,167.0,132.0
159.0,159.0,172.0,127.0,151.0
127.0,131.0,138.0,130.0,91.0
102.0,91.0,114.0,0.0,165.0
108.0,110.0,100.0,124.0,95.0
123.0,113.0,127.0,127.0,120.0
160.0,117.0,201.0,126.0,95.0
156.0,145.0,129.0,128.0,146.0
141.0,148.0,120.0,112.0,121.0
210.0,172.0,206.0,166.0,126.0
204.0,212.0,207.0,172.0,204.0
111.0,124.0,108.0,117.0,111.0
111.0,131.0,87.0,183.0,116.0
160.0,122.0,186.0,154.0,137.0
184.0,187.0,157.0,300.0,149.0
203.0,189.0,177.0,172.0,194.0
133.0,157.0,145.0,154.0,144.0
205.0,187.0,173.0,180.0,177.0
173.0,119.0,192.0,161.0,130.0
168.0,187.0,159.0,167.0,141.0
172.0,137.0,132.0,88.0,100.0
157.0,151.0,134.0,152.0,148.0
145.0,149.0,165.0,0.0,159.0
134.0,95.0,136.0,117.0,133.0
121.0,82.0,119.0,115.0,88.0
142.0,131.0,113.0,129.0,131.0
158.0,186.0,179.0,117.0,143.0
133.0,118.0,140.0,161.0,151.0
133.0,160.0,145.0,160.0,158.0
133.0,132.0,138.0,149.0,126.0
171.0,189.0,165.0,120.0,134.0
144.0,129.0,137.0,152.0,139.0
148.0,136.0,170.0,162.0,154.0
189.0,183.0,203.0,166.0,193.0
206.0,198.0,207.0,111.0,199.0
143.0,197.0,163.0,164.0,143.0
165.0,191.0,161.0,121.0,177.0
133.0,154.0,140.0,182.0,197.0
140.0,122.0,140.0,164.0,101.0
207.0,199.0,208.0,175.0,179.0
152.0,167.0,169.0,127.0,185.0
153.0,172.0,150.0,120.0,198.0
144.0,162.0,177.0,147.0,155.0
200.0,194.0,183.0,171.0,195.0
196.0,184.0,212.0,188.0,194.0
147.0,134.0,147.0,150.0,135.0
202.0,161.0,169.0,118.0,123.0
131.0,118.0,147.0,120.0,129.0
176.0,159.0,132.0,134.0,148.0
165.0,168.0,179.0,148.0,130.0
166.0,147.0,164.0,103.0,160.0
171.0,138.0,93.0,147.0,155.0
136.0,114.0,168.0,125.0,106.0
163.0,174.0,210.0,148.0,187.0
185.0,198.0,198.0,163.0,195.0
166.0,155.0,129.0,166.0,131.0
162.0,167.0,122.0,0.0,114.0
196.0,140.0,164.0,0.0,164.0
170.0,197.0,172.0,123.0,174.0
143.0,167.0,162.0,0.0,171.0
184.0,179.0,132.0,154.0,173.0
160.0,134.0,136.0,157.0,144.0
123.0,120.0,122.0,112.0,155.0
175.0,154.0,188.0,127.0,187.0
142.0,149.0,136.0,122.0,113.0
167.0,169.0,189.0,152.0,110.0
140.0,134.0,151.0,133.0,133.0
166.0,165.0,159.0,151.0,167.0
152.0,129.0,176.0,172.0,134.0
158.0,136.0,165.0,126.0,162.0
120.0,128.0,120.0,130.0,111.0
148.0,158.0,141.0,179.0,137.0
108.0,105.0,118.0,94.0,96.0
137.0,163.0,152.0,164.0,101.0
104.0,135.0,119.0,0.0,118.0
175.0,147.0,162.0,166.0,151.0
155.0,169.0,156.0,177.0,153.0
191.0,183.0,169.0,158.0,147.0
119.0,80.0,149.0,0.0,93.0
196.0,146.0,177.0,116.0,169.0
151.0,159.0,126.0,0.0,155.0
119.0,125.0,139.0,145.0,114.0
129.0,123.0,120.0,129.0,139.0
182.0,134.0,187.0,0.0,173.0
121.0,100.0,119.0,81.0,105.0
149.0,101.0,135.0,163.0,74.0
156.0,140.0,111.0,0.0,124.0
203.0,162.0,209.0,0.0,203.0
192.0,185.0,212.0,169.0,198.0
178.0,170.0,168.0,157.0,170.0
122.0,112.0,136.0,128.0,108.0
117.0,127.0,105.0,0.0,152.0
163.0,164.0,150.0,110.0,194.0
136.0,147.0,199.0,111.0,170.0
112.0,134.0,196.0,104.0,79.0
148.0,146.0,127.0,92.0,165.0
122.0,126.0,120.0,92.0,100.0
166.0,188.0,152.0,172.0,129.0
164.0,124.0,119.0,127.0,74.0
119.0,112.0,114.0,166.0,127.0
159.0,152.0,171.0,168.0,172.0
100.0,110.0,124.0,125.0,89.0
149.0,94.0,210.0,159.0,115.0
169.0,134.0,114.0,142.0,100.0
100.0,172.0,213.0,152.0,173.0
184.0,190.0,206.0,182.0,156.0
173.0,186.0,147.0,151.0,166.0
101.0,100.0,138.0,121.0,132.0
162.0,89.0,145.0,166.0,132.0
126.0,102.0,125.0,111.0,108.0
133.0,150.0,159.0,0.0,202.0
144.0,158.0,149.0,0.0,139.0
145.0,138.0,168.0,151.0,167.0
198.0,202.0,216.0,163.0,192.0
91.0,140.0,122.0,160.0,142.0
124.0,133.0,115.0,0.0,84.0
126.0,119.0,121.0,117.0,149.0
174.0,174.0,209.0,162.0,196.0
179.0,154.0,193.0,154.0,171.0
159.0,148.0,163.0,125.0,109.0
126.0,126.0,153.0,150.0,203.0
146.0,115.0,115.0,148.0,129.0
202.0,178.0,159.0,117.0,131.0
183.0,128.0,152.0,148.0,167.0
182.0,169.0,204.0,161.0,150.0
172.0,206.0,186.0,179.0,147.0
106.0,92.0,126.0,165.0,119.0
172.0,202.0,193.0,192.0,164.0
154.0,168.0,159.0,85.0,140.0
156.0,116.0,166.0,163.0,153.0
91.0,117.0,130.0,117.0,135.0
168.0,170.0,159.0,113.0,205.0
198.0,178.0,300.0,127.0,136.0
211.0,200.0,215.0,168.0,201.0
188.0,160.0,153.0,149.0,169.0
120.0,109.0,157.0,104.0,135.0
127.0,96.0,116.0,132.0,124.0
130.0,82.0,131.0,198.0,102.0
127.0,117.0,160.0,173.0,107.0
131.0,104.0,126.0,123.0,110.0
183.0,159.0,160.0,151.0,160.0
158.0,145.0,162.0,99.0,164.0
125.0,129.0,122.0,110.0,145.0
108.0,133.0,118.0,156.0,125.0
194.0,192.0,200.0,155.0,167.0
209.0,214.0,228.0,155.0,212.0
150.0,171.0,149.0,123.0,154.0
201.0,196.0,203.0,154.0,212.0
120.0,124.0,111.0,94.0,116.0
126.0,116.0,118.0,113.0,139.0
154.0,156.0,152.0,157.0,154.0
152.0,150.0,144.0,144.0,121.0
142.0,127.0,128.0,127.0,136.0
119.0,99.0,139.0,92.0,140.0
191.0,170.0,173.0,173.0,141.0
151.0,173.0,169.0,148.0,163.0
180.0,163.0,168.0,156.0,164.0
127.0,132.0,134.0,153.0,109.0
119.0,123.0,166.0,151.0,146.0
176.0,179.0,228.0,168.0,137.0
136.0,167.0,176.0,135.0,142.0
191.0,194.0,173.0,182.0,145.0
102.0,129.0,127.0,0.0,129.0
120.0,111.0,117.0,115.0,145.0
218.0,213.0,226.0,165.0,189.0
154.0,113.0,112.0,121.0,112.0
93.0,105.0,123.0,182.0,105.0
158.0,171.0,155.0,142.0,105.0
161.0,177.0,179.0,142.0,147.0
149.0,147.0,183.0,115.0,166.0
134.0,121.0,116.0,118.0,120.0
155.0,132.0,165.0,143.0,131.0
114.0,120.0,108.0,86.0,134.0
155.0,161.0,156.0,153.0,165.0
168.0,147.0,133.0,155.0,138.0
173.0,160.0,211.0,128.0,137.0
180.0,170.0,201.0,189.0,148.0
149.0,168.0,140.0,119.0,133.0
128.0,118.0,138.0,118.0,81.0
135.0,179.0,140.0,129.0,206.0
146.0,147.0,138.0,180.0,128.0
161.0,170.0,181.0,122.0,161.0
102.0,77.0,131.0,140.0,112.0
148.0,155.0,151.0,161.0,115.0
199.0,189.0,191.0,185.0,211.0
167.0,155.0,161.0,146.0,142.0
175.0,151.0,197.0,171.0,152.0
139.0,95.0,143.0,150.0,115.0
157.0,172.0,143.0,116.0,145.0
193.0,140.0,194.0,157.0,214.0
177.0,186.0,180.0,118.0,159.0
144.0,99.0,128.0,163.0,143.0
143.0,116.0,151.0,161.0,137.0
138.0,135.0,133.0,119.0,131.0
168.0,163.0,168.0,151.0,136.0
118.0,115.0,135.0,111.0,146.0
151.0,149.0,144.0,118.0,133.0
175.0,124.0,120.0,158.0,131.0
223.0,216.0,211.0,171.0,188.0
114.0,82.0,135.0,139.0,128.0
167.0,151.0,203.0,170.0,167.0
141.0,136.0,112.0,119.0,111.0
149.0,100.0,179.0,122.0,184.0
131.0,127.0,106.0,122.0,155.0
155.0,175.0,126.0,169.0,117.0
137.0,71.0,126.0,0.0,143.0
161.0,125.0,146.0,151.0,136.0
160.0,170.0,165.0,147.0,175.0
88.0,127.0,139.0,88.0,144.0
193.0,185.0,214.0,135.0,197.0
132.0,147.0,128.0,165.0,120.0
110.0,90.0,112.0,106.0,94.0
166.0,163.0,160.0,115.0,130.0
177.0,171.0,194.0,169.0,159.0
128.0,146.0,150.0,0.0,115.0
174.0,154.0,189.0,158.0,148.0
168.0,128.0,147.0,124.0,147.0
176.0,158.0,115.0,125.0,138.0
174.0,194.0,167.0,166.0,151.0
148.0,148.0,148.0,117.0,118.0
130.0,86.0,122.0,124.0,142.0
174.0,188.0,171.0,129.0,149.0
143.0,140.0,137.0,112.0,116.0
173.0,144.0,192.0,168.0,151.0
141.0,101.0,117.0,124.0,105.0
160.0,150.0,181.0,161.0,130.0
214.0,212.0,204.0,178.0,194.0
166.0,132.0,152.0,123.0,173.0
145.0,169.0,156.0,175.0,131.0
193.0,194.0,195.0,171.0,171.0
183.0,165.0,187.0,300.0,163.0
166.0,175.0,164.0,153.0,213.0
137.0,99.0,143.0,117.0,118.0
131.0,116.0,154.0,124.0,104.0
124.0,93.0,105.0,0.0,74.0
156.0,153.0,153.0,152.0,140.0
159.0,152.0,159.0,123.0,173.0
192.0,183.0,188.0,121.0,158.0
161.0,186.0,181.0,175.0,155.0
118.0,159.0,124.0,125.0,99.0
168.0,100.0,144.0,174.0,149.0
137.0,115.0,106.0,117.0,115.0
134.0,111.0,121.0,122.0,121.0
193.0,158.0,175.0,167.0,199.0
150.0,133.0,151.0,166.0,108.0
128.0,106.0,100.0,122.0,124.0
167.0,186.0,191.0,149.0,177.0
146.0,92.0,106.0,171.0,195.0
89.0,112.0,153.0,115.0,121.0
147.0,101.0,130.0,171.0,122.0
157.0,156.0,149.0,176.0,151.0
130.0,175.0,156.0,161.0,143.0
133.0,168.0,164.0,129.0,162.0
137.0,137.0,109.0,144.0,126.0
210.0,180.0,203.0,164.0,216.0
177.0,214.0,300.0,170.0,187.0
155.0,173.0,153.0,148.0,155.0
151.0,179.0,107.0,144.0,112.0
151.0,125.0,150.0,144.0,118.0
151.0,163.0,152.0,120.0,117.0
154.0,145.0,147.0,117.0,162.0
172.0,142.0,157.0,174.0,193.0
220.0,195.0,223.0,177.0,153.0
115.0,111.0,176.0,120.0,129.0
159.0,135.0,0.0,151.0,159.0
154.0,147.0,161.0,156.0,189.0
160.0,136.0,132.0,168.0,156.0
105.0,129.0,109.0,0.0,97.0
128.0,142.0,136.0,0.0,145.0
143.0,123.0,158.0,122.0,133.0
102.0,94.0,103.0,0.0,99.0
124.0,148.0,158.0,155.0,185.0
134.0,151.0,138.0,128.0,160.0
200.0,191.0,184.0,173.0,135.0
167.0,185.0,212.0,172.0,174.0
130.0,104.0,149.0,128.0,134.0
146.0,137.0,152.0,110.0,117.0
145.0,118.0,154.0,169.0,111.0
159.0,151.0,155.0,155.0,135.0
180.0,169.0,201.0,149.0,187.0
126.0,78.0,127.0,103.0,107.0
140.0,138.0,135.0,167.0,132.0
132.0,144.0,131.0,125.0,106.0
203.0,206.0,210.0,155.0,207.0
169.0,156.0,167.0,118.0,174.0
125.0,129.0,122.0,119.0,107.0
167.0,171.0,191.0,168.0,161.0
171.0,153.0,143.0,166.0,78.0
175.0,159.0,153.0,170.0,69.0
142.0,162.0,164.0,182.0,167.0
222.0,171.0,211.0,121.0,160.0
176.0,181.0,160.0,196.0,149.0
144.0,136.0,92.0,119.0,114.0
134.0,123.0,120.0,160.0,134.0
140.0,162.0,126.0,151.0,128.0
202.0,199.0,194.0,154.0,215.0
144.0,101.0,129.0,0.0,110.0
141.0,86.0,122.0,163.0,122.0
146.0,139.0,148.0,158.0,142.0
166.0,157.0,167.0,157.0,195.0
168.0,130.0,159.0,134.0,121.0
172.0,118.0,183.0,120.0,180.0
183.0,209.0,151.0,163.0,131.0
171.0,149.0,144.0,110.0,120.0
131.0,133.0,136.0,151.0,132.0
136.0,147.0,179.0,180.0,135.0
153.0,158.0,188.0,173.0,167.0
149.0,163.0,197.0,128.0,151.0
233.0,153.0,206.0,175.0,190.0
124.0,136.0,131.0,168.0,122.0
96.0,85.0,112.0,129.0,110.0
162.0,187.0,212.0,0.0,101.0
118.0,150.0,145.0,151.0,132.0
148.0,139.0,140.0,130.0,125.0
81.0,157.0,199.0,168.0,152.0
171.0,135.0,155.0,170.0,138.0
153.0,123.0,167.0,167.0,118.0
87.0,75.0,102.0,167.0,100.0
140.0,130.0,181.0,132.0,107.0
154.0,185.0,189.0,183.0,121.0
105.0,123.0,145.0,171.0,149.0
136.0,109.0,113.0,109.0,148.0
191.0,180.0,211.0,177.0,176.0
107.0,112.0,119.0,109.0,108.0
190.0,152.0,143.0,128.0,212.0
130.0,137.0,168.0,128.0,148.0
152.0,166.0,150.0,151.0,126.0
154.0,174.0,161.0,126.0,151.0
128.0,132.0,188.0,116.0,169.0
139.0,156.0,142.0,0.0,188.0
181.0,185.0,172.0,152.0,139.0
205.0,165.0,131.0,158.0,182.0
152.0,160.0,157.0,131.0,138.0
130.0,142.0,120.0,0.0,139.0
189.0,177.0,188.0,155.0,155.0
129.0,143.0,160.0,167.0,138.0
161.0,161.0,144.0,161.0,153.0
168.0,160.0,138.0,124.0,155.0
143.0,129.0,200.0,0.0,129.0
114.0,124.0,163.0,175.0,113.0
126.0,106.0,116.0,127.0,120.0
158.0,168.0,164.0,167.0,156.0
102.0,83.0,127.0,122.0,136.0
138.0,164.0,123.0,125.0,144.0
130.0,113.0,152.0,109.0,101.0
129.0,108.0,113.0,165.0,110.0
169.0,153.0,123.0,300.0,161.0
74.0,124.0,147.0,149.0,96.0
166.0,195.0,184.0,148.0,181.0
160.0,107.0,127.0,131.0,106.0
160.0,153.0,151.0,160.0,180.0
159.0,166.0,143.0,155.0,153.0
171.0,182.0,149.0,142.0,155.0
136.0,107.0,124.0,171.0,136.0
169.0,144.0,132.0,157.0,144.0
136.0,121.0,168.0,165.0,162.0
131.0,125.0,147.0,152.0,136.0
145.0,157.0,160.0,148.0,146.0
102.0,99.0,151.0,127.0,78.0
151.0,114.0,146.0,126.0,141.0
153.0,143.0,167.0,129.0,170.0
186.0,149.0,166.0,164.0,173.0
186.0,200.0,180.0,134.0,187.0
111.0,105.0,111.0,115.0,93.0
121.0,105.0,154.0,159.0,96.0
166.0,123.0,197.0,115.0,151.0
150.0,124.0,131.0,129.0,157.0
167.0,150.0,157.0,146.0,160.0
174.0,178.0,162.0,175.0,141.0
119.0,135.0,152.0,159.0,137.0
155.0,153.0,165.0,167.0,166.0
173.0,174.0,122.0,300.0,151.0
212.0,196.0,198.0,300.0,162.0
115.0,85.0,101.0,113.0,76.0
141.0,143.0,151.0,143.0,110.0
147.0,165.0,125.0,152.0,115.0
140.0,149.0,149.0,149.0,132.0
147.0,119.0,126.0,95.0,145.0
142.0,131.0,157.0,128.0,142.0
107.0,112.0,171.0,133.0,114.0
134.0,147.0,126.0,159.0,116.0
152.0,134.0,106.0,154.0,135.0
114.0,100.0,155.0,86.0,103.0
199.0,196.0,187.0,138.0,182.0
197.0,162.0,157.0,119.0,138.0
143.0,149.0,148.0,119.0,157.0
140.0,159.0,146.0,136.0,172.0
135.0,141.0,197.0,195.0,196.0
139.0,133.0,124.0,143.0,154.0
128.0,136.0,145.0,161.0,129.0
194.0,214.0,182.0,150.0,184.0
197.0,189.0,202.0,192.0,177.0
110.0,131.0,134.0,90.0,99.0
121.0,109.0,124.0,96.0,81.0
123.0,107.0,131.0,152.0,130.0
88.0,111.0,154.0,149.0,124.0
103.0,117.0,96.0,0.0,152.0
172.0,141.0,164.0,152.0,146.0
145.0,96.0,104.0,153.0,80.0
148.0,133.0,151.0,97.0,180.0
96.0,130.0,169.0,173.0,142.0
196.0,169.0,122.0,121.0,135.0
119.0,107.0,144.0,115.0,109.0
189.0,187.0,218.0,149.0,172.0
146.0,88.0,176.0,144.0,182.0
166.0,169.0,146.0,175.0,177.0
187.0,169.0,181.0,169.0,182.0
158.0,157.0,155.0,171.0,161.0
164.0,151.0,217.0,166.0,164.0
141.0,177.0,155.0,178.0,111.0
130.0,120.0,151.0,125.0,117.0
113.0,95.0,144.0,166.0,129.0
134.0,149.0,116.0,118.0,103.0
204.0,194.0,197.0,166.0,165.0
158.0,120.0,151.0,117.0,118.0
180.0,207.0,185.0,161.0,134.0
111.0,128.0,130.0,168.0,185.0
130.0,107.0,121.0,156.0,177.0
119.0,87.0,110.0,131.0,138.0
137.0,123.0,169.0,106.0,164.0
179.0,152.0,189.0,160.0,193.0
153.0,127.0,146.0,184.0,183.0
132.0,126.0,154.0,116.0,142.0
137.0,126.0,140.0,117.0,120.0
146.0,165.0,160.0,142.0,145.0
155.0,133.0,136.0,164.0,154.0
169.0,182.0,165.0,132.0,168.0
140.0,153.0,154.0,145.0,129.0
129.0,169.0,143.0,167.0,106.0
130.0,137.0,122.0,112.0,118.0
153.0,147.0,141.0,137.0,139.0
150.0,142.0,211.0,132.0,154.0
144.0,131.0,132.0,120.0,200.0
138.0,112.0,109.0,127.0,130.0
138.0,161.0,171.0,118.0,127.0
113.0,92.0,126.0,133.0,83.0
106.0,93.0,117.0,71.0,113.0
105.0,116.0,144.0,150.0,130.0
124.0,113.0,136.0,154.0,99.0
135.0,76.0,189.0,130.0,137.0
210.0,187.0,218.0,171.0,204.0
171.0,152.0,187.0,158.0,147.0
182.0,190.0,135.0,163.0,156.0
209.0,165.0,225.0,125.0,206.0
125.0,129.0,126.0,0.0,122.0
142.0,152.0,125.0,149.0,116.0
144.0,109.0,146.0,167.0,166.0
181.0,87.0,150.0,0.0,126.0
129.0,171.0,132.0,72.0,149.0
143.0,147.0,152.0,116.0,109.0
112.0,95.0,104.0,147.0,124.0
194.0,153.0,98.0,135.0,151.0
117.0,137.0,120.0,170.0,98.0
138.0,135.0,118.0,118.0,87.0
105.0,122.0,147.0,147.0,131.0
131.0,104.0,137.0,117.0,148.0
154.0,136.0,158.0,124.0,160.0
144.0,182.0,149.0,118.0,204.0
167.0,168.0,168.0,160.0,149.0
203.0,215.0,300.0,119.0,169.0
148.0,144.0,193.0,173.0,104.0
93.0,110.0,133.0,129.0,82.0
133.0,139.0,158.0,148.0,125.0
116.0,135.0,152.0,99.0,162.0
117.0,120.0,113.0,115.0,99.0
153.0,159.0,138.0,144.0,199.0
157.0,134.0,171.0,129.0,154.0
146.0,132.0,133.0,172.0,123.0
132.0,109.0,129.0,143.0,151.0
144.0,131.0,143.0,181.0,116.0
154.0,123.0,209.0,179.0,133.0
164.0,162.0,101.0,179.0,179.0
133.0,141.0,119.0,150.0,131.0
183.0,182.0,168.0,154.0,183.0
175.0,135.0,159.0,121.0,162.0
144.0,177.0,145.0,169.0,169.0
158.0,188.0,156.0,153.0,154.0
111.0,71.0,170.0,113.0,105.0
183.0,159.0,206.0,152.0,177.0
151.0,141.0,196.0,175.0,121.0
136.0,168.0,152.0,116.0,133.0
110.0,124.0,152.0,175.0,120.0
124.0,130.0,137.0,155.0,106.0
155.0,167.0,193.0,93.0,194.0
175.0,164.0,189.0,153.0,148.0
163.0,141.0,162.0,163.0,158.0
174.0,150.0,176.0,173.0,155.0
81.0,105.0,147.0,128.0,110.0
101.0,107.0,138.0,158.0,91.0
111.0,157.0,127.0,118.0,171.0
122.0,110.0,135.0,0.0,90.0
144.0,158.0,123.0,177.0,157.0
185.0,175.0,210.0,187.0,186.0
155.0,154.0,163.0,188.0,125.0
183.0,210.0,165.0,160.0,175.0
160.0,137.0,97.0,161.0,141.0
109.0,96.0,119.0,79.0,104.0
125.0,95.0,141.0,141.0,143.0
146.0,119.0,124.0,84.0,120.0
162.0,144.0,197.0,161.0,181.0
170.0,115.0,140.0,168.0,147.0
199.0,171.0,177.0,121.0,202.0
189.0,187.0,197.0,174.0,175.0
187.0,178.0,175.0,154.0,168.0
148.0,130.0,129.0,165.0,97.0
205.0,193.0,141.0,126.0,161.0
182.0,180.0,159.0,148.0,137.0
151.0,216.0,156.0,137.0,165.0
142.0,83.0,134.0,169.0,175.0
133.0,174.0,120.0,0.0,114.0
189.0,159.0,208.0,163.0,194.0
209.0,232.0,219.0,169.0,168.0
194.0,185.0,183.0,175.0,185.0
132.0,80.0,151.0,110.0,122.0
214.0,199.0,206.0,163.0,163.0
199.0,161.0,188.0,155.0,174.0
175.0,198.0,194.0,124.0,183.0
107.0,132.0,150.0,166.0,115.0
134.0,126.0,143.0,120.0,103.0
129.0,133.0,99.0,121.0,95.0
225.0,221.0,203.0,130.0,201.0
161.0,125.0,158.0,121.0,158.0
164.0,153.0,191.0,159.0,125.0
144.0,109.0,167.0,113.0,127.0
166.0,174.0,200.0,119.0,155.0
175.0,148.0,178.0,92.0,168.0
187.0,183.0,217.0,159.0,189.0
197.0,207.0,212.0,300.0,200.0
152.0,176.0,142.0,155.0,137.0
163.0,144.0,182.0,150.0,181.0
152.0,177.0,123.0,111.0,142.0
163.0,140.0,154.0,163.0,133.0
132.0,105.0,136.0,81.0,107.0
118.0,159.0,143.0,147.0,137.0
165.0,134.0,160.0,176.0,162.0
196.0,190.0,199.0,120.0,188.0
189.0,204.0,208.0,300.0,154.0
176.0,154.0,177.0,173.0,129.0
122.0,161.0,135.0,167.0,112.0
132.0,134.0,140.0,150.0,102.0
174.0,113.0,198.0,146.0,145.0
183.0,170.0,135.0,157.0,149.0
126.0,96.0,172.0,107.0,117.0
196.0,191.0,180.0,117.0,203.0
165.0,157.0,174.0,119.0,156.0
201.0,174.0,206.0,147.0,184.0
160.0,163.0,168.0,161.0,123.0
151.0,168.0,189.0,169.0,155.0
138.0,104.0,131.0,151.0,117.0
185.0,214.0,191.0,163.0,128.0
130.0,120.0,155.0,166.0,111.0
161.0,165.0,179.0,167.0,180.0
192.0,207.0,189.0,0.0,129.0
157.0,161.0,142.0,132.0,120.0
138.0,105.0,98.0,128.0,115.0
200.0,222.0,209.0,117.0,193.0
125.0,147.0,161.0,172.0,128.0
161.0,133.0,135.0,149.0,156.0
182.0,168.0,215.0,160.0,197.0
180.0,158.0,169.0,118.0,144.0
172.0,173.0,167.0,180.0,132.0
112.0,135.0,118.0,181.0,99.0
101.0,97.0,109.0,79.0,93.0
141.0,161.0,153.0,133.0,109.0
156.0,193.0,131.0,121.0,91.0
129.0,178.0,212.0,159.0,183.0
202.0,185.0,217.0,132.0,197.0
163.0,186.0,179.0,165.0,186.0
105.0,119.0,116.0,118.0,79.0
113.0,159.0,112.0,119.0,138.0
191.0,195.0,212.0,148.0,176.0
177.0,174.0,158.0,132.0,150.0
136.0,130.0,196.0,142.0,158.0
134.0,166.0,116.0,149.0,91.0
157.0,115.0,133.0,0.0,133.0
110.0,108.0,138.0,149.0,109.0
147.0,130.0,145.0,137.0,135.0
130.0,108.0,191.0,137.0,138.0
132.0,111.0,138.0,72.0,178.0
157.0,154.0,128.0,178.0,131.0
195.0,196.0,162.0,173.0,205.0
126.0,143.0,129.0,148.0,134.0
160.0,90.0,162.0,131.0,149.0
141.0,194.0,150.0,113.0,143.0
164.0,142.0,140.0,134.0,130.0
113.0,127.0,149.0,145.0,142.0
213.0,181.0,197.0,162.0,209.0
178.0,189.0,169.0,300.0,191.0
175.0,142.0,209.0,152.0,187.0
126.0,144.0,147.0,105.0,129.0
147.0,191.0,148.0,156.0,122.0
160.0,111.0,160.0,149.0,153.0
164.0,217.0,119.0,171.0,177.0
178.0,165.0,213.0,134.0,189.0
175.0,141.0,148.0,94.0,166.0
300.0,208.0,206.0,176.0,211.0
112.0,122.0,136.0,155.0,89.0
165.0,140.0,300.0,124.0,129.0
172.0,174.0,143.0,145.0,135.0
146.0,103.0,187.0,119.0,108.0
150.0,178.0,168.0,118.0,140.0
150.0,132.0,125.0,170.0,122.0
114.0,121.0,110.0,158.0,102.0
121.0,82.0,85.0,147.0,132.0
163.0,151.0,132.0,172.0,181.0
166.0,163.0,168.0,159.0,160.0
156.0,150.0,140.0,164.0,129.0
201.0,211.0,300.0,196.0,226.0
157.0,135.0,165.0,114.0,155.0
191.0,150.0,162.0,163.0,146.0
206.0,164.0,218.0,156.0,205.0
151.0,170.0,206.0,116.0,164.0
150.0,146.0,152.0,113.0,183.0
138.0,106.0,156.0,124.0,149.0
127.0,126.0,114.0,116.0,108.0
132.0,144.0,122.0,121.0,112.0
144.0,135.0,148.0,118.0,129.0
152.0,174.0,165.0,115.0,128.0
164.0,103.0,152.0,0.0,158.0
158.0,185.0,141.0,155.0,124.0
103.0,89.0,104.0,127.0,113.0
196.0,182.0,194.0,171.0,121.0
195.0,180.0,208.0,188.0,151.0
131.0,121.0,152.0,110.0,146.0
129.0,146.0,191.0,161.0,98.0
144.0,144.0,136.0,118.0,158.0
157.0,142.0,184.0,0.0,147.0
160.0,176.0,160.0,104.0,174.0
136.0,169.0,158.0,168.0,145.0
97.0,112.0,111.0,165.0,110.0
154.0,165.0,206.0,124.0,170.0
127.0,104.0,103.0,129.0,95.0
131.0,180.0,148.0,157.0,135.0
167.0,128.0,177.0,139.0,189.0
152.0,151.0,152.0,113.0,167.0
213.0,207.0,223.0,174.0,223.0
124.0,143.0,120.0,93.0,83.0
157.0,118.0,171.0,184.0,114.0
157.0,110.0,134.0,153.0,148.0
157.0,136.0,142.0,119.0,127.0
145.0,122.0,172.0,123.0,133.0
133.0,94.0,184.0,157.0,148.0
161.0,158.0,179.0,123.0,166.0
114.0,113.0,136.0,114.0,121.0
115.0,100.0,157.0,94.0,112.0
146.0,129.0,140.0,128.0,109.0
160.0,156.0,177.0,182.0,143.0
134.0,153.0,143.0,169.0,131.0
122.0,136.0,126.0,144.0,106.0
158.0,148.0,137.0,96.0,174.0
141.0,177.0,140.0,115.0,167.0
144.0,158.0,124.0,124.0,147.0
164.0,164.0,138.0,92.0,159.0
171.0,161.0,185.0,168.0,174.0
106.0,99.0,114.0,149.0,110.0
167.0,159.0,108.0,153.0,118.0
135.0,150.0,169.0,92.0,170.0
149.0,156.0,205.0,107.0,109.0
123.0,117.0,113.0,119.0,64.0
162.0,159.0,152.0,173.0,149.0
168.0,123.0,180.0,133.0,140.0
91.0,103.0,135.0,147.0,115.0
172.0,179.0,184.0,124.0,189.0
175.0,174.0,141.0,136.0,94.0
167.0,188.0,200.0,152.0,230.0
154.0,146.0,158.0,132.0,185.0
151.0,166.0,172.0,167.0,188.0
131.0,125.0,157.0,146.0,124.0
163.0,182.0,173.0,176.0,116.0
120.0,98.0,123.0,177.0,121.0
107.0,124.0,121.0,115.0,110.0
113.0,117.0,165.0,171.0,137.0
180.0,84.0,171.0,141.0,64.0
120.0,119.0,142.0,120.0,158.0
88.0,137.0,129.0,158.0,97.0
142.0,112.0,127.0,118.0,109.0
152.0,155.0,152.0,137.0,151.0
180.0,164.0,195.0,168.0,166.0
131.0,147.0,152.0,169.0,138.0
165.0,181.0,156.0,165.0,141.0
129.0,175.0,132.0,114.0,148.0
161.0,122.0,127.0,151.0,143.0
208.0,205.0,187.0,172.0,151.0
137.0,121.0,107.0,102.0,89.0
88.0,89.0,136.0,117.0,125.0
169.0,165.0,168.0,165.0,131.0
179.0,158.0,155.0,161.0,118.0
149.0,130.0,150.0,150.0,137.0
156.0,133.0,155.0,165.0,154.0
202.0,189.0,210.0,134.0,170.0
124.0,143.0,143.0,151.0,167.0
161.0,131.0,170.0,168.0,102.0
167.0,142.0,207.0,124.0,162.0
180.0,162.0,199.0,169.0,204.0
108.0,138.0,157.0,116.0,59.0
159.0,164.0,194.0,171.0,193.0
170.0,138.0,140.0,174.0,141.0
161.0,152.0,150.0,111.0,161.0
183.0,175.0,165.0,116.0,155.0
175.0,159.0,225.0,120.0,181.0
147.0,143.0,151.0,144.0,113.0
197.0,209.0,205.0,179.0,178.0
96.0,136.0,116.0,126.0,164.0
149.0,142.0,103.0,118.0,145.0
102.0,106.0,115.0,132.0,81.0
175.0,159.0,165.0,160.0,181.0
138.0,144.0,155.0,122.0,167.0
143.0,121.0,138.0,0.0,184.0
167.0,158.0,160.0,172.0,134.0
113.0,93.0,109.0,95.0,79.0
157.0,154.0,156.0,144.0,187.0
166.0,160.0,154.0,119.0,152.0
154.0,149.0,119.0,148.0,139.0
197.0,199.0,225.0,154.0,180.0
179.0,173.0,159.0,150.0,208.0
104.0,120.0,134.0,130.0,113.0
189.0,177.0,198.0,130.0,158.0
82.0,86.0,199.0,145.0,129.0
176.0,193.0,189.0,156.0,157.0
157.0,132.0,149.0,117.0,177.0
150.0,137.0,138.0,175.0,125.0
162.0,134.0,127.0,120.0,143.0
162.0,151.0,131.0,158.0,172.0
79.0,97.0,159.0,0.0,113.0
170.0,162.0,125.0,176.0,170.0
184.0,180.0,150.0,153.0,180.0
183.0,170.0,210.0,170.0,185.0
137.0,113.0,125.0,181.0,117.0
136.0,114.0,135.0,177.0,135.0
109.0,145.0,153.0,157.0,125.0
139.0,90.0,144.0,179.0,180.0
121.0,129.0,120.0,74.0,101.0
140.0,151.0,126.0,152.0,120.0
187.0,216.0,218.0,135.0,194.0
199.0,182.0,173.0,163.0,197.0
133.0,149.0,118.0,132.0,111.0
121.0,116.0,131.0,168.0,148.0
129.0,133.0,118.0,168.0,134.0
136.0,117.0,116.0,126.0,138.0
149.0,157.0,146.0,126.0,174.0
140.0,131.0,155.0,0.0,107.0
199.0,174.0,159.0,168.0,165.0
174.0,226.0,188.0,144.0,178.0
169.0,150.0,177.0,152.0,144.0
118.0,122.0,157.0,133.0,134.0
192.0,145.0,205.0,145.0,148.0
148.0,136.0,144.0,119.0,161.0
135.0,155.0,149.0,176.0,98.0
139.0,116.0,169.0,172.0,166.0
147.0,176.0,145.0,123.0,161.0
193.0,182.0,172.0,144.0,156.0
187.0,169.0,163.0,174.0,138.0
152.0,129.0,108.0,133.0,117.0
131.0,160.0,156.0,0.0,96.0
112.0,142.0,156.0,300.0,174.0
152.0,174.0,149.0,116.0,156.0
161.0,169.0,165.0,80.0,132.0
108.0,98.0,138.0,159.0,134.0
185.0,194.0,191.0,170.0,180.0
169.0,170.0,172.0,123.0,148.0
127.0,118.0,136.0,165.0,157.0
134.0,132.0,154.0,0.0,114.0
191.0,208.0,179.0,173.0,142.0
117.0,106.0,146.0,110.0,163.0
132.0,166.0,110.0,120.0,103.0
156.0,139.0,165.0,144.0,158.0
204.0,167.0,161.0,125.0,159.0
169.0,159.0,189.0,151.0,115.0
113.0,91.0,139.0,146.0,118.0
154.0,170.0,200.0,127.0,207.0
143.0,132.0,138.0,148.0,135.0
129.0,88.0,84.0,167.0,123.0
109.0,90.0,170.0,203.0,72.0
191.0,178.0,175.0,168.0,178.0
178.0,128.0,166.0,154.0,172.0
161.0,123.0,143.0,123.0,179.0
159.0,144.0,191.0,169.0,134.0
125.0,118.0,128.0,98.0,114.0
161.0,172.0,156.0,167.0,116.0
148.0,121.0,182.0,145.0,200.0
123.0,113.0,114.0,123.0,83.0
163.0,119.0,160.0,0.0,143.0
143.0,157.0,156.0,145.0,103.0
148.0,178.0,162.0,300.0,150.0
166.0,149.0,153.0,154.0,177.0
165.0,171.0,142.0,156.0,149.0
118.0,96.0,126.0,178.0,105.0
173.0,198.0,162.0,169.0,192.0
207.0,168.0,150.0,174.0,159.0
176.0,152.0,199.0,127.0,141.0
123.0,136.0,165.0,147.0,121.0
139.0,168.0,172.0,145.0,164.0
166.0,200.0,170.0,0.0,155.0
160.0,149.0,174.0,116.0,145.0
142.0,156.0,140.0,151.0,148.0
179.0,102.0,139.0,125.0,133.0
201.0,161.0,154.0,133.0,187.0
130.0,111.0,169.0,152.0,162.0
214.0,189.0,229.0,127.0,212.0
226.0,206.0,195.0,201.0,200.0
